,US,United Kingdom,Italy,Spain,France,Brazil,Belgium,Germany,Iran,Netherlands,Canada,China,Turkey,Mexico,Sweden,India,Ecuador,Russia,Peru,Switzerland,Ireland,Portugal,Indonesia,Romania,Poland,Philippines,Pakistan,Japan,Austria,Denmark,Egypt,Algeria,Colombia,Hungary,Ukraine,Dominican Republic,Chile,Argentina,Czechia,Finland,Israel,"Korea, South",Saudi Arabia,Panama,Bangladesh,Norway,Serbia,South Africa,United Arab Emirates,Morocco,Moldova,Greece,Nigeria,Belarus,Cameroon,Afghanistan,Bolivia,Honduras,Bosnia and Herzegovina,Iraq,Malaysia,Slovenia,Luxembourg,Australia,Bulgaria,Croatia,North Macedonia,Cuba,Sudan,Kuwait,Estonia,Thailand,Somalia,Burkina Faso,Lithuania,Andorra,Armenia,Niger,Tunisia,Congo (Kinshasa),San Marino,Mali,Kenya,Kazakhstan,Azerbaijan,Chad,Albania,Kosovo,Lebanon,Slovakia,Guatemala,Ghana,Tanzania,New Zealand,Cote d'Ivoire,Singapore,Liberia,Uruguay,Sierra Leone,Senegal,El Salvador,Latvia,Oman,Cyprus,Haiti,Qatar,Diamond Princess,Kyrgyzstan,Bahamas,Togo,Congo (Brazzaville),Georgia,Guinea,Iceland,Venezuela,Guyana,Mauritius,Paraguay,Uzbekistan,Sri Lanka,Montenegro,Jordan,Gabon,Jamaica,Bahrain,Trinidad and Tobago,Taiwan*,Barbados,Zambia,Costa Rica,Burma,Ethiopia,Nicaragua,Malta,Monaco,Zimbabwe,Equatorial Guinea,Antigua and Barbuda,Syria,Guinea-Bissau,Libya,Maldives,Djibouti,Cabo Verde,West Bank and Gaza,Belize,Eswatini,Angola,Benin,MS Zaandam,Suriname,Brunei,Burundi,Liechtenstein,Gambia,Botswana,Mauritania,Seychelles,Saint Martin,Saint Vincent and the Grenadines,Bhutan,The Gambia,South Korea,St. Martin,"Bahamas, The",Taipei and environs,Taiwan,The Bahamas,Saint Kitts and Nevis,Timor-Leste,Aruba,UK,Uganda,Vatican City,Viet Nam,Vietnam,Saint Lucia,Fiji,Saint Barthelemy,Eritrea,Macao SAR,Cruise Ship,Laos,Curacao,Jersey,Ivory Coast,Czech Republic,Dominica,Iran (Islamic Republic of),East Timor,Hong Kong SAR,Madagascar,Hong Kong,Holy See,Guernsey,Guam,Guadeloupe,Grenada,Greenland,Gibraltar,"Gambia, The",French Guiana,Macau,Mainland China,Rwanda,Cape Verde,Russian Federation,Reunion,Republic of the Congo,Republic of Moldova,Republic of Korea,Republic of Ireland,Puerto Rico,Papua New Guinea,Cambodia,Palestine,Others,Martinique,Cayman Islands,Central African Republic,North Ireland,Faroe Islands,Channel Islands,Nepal,Namibia,Mozambique,Mongolia,Mayotte,occupied Palestinian territory
2020-01-22,0,0,0,0,0,0,0,0,0,0,0,0,0,0,0,0,0,0,0,0,0,0,0,0,0,0,0,0,0,0,0,0,0,0,0,0,0,0,0,0,0,0,0,0,0,0,0,0,0,0,0,0,0,0,0,0,0,0,0,0,0,0,0,0,0,0,0,0,0,0,0,0,0,0,0,0,0,0,0,0,0,0,0,0,0,0,0,0,0,0,0,0,0,0,0,0,0,0,0,0,0,0,0,0,0,0,0,0,0,0,0,0,0,0,0,0,0,0,0,0,0,0,0,0,0,0,0,0,0,0,0,0,0,0,0,0,0,0,0,0,0,0,0,0,0,0,0,0,0,0,0,0,0,0,0,0,0,0,0,0,0,0,0,0,0,0,0,0,0,0,0,0,0,0,0,0,0,0,0,0,0,0,0,0,0,0,0,0,0,0,0,0,0,0,0,0,0,0,0,0,0,0,0,17.0,0,0,0,0,0,0,0,0,0,0,0,0,0,0,0,0,0,0,0,0,0,0,0,0,0
2020-01-23,0,0,0,0,0,0,0,0,0,0,0,0,0,0,0,0,0,0,0,0,0,0,0,0,0,0,0,0,0,0,0,0,0,0,0,0,0,0,0,0,0,0,0,0,0,0,0,0,0,0,0,0,0,0,0,0,0,0,0,0,0,0,0,0,0,0,0,0,0,0,0,0,0,0,0,0,0,0,0,0,0,0,0,0,0,0,0,0,0,0,0,0,0,0,0,0,0,0,0,0,0,0,0,0,0,0,0,0,0,0,0,0,0,0,0,0,0,0,0,0,0,0,0,0,0,0,0,0,0,0,0,0,0,0,0,0,0,0,0,0,0,0,0,0,0,0,0,0,0,0,0,0,0,0,0,0,0,0,0,0,0,0,0,0,0,0,0,0,0,0,0,0,0,0,0,0,0,0,0,0,0,0,0,0,0,0,0,0,0,0,0,0,0,0,0,0,0,0,0,0,0,0,0,18.0,0,0,0,0,0,0,0,0,0,0,0,0,0,0,0,0,0,0,0,0,0,0,0,0,0
2020-01-24,0,0,0,0,0,0,0,0,0,0,0,0,0,0,0,0,0,0,0,0,0,0,0,0,0,0,0,0,0,0,0,0,0,0,0,0,0,0,0,0,0,0,0,0,0,0,0,0,0,0,0,0,0,0,0,0,0,0,0,0,0,0,0,0,0,0,0,0,0,0,0,0,0,0,0,0,0,0,0,0,0,0,0,0,0,0,0,0,0,0,0,0,0,0,0,0,0,0,0,0,0,0,0,0,0,0,0,0,0,0,0,0,0,0,0,0,0,0,0,0,0,0,0,0,0,0,0,0,0,0,0,0,0,0,0,0,0,0,0,0,0,0,0,0,0,0,0,0,0,0,0,0,0,0,0,0,0,0,0,0,0,0,0,0,0,0,0,0,0,0,0,0,0,0,0,0,0,0,0,0,0,0,0,0,0,0,0,0,0,0,0,0,0,0,0,0,0,0,0,0,0,0,0,26.0,0,0,0,0,0,0,0,0,0,0,0,0,0,0,0,0,0,0,0,0,0,0,0,0,0
2020-01-25,0,0,0,0,0,0,0,0,0,0,0,0,0,0,0,0,0,0,0,0,0,0,0,0,0,0,0,0,0,0,0,0,0,0,0,0,0,0,0,0,0,0,0,0,0,0,0,0,0,0,0,0,0,0,0,0,0,0,0,0,0,0,0,0,0,0,0,0,0,0,0,0,0,0,0,0,0,0,0,0,0,0,0,0,0,0,0,0,0,0,0,0,0,0,0,0,0,0,0,0,0,0,0,0,0,0,0,0,0,0,0,0,0,0,0,0,0,0,0,0,0,0,0,0,0,0,0,0,0,0,0,0,0,0,0,0,0,0,0,0,0,0,0,0,0,0,0,0,0,0,0,0,0,0,0,0,0,0,0,0,0,0,0,0,0,0,0,0,0,0,0,0,0,0,0,0,0,0,0,0,0,0,0,0,0,0,0,0,0,0,0,0,0,0,0,0,0,0,0,0,0,0,0,42.0,0,0,0,0,0,0,0,0,0,0,0,0,0,0,0,0,0,0,0,0,0,0,0,0,0
2020-01-26,0,0,0,0,0,0,0,0,0,0,0,0,0,0,0,0,0,0,0,0,0,0,0,0,0,0,0,0,0,0,0,0,0,0,0,0,0,0,0,0,0,0,0,0,0,0,0,0,0,0,0,0,0,0,0,0,0,0,0,0,0,0,0,0,0,0,0,0,0,0,0,0,0,0,0,0,0,0,0,0,0,0,0,0,0,0,0,0,0,0,0,0,0,0,0,0,0,0,0,0,0,0,0,0,0,0,0,0,0,0,0,0,0,0,0,0,0,0,0,0,0,0,0,0,0,0,0,0,0,0,0,0,0,0,0,0,0,0,0,0,0,0,0,0,0,0,0,0,0,0,0,0,0,0,0,0,0,0,0,0,0,0,0,0,0,0,0,0,0,0,0,0,0,0,0,0,0,0,0,0,0,0,0,0,0,0,0,0,0,0,0,0,0,0,0,0,0,0,0,0,0,0,0,56.0,0,0,0,0,0,0,0,0,0,0,0,0,0,0,0,0,0,0,0,0,0,0,0,0,0
2020-01-27,0,0,0,0,0,0,0,0,0,0,0,0,0,0,0,0,0,0,0,0,0,0,0,0,0,0,0,0,0,0,0,0,0,0,0,0,0,0,0,0,0,0,0,0,0,0,0,0,0,0,0,0,0,0,0,0,0,0,0,0,0,0,0,0,0,0,0,0,0,0,0,0,0,0,0,0,0,0,0,0,0,0,0,0,0,0,0,0,0,0,0,0,0,0,0,0,0,0,0,0,0,0,0,0,0,0,0,0,0,0,0,0,0,0,0,0,0,0,0,0,0,0,0,0,0,0,0,0,0,0,0,0,0,0,0,0,0,0,0,0,0,0,0,0,0,0,0,0,0,0,0,0,0,0,0,0,0,0,0,0,0,0,0,0,0,0,0,0,0,0,0,0,0,0,0,0,0,0,0,0,0,0,0,0,0,0,0,0,0,0,0,0,0,0,0,0,0,0,0,0,0,0,0,82.0,0,0,0,0,0,0,0,0,0,0,0,0,0,0,0,0,0,0,0,0,0,0,0,0,0
2020-01-28,0,0,0,0,0,0,0,0,0,0,0,0,0,0,0,0,0,0,0,0,0,0,0,0,0,0,0,0,0,0,0,0,0,0,0,0,0,0,0,0,0,0,0,0,0,0,0,0,0,0,0,0,0,0,0,0,0,0,0,0,0,0,0,0,0,0,0,0,0,0,0,0,0,0,0,0,0,0,0,0,0,0,0,0,0,0,0,0,0,0,0,0,0,0,0,0,0,0,0,0,0,0,0,0,0,0,0,0,0,0,0,0,0,0,0,0,0,0,0,0,0,0,0,0,0,0,0,0,0,0,0,0,0,0,0,0,0,0,0,0,0,0,0,0,0,0,0,0,0,0,0,0,0,0,0,0,0,0,0,0,0,0,0,0,0,0,0,0,0,0,0,0,0,0,0,0,0,0,0,0,0,0,0,0,0,0,0,0,0,0,0,0,0,0,0,0,0,0,0,0,0,0,0,131.0,0,0,0,0,0,0,0,0,0,0,0,0,0,0,0,0,0,0,0,0,0,0,0,0,0
2020-01-29,0,0,0,0,0,0,0,0,0,0,0,0,0,0,0,0,0,0,0,0,0,0,0,0,0,0,0,0,0,0,0,0,0,0,0,0,0,0,0,0,0,0,0,0,0,0,0,0,0,0,0,0,0,0,0,0,0,0,0,0,0,0,0,0,0,0,0,0,0,0,0,0,0,0,0,0,0,0,0,0,0,0,0,0,0,0,0,0,0,0,0,0,0,0,0,0,0,0,0,0,0,0,0,0,0,0,0,0,0,0,0,0,0,0,0,0,0,0,0,0,0,0,0,0,0,0,0,0,0,0,0,0,0,0,0,0,0,0,0,0,0,0,0,0,0,0,0,0,0,0,0,0,0,0,0,0,0,0,0,0,0,0,0,0,0,0,0,0,0,0,0,0,0,0,0,0,0,0,0,0,0,0,0,0,0,0,0,0,0,0,0,0,0,0,0,0,0,0,0,0,0,0,0,133.0,0,0,0,0,0,0,0,0,0,0,0,0,0,0,0,0,0,0,0,0,0,0,0,0,0
2020-01-30,0,0,0,0,0,0,0,0,0,0,0,0,0,0,0,0,0,0,0,0,0,0,0,0,0,0,0,0,0,0,0,0,0,0,0,0,0,0,0,0,0,0,0,0,0,0,0,0,0,0,0,0,0,0,0,0,0,0,0,0,0,0,0,0,0,0,0,0,0,0,0,0,0,0,0,0,0,0,0,0,0,0,0,0,0,0,0,0,0,0,0,0,0,0,0,0,0,0,0,0,0,0,0,0,0,0,0,0,0,0,0,0,0,0,0,0,0,0,0,0,0,0,0,0,0,0,0,0,0,0,0,0,0,0,0,0,0,0,0,0,0,0,0,0,0,0,0,0,0,0,0,0,0,0,0,0,0,0,0,0,0,0,0,0,0,0,0,0,0,0,0,0,0,0,0,0,0,0,0,0,0,0,0,0,0,0,0,0,0,0,0,0,0,0,0,0,0,0,0,0,0,0,0,171.0,0,0,0,0,0,0,0,0,0,0,0,0,0,0,0,0,0,0,0,0,0,0,0,0,0
2020-01-31,0,0,0,0,0,0,0,0,0,0,0,0,0,0,0,0,0,0,0,0,0,0,0,0,0,0,0,0,0,0,0,0,0,0,0,0,0,0,0,0,0,0,0,0,0,0,0,0,0,0,0,0,0,0,0,0,0,0,0,0,0,0,0,0,0,0,0,0,0,0,0,0,0,0,0,0,0,0,0,0,0,0,0,0,0,0,0,0,0,0,0,0,0,0,0,0,0,0,0,0,0,0,0,0,0,0,0,0,0,0,0,0,0,0,0,0,0,0,0,0,0,0,0,0,0,0,0,0,0,0,0,0,0,0,0,0,0,0,0,0,0,0,0,0,0,0,0,0,0,0,0,0,0,0,0,0,0,0,0,0,0,0,0,0,0,0,0,0,0,0,0,0,0,0,0,0,0,0,0,0,0,0,0,0,0,0,0,0,0,0,0,0,0,0,0,0,0,0,0,0,0,0,0,213.0,0,0,0,0,0,0,0,0,0,0,0,0,0,0,0,0,0,0,0,0,0,0,0,0,0
2020-02-01,0,0,0,0,0,0,0,0,0,0,0,0,0,0,0,0,0,0,0,0,0,0,0,0,0,0,0,0,0,0,0,0,0,0,0,0,0,0,0,0,0,0,0,0,0,0,0,0,0,0,0,0,0,0,0,0,0,0,0,0,0,0,0,0,0,0,0,0,0,0,0,0,0,0,0,0,0,0,0,0,0,0,0,0,0,0,0,0,0,0,0,0,0,0,0,0,0,0,0,0,0,0,0,0,0,0,0,0,0,0,0,0,0,0,0,0,0,0,0,0,0,0,0,0,0,0,0,0,0,0,0,0,0,0,0,0,0,0,0,0,0,0,0,0,0,0,0,0,0,0,0,0,0,0,0,0,0,0,0,0,0,0,0,0,0,0,0,0,0,0,0,0,0,0,0,0,0,0,0,0,0,0,0,0,0,0,0,0,0,0,0,0,0,0,0,0,0,0,0,0,0,0,0,259.0,0,0,0,0,0,0,0,0,0,0,0,0,0,0,0,0,0,0,0,0,0,0,0,0,0
2020-02-02,0,0,0,0,0,0,0,0,0,0,0,0,0,0,0,0,0,0,0,0,0,0,0,0,0,1,0,0,0,0,0,0,0,0,0,0,0,0,0,0,0,0,0,0,0,0,0,0,0,0,0,0,0,0,0,0,0,0,0,0,0,0,0,0,0,0,0,0,0,0,0,0,0,0,0,0,0,0,0,0,0,0,0,0,0,0,0,0,0,0,0,0,0,0,0,0,0,0,0,0,0,0,0,0,0,0,0,0,0,0,0,0,0,0,0,0,0,0,0,0,0,0,0,0,0,0,0,0,0,0,0,0,0,0,0,0,0,0,0,0,0,0,0,0,0,0,0,0,0,0,0,0,0,0,0,0,0,0,0,0,0,0,0,0,0,0,0,0,0,0,0,0,0,0,0,0,0,0,0,0,0,0,0,0,0,0,0,0,0,0,0,0,0,0,0,0,0,0,0,0,0,0,0,361.0,0,0,0,0,0,0,0,0,0,0,0,0,0,0,0,0,0,0,0,0,0,0,0,0,0
2020-02-03,0,0,0,0,0,0,0,0,0,0,0,0,0,0,0,0,0,0,0,0,0,0,0,0,0,1,0,0,0,0,0,0,0,0,0,0,0,0,0,0,0,0,0,0,0,0,0,0,0,0,0,0,0,0,0,0,0,0,0,0,0,0,0,0,0,0,0,0,0,0,0,0,0,0,0,0,0,0,0,0,0,0,0,0,0,0,0,0,0,0,0,0,0,0,0,0,0,0,0,0,0,0,0,0,0,0,0,0,0,0,0,0,0,0,0,0,0,0,0,0,0,0,0,0,0,0,0,0,0,0,0,0,0,0,0,0,0,0,0,0,0,0,0,0,0,0,0,0,0,0,0,0,0,0,0,0,0,0,0,0,0,0,0,0,0,0,0,0,0,0,0,0,0,0,0,0,0,0,0,0,0,0,0,0,0,0,0,0,0,0,0,0,0,0,0,0,0,0,0,0,0,0,0,425.0,0,0,0,0,0,0,0,0,0,0,0,0,0,0,0,0,0,0,0,0,0,0,0,0,0
2020-02-04,0,0,0,0,0,0,0,0,0,0,0,0,0,0,0,0,0,0,0,0,0,0,0,0,0,1,0,0,0,0,0,0,0,0,0,0,0,0,0,0,0,0,0,0,0,0,0,0,0,0,0,0,0,0,0,0,0,0,0,0,0,0,0,0,0,0,0,0,0,0,0,0,0,0,0,0,0,0,0,0,0,0,0,0,0,0,0,0,0,0,0,0,0,0,0,0,0,0,0,0,0,0,0,0,0,0,0,0,0,0,0,0,0,0,0,0,0,0,0,0,0,0,0,0,0,0,0,0,0,0,0,0,0,0,0,0,0,0,0,0,0,0,0,0,0,0,0,0,0,0,0,0,0,0,0,0,0,0,0,0,0,0,0,0,0,0,0,0,0,0,0,0,0,0,0,0,0,0,0,0,0,0,0,0,0,0,0,0,0,0,0,0,1,0,0,0,0,0,0,0,0,0,0,490.0,0,0,0,0,0,0,0,0,0,0,0,0,0,0,0,0,0,0,0,0,0,0,0,0,0
2020-02-05,0,0,0,0,0,0,0,0,0,0,0,0,0,0,0,0,0,0,0,0,0,0,0,0,0,1,0,0,0,0,0,0,0,0,0,0,0,0,0,0,0,0,0,0,0,0,0,0,0,0,0,0,0,0,0,0,0,0,0,0,0,0,0,0,0,0,0,0,0,0,0,0,0,0,0,0,0,0,0,0,0,0,0,0,0,0,0,0,0,0,0,0,0,0,0,0,0,0,0,0,0,0,0,0,0,0,0,0,0,0,0,0,0,0,0,0,0,0,0,0,0,0,0,0,0,0,0,0,0,0,0,0,0,0,0,0,0,0,0,0,0,0,0,0,0,0,0,0,0,0,0,0,0,0,0,0,0,0,0,0,0,0,0,0,0,0,0,0,0,0,0,0,0,0,0,0,0,0,0,0,0,0,0,0,0,0,0,0,0,0,0,0,1,0,0,0,0,0,0,0,0,0,0,562.0,0,0,0,0,0,0,0,0,0,0,0,0,0,0,0,0,0,0,0,0,0,0,0,0,0
2020-02-06,0,0,0,0,0,0,0,0,0,0,0,0,0,0,0,0,0,0,0,0,0,0,0,0,0,1,0,0,0,0,0,0,0,0,0,0,0,0,0,0,0,0,0,0,0,0,0,0,0,0,0,0,0,0,0,0,0,0,0,0,0,0,0,0,0,0,0,0,0,0,0,0,0,0,0,0,0,0,0,0,0,0,0,0,0,0,0,0,0,0,0,0,0,0,0,0,0,0,0,0,0,0,0,0,0,0,0,0,0,0,0,0,0,0,0,0,0,0,0,0,0,0,0,0,0,0,0,0,0,0,0,0,0,0,0,0,0,0,0,0,0,0,0,0,0,0,0,0,0,0,0,0,0,0,0,0,0,0,0,0,0,0,0,0,0,0,0,0,0,0,0,0,0,0,0,0,0,0,0,0,0,0,0,0,0,0,0,0,0,0,0,0,1,0,0,0,0,0,0,0,0,0,0,632.0,0,0,0,0,0,0,0,0,0,0,0,0,0,0,0,0,0,0,0,0,0,0,0,0,0
2020-02-07,0,0,0,0,0,0,0,0,0,0,0,0,0,0,0,0,0,0,0,0,0,0,0,0,0,1,0,0,0,0,0,0,0,0,0,0,0,0,0,0,0,0,0,0,0,0,0,0,0,0,0,0,0,0,0,0,0,0,0,0,0,0,0,0,0,0,0,0,0,0,0,0,0,0,0,0,0,0,0,0,0,0,0,0,0,0,0,0,0,0,0,0,0,0,0,0,0,0,0,0,0,0,0,0,0,0,0,0,0,0,0,0,0,0,0,0,0,0,0,0,0,0,0,0,0,0,0,0,0,0,0,0,0,0,0,0,0,0,0,0,0,0,0,0,0,0,0,0,0,0,0,0,0,0,0,0,0,0,0,0,0,0,0,0,0,0,0,0,0,0,0,0,0,0,0,0,0,0,0,0,0,0,0,0,0,0,0,0,0,0,0,0,1,0,0,0,0,0,0,0,0,0,0,717.0,0,0,0,0,0,0,0,0,0,0,0,0,0,0,0,0,0,0,0,0,0,0,0,0,0
2020-02-08,0,0,0,0,0,0,0,0,0,0,0,0,0,0,0,0,0,0,0,0,0,0,0,0,0,1,0,0,0,0,0,0,0,0,0,0,0,0,0,0,0,0,0,0,0,0,0,0,0,0,0,0,0,0,0,0,0,0,0,0,0,0,0,0,0,0,0,0,0,0,0,0,0,0,0,0,0,0,0,0,0,0,0,0,0,0,0,0,0,0,0,0,0,0,0,0,0,0,0,0,0,0,0,0,0,0,0,0,0,0,0,0,0,0,0,0,0,0,0,0,0,0,0,0,0,0,0,0,0,0,0,0,0,0,0,0,0,0,0,0,0,0,0,0,0,0,0,0,0,0,0,0,0,0,0,0,0,0,0,0,0,0,0,0,0,0,0,0,0,0,0,0,0,0,0,0,0,0,0,0,0,0,0,0,0,0,0,0,0,0,0,0,1,0,0,0,0,0,0,0,0,0,0,804.0,0,0,0,0,0,0,0,0,0,0,0,0,0,0,0,0,0,0,0,0,0,0,0,0,0
2020-02-09,0,0,0,0,0,0,0,0,0,0,0,0,0,0,0,0,0,0,0,0,0,0,0,0,0,1,0,0,0,0,0,0,0,0,0,0,0,0,0,0,0,0,0,0,0,0,0,0,0,0,0,0,0,0,0,0,0,0,0,0,0,0,0,0,0,0,0,0,0,0,0,0,0,0,0,0,0,0,0,0,0,0,0,0,0,0,0,0,0,0,0,0,0,0,0,0,0,0,0,0,0,0,0,0,0,0,0,0,0,0,0,0,0,0,0,0,0,0,0,0,0,0,0,0,0,0,0,0,0,0,0,0,0,0,0,0,0,0,0,0,0,0,0,0,0,0,0,0,0,0,0,0,0,0,0,0,0,0,0,0,0,0,0,0,0,0,0,0,0,0,0,0,0,0,0,0,0,0,0,0,0,0,0,0,0,0,0,0,0,0,0,0,1,0,0,0,0,0,0,0,0,0,0,904.0,0,0,0,0,0,0,0,0,0,0,0,0,0,0,0,0,0,0,0,0,0,0,0,0,0
2020-02-10,0,0,0,0,0,0,0,0,0,0,0,0,0,0,0,0,0,0,0,0,0,0,0,0,0,1,0,0,0,0,0,0,0,0,0,0,0,0,0,0,0,0,0,0,0,0,0,0,0,0,0,0,0,0,0,0,0,0,0,0,0,0,0,0,0,0,0,0,0,0,0,0,0,0,0,0,0,0,0,0,0,0,0,0,0,0,0,0,0,0,0,0,0,0,0,0,0,0,0,0,0,0,0,0,0,0,0,0,0,0,0,0,0,0,0,0,0,0,0,0,0,0,0,0,0,0,0,0,0,0,0,0,0,0,0,0,0,0,0,0,0,0,0,0,0,0,0,0,0,0,0,0,0,0,0,0,0,0,0,0,0,0,0,0,0,0,0,0,0,0,0,0,0,0,0,0,0,0,0,0,0,0,0,0,0,0,0,0,0,0,0,0,1,0,0,0,0,0,0,0,0,0,0,1011.0,0,0,0,0,0,0,0,0,0,0,0,0,0,0,0,0,0,0,0,0,0,0,0,0,0
2020-02-11,0,0,0,0,0,0,0,0,0,0,0,0,0,0,0,0,0,0,0,0,0,0,0,0,0,1,0,0,0,0,0,0,0,0,0,0,0,0,0,0,0,0,0,0,0,0,0,0,0,0,0,0,0,0,0,0,0,0,0,0,0,0,0,0,0,0,0,0,0,0,0,0,0,0,0,0,0,0,0,0,0,0,0,0,0,0,0,0,0,0,0,0,0,0,0,0,0,0,0,0,0,0,0,0,0,0,0,0,0,0,0,0,0,0,0,0,0,0,0,0,0,0,0,0,0,0,0,0,0,0,0,0,0,0,0,0,0,0,0,0,0,0,0,0,0,0,0,0,0,0,0,0,0,0,0,0,0,0,0,0,0,0,0,0,0,0,0,0,0,0,0,0,0,0,0,0,0,0,0,0,0,0,0,0,0,0,0,0,0,0,0,0,1,0,0,0,0,0,0,0,0,0,0,1111.0,0,0,0,0,0,0,0,0,0,0,0,0,0,0,0,0,0,0,0,0,0,0,0,0,0
2020-02-12,0,0,0,0,0,0,0,0,0,0,0,0,0,0,0,0,0,0,0,0,0,0,0,0,0,1,0,0,0,0,0,0,0,0,0,0,0,0,0,0,0,0,0,0,0,0,0,0,0,0,0,0,0,0,0,0,0,0,0,0,0,0,0,0,0,0,0,0,0,0,0,0,0,0,0,0,0,0,0,0,0,0,0,0,0,0,0,0,0,0,0,0,0,0,0,0,0,0,0,0,0,0,0,0,0,0,0,0,0,0,0,0,0,0,0,0,0,0,0,0,0,0,0,0,0,0,0,0,0,0,0,0,0,0,0,0,0,0,0,0,0,0,0,0,0,0,0,0,0,0,0,0,0,0,0,0,0,0,0,0,0,0,0,0,0,0,0,0,0,0,0,0,0,0,0,0,0,0,0,0,0,0,0,0,0,0,0,0,0,0,0,0,1,0,0,0,0,0,0,0,0,0,0,1116.0,0,0,0,0,0,0,0,0,0,0,0,0,0,0,0,0,0,0,0,0,0,0,0,0,0
2020-02-13,0,0,0,0,0,0,0,0,0,0,0,0,0,0,0,0,0,0,0,0,0,0,0,0,0,1,0,1,0,0,0,0,0,0,0,0,0,0,0,0,0,0,0,0,0,0,0,0,0,0,0,0,0,0,0,0,0,0,0,0,0,0,0,0,0,0,0,0,0,0,0,0,0,0,0,0,0,0,0,0,0,0,0,0,0,0,0,0,0,0,0,0,0,0,0,0,0,0,0,0,0,0,0,0,0,0,0,0,0,0,0,0,0,0,0,0,0,0,0,0,0,0,0,0,0,0,0,0,0,0,0,0,0,0,0,0,0,0,0,0,0,0,0,0,0,0,0,0,0,0,0,0,0,0,0,0,0,0,0,0,0,0,0,0,0,0,0,0,0,0,0,0,0,0,0,0,0,0,0,0,0,0,0,0,0,0,0,0,0,0,0,0,1,0,0,0,0,0,0,0,0,0,0,1368.0,0,0,0,0,0,0,0,0,0,0,0,0,0,0,0,0,0,0,0,0,0,0,0,0,0
2020-02-14,0,0,0,0,0,0,0,0,0,0,0,0,0,0,0,0,0,0,0,0,0,0,0,0,0,1,0,1,0,0,0,0,0,0,0,0,0,0,0,0,0,0,0,0,0,0,0,0,0,0,0,0,0,0,0,0,0,0,0,0,0,0,0,0,0,0,0,0,0,0,0,0,0,0,0,0,0,0,0,0,0,0,0,0,0,0,0,0,0,0,0,0,0,0,0,0,0,0,0,0,0,0,0,0,0,0,0,0,0,0,0,0,0,0,0,0,0,0,0,0,0,0,0,0,0,0,0,0,0,0,0,0,0,0,0,0,0,0,0,0,0,0,0,0,0,0,0,0,0,0,0,0,0,0,0,0,0,0,0,0,0,0,0,0,0,0,0,0,0,0,0,0,0,0,0,0,0,0,0,0,0,0,0,0,0,0,0,0,0,0,0,0,1,0,0,0,0,0,0,0,0,0,0,1520.0,0,0,0,0,0,0,0,0,0,0,0,0,0,0,0,0,0,0,0,0,0,0,0,0,0
2020-02-15,0,0,0,0,1,0,0,0,0,0,0,0,0,0,0,0,0,0,0,0,0,0,0,0,0,1,0,1,0,0,0,0,0,0,0,0,0,0,0,0,0,0,0,0,0,0,0,0,0,0,0,0,0,0,0,0,0,0,0,0,0,0,0,0,0,0,0,0,0,0,0,0,0,0,0,0,0,0,0,0,0,0,0,0,0,0,0,0,0,0,0,0,0,0,0,0,0,0,0,0,0,0,0,0,0,0,0,0,0,0,0,0,0,0,0,0,0,0,0,0,0,0,0,0,0,0,0,0,0,0,0,0,0,0,0,0,0,0,0,0,0,0,0,0,0,0,0,0,0,0,0,0,0,0,0,0,0,0,0,0,0,0,0,0,0,0,0,0,0,0,0,0,0,0,0,0,0,0,0,0,0,0,0,0,0,0,0,0,0,0,0,0,1,0,0,0,0,0,0,0,0,0,0,1662.0,0,0,0,0,0,0,0,0,0,0,0,0,0,0,0,0,0,0,0,0,0,0,0,0,0
2020-02-16,0,0,0,0,1,0,0,0,0,0,0,0,0,0,0,0,0,0,0,0,0,0,0,0,0,1,0,1,0,0,0,0,0,0,0,0,0,0,0,0,0,0,0,0,0,0,0,0,0,0,0,0,0,0,0,0,0,0,0,0,0,0,0,0,0,0,0,0,0,0,0,0,0,0,0,0,0,0,0,0,0,0,0,0,0,0,0,0,0,0,0,0,0,0,0,0,0,0,0,0,0,0,0,0,0,0,0,0,0,0,0,0,0,0,0,0,0,0,0,0,0,0,0,0,0,0,0,0,0,0,0,0,0,0,0,0,0,0,0,0,0,0,0,0,0,0,0,0,0,0,0,0,0,0,0,0,0,0,0,0,0,0,0,0,0,0,1,0,0,0,0,0,0,0,0,0,0,0,0,0,0,0,0,0,0,0,0,0,0,0,0,0,1,0,0,0,0,0,0,0,0,0,0,1765.0,0,0,0,0,0,0,0,0,0,0,0,0,0,0,0,0,0,0,0,0,0,0,0,0,0
2020-02-17,0,0,0,0,1,0,0,0,0,0,0,0,0,0,0,0,0,0,0,0,0,0,0,0,0,1,0,1,0,0,0,0,0,0,0,0,0,0,0,0,0,0,0,0,0,0,0,0,0,0,0,0,0,0,0,0,0,0,0,0,0,0,0,0,0,0,0,0,0,0,0,0,0,0,0,0,0,0,0,0,0,0,0,0,0,0,0,0,0,0,0,0,0,0,0,0,0,0,0,0,0,0,0,0,0,0,0,0,0,0,0,0,0,0,0,0,0,0,0,0,0,0,0,0,0,0,0,0,0,0,0,0,0,0,0,0,0,0,0,0,0,0,0,0,0,0,0,0,0,0,0,0,0,0,0,0,0,0,0,0,0,0,0,0,0,0,1,0,0,0,0,0,0,0,0,0,0,0,0,0,0,0,0,0,0,0,0,0,0,0,0,0,1,0,0,0,0,0,0,0,0,0,0,1863.0,0,0,0,0,0,0,0,0,0,0,0,0,0,0,0,0,0,0,0,0,0,0,0,0,0
2020-02-18,0,0,0,0,1,0,0,0,0,0,0,0,0,0,0,0,0,0,0,0,0,0,0,0,0,1,0,1,0,0,0,0,0,0,0,0,0,0,0,0,0,0,0,0,0,0,0,0,0,0,0,0,0,0,0,0,0,0,0,0,0,0,0,0,0,0,0,0,0,0,0,0,0,0,0,0,0,0,0,0,0,0,0,0,0,0,0,0,0,0,0,0,0,0,0,0,0,0,0,0,0,0,0,0,0,0,0,0,0,0,0,0,0,0,0,0,0,0,0,0,0,0,0,0,0,0,0,0,0,0,0,0,0,0,0,0,0,0,0,0,0,0,0,0,0,0,0,0,0,0,0,0,0,0,0,0,0,0,0,0,0,0,0,0,0,0,1,0,0,0,0,0,0,0,0,0,0,0,0,0,0,0,0,0,0,0,0,0,0,0,0,0,1,0,0,0,0,0,0,0,0,0,0,2002.0,0,0,0,0,0,0,0,0,0,0,0,0,0,0,0,0,0,0,0,0,0,0,0,0,0
2020-02-19,0,0,0,0,1,0,0,0,2,0,0,0,0,0,0,0,0,0,0,0,0,0,0,0,0,1,0,1,0,0,0,0,0,0,0,0,0,0,0,0,0,0,0,0,0,0,0,0,0,0,0,0,0,0,0,0,0,0,0,0,0,0,0,0,0,0,0,0,0,0,0,0,0,0,0,0,0,0,0,0,0,0,0,0,0,0,0,0,0,0,0,0,0,0,0,0,0,0,0,0,0,0,0,0,0,0,0,0,0,0,0,0,0,0,0,0,0,0,0,0,0,0,0,0,0,0,0,0,0,0,0,0,0,0,0,0,0,0,0,0,0,0,0,0,0,0,0,0,0,0,0,0,0,0,0,0,0,0,0,0,0,0,0,0,0,0,1,0,0,0,0,0,0,0,0,0,0,0,0,0,0,0,0,0,0,0,0,0,0,0,0,0,2,0,0,0,0,0,0,0,0,0,0,2114.0,0,0,0,0,0,0,0,0,0,0,0,0,0,0,0,0,0,0,0,0,0,0,0,0,0
2020-02-20,0,0,0,0,1,0,0,0,2,0,0,0,0,0,0,0,0,0,0,0,0,0,0,0,0,1,0,1,0,0,0,0,0,0,0,0,0,0,0,0,0,0,0,0,0,0,0,0,0,0,0,0,0,0,0,0,0,0,0,0,0,0,0,0,0,0,0,0,0,0,0,0,0,0,0,0,0,0,0,0,0,0,0,0,0,0,0,0,0,0,0,0,0,0,0,0,0,0,0,0,0,0,0,0,0,0,0,0,0,0,0,0,0,0,0,0,0,0,0,0,0,0,0,0,0,0,0,0,0,0,0,0,0,0,0,0,0,0,0,0,0,0,0,0,0,0,0,0,0,0,0,0,0,0,0,0,0,0,0,0,0,0,1,0,0,0,1,0,0,0,0,0,0,0,0,0,0,0,0,0,0,0,0,0,0,0,0,0,0,0,0,0,2,0,0,0,0,0,0,0,0,0,0,2236.0,0,0,0,0,0,0,0,0,0,0,0,0,2,0,0,0,0,0,0,0,0,0,0,0,0
2020-02-21,0,0,1,0,1,0,0,0,4,0,0,0,0,0,0,0,0,0,0,0,0,0,0,0,0,1,0,1,0,0,0,0,0,0,0,0,0,0,0,0,0,0,0,0,0,0,0,0,0,0,0,0,0,0,0,0,0,0,0,0,0,0,0,0,0,0,0,0,0,0,0,0,0,0,0,0,0,0,0,0,0,0,0,0,0,0,0,0,0,0,0,0,0,0,0,0,0,0,0,0,0,0,0,0,0,0,0,0,0,0,0,0,0,0,0,0,0,0,0,0,0,0,0,0,0,0,0,0,0,0,0,0,0,0,0,0,0,0,0,0,0,0,0,0,0,0,0,0,0,0,0,0,0,0,0,0,0,0,0,0,0,0,2,0,0,0,1,0,0,0,0,0,0,0,0,0,0,0,0,0,0,0,0,0,0,0,0,0,0,0,0,0,2,0,0,0,0,0,0,0,0,0,0,2236.0,0,0,0,0,0,0,0,0,0,0,0,0,2,0,0,0,0,0,0,0,0,0,0,0,0
2020-02-22,0,0,2,0,1,0,0,0,5,0,0,0,0,0,0,0,0,0,0,0,0,0,0,0,0,1,0,1,0,0,0,0,0,0,0,0,0,0,0,0,0,0,0,0,0,0,0,0,0,0,0,0,0,0,0,0,0,0,0,0,0,0,0,0,0,0,0,0,0,0,0,0,0,0,0,0,0,0,0,0,0,0,0,0,0,0,0,0,0,0,0,0,0,0,0,0,0,0,0,0,0,0,0,0,0,0,0,0,0,0,0,0,0,0,0,0,0,0,0,0,0,0,0,0,0,0,0,0,0,0,0,0,0,0,0,0,0,0,0,0,0,0,0,0,0,0,0,0,0,0,0,0,0,0,0,0,0,0,0,0,0,0,2,0,0,0,1,0,0,0,0,0,0,0,0,0,0,0,0,0,0,0,0,0,0,0,0,0,0,0,0,0,2,0,0,0,0,0,0,0,0,0,0,2441.0,0,0,0,0,0,0,0,0,0,0,0,0,2,0,0,0,0,0,0,0,0,0,0,0,0
2020-02-23,0,0,3,0,1,0,0,0,8,0,0,0,0,0,0,0,0,0,0,0,0,0,0,0,0,1,0,1,0,0,0,0,0,0,0,0,0,0,0,0,0,0,0,0,0,0,0,0,0,0,0,0,0,0,0,0,0,0,0,0,0,0,0,0,0,0,0,0,0,0,0,0,0,0,0,0,0,0,0,0,0,0,0,0,0,0,0,0,0,0,0,0,0,0,0,0,0,0,0,0,0,0,0,0,0,0,0,0,0,0,0,0,0,0,0,0,0,0,0,0,0,0,0,0,0,0,0,0,0,0,0,0,0,0,0,0,0,0,0,0,0,0,0,0,0,0,0,0,0,0,0,0,0,0,0,0,0,0,0,0,0,0,6,0,0,0,1,0,0,0,0,0,0,0,0,0,0,0,0,0,0,0,0,0,0,0,0,0,0,0,0,0,2,0,0,0,0,0,0,0,0,0,0,2443.0,0,0,0,0,0,0,0,0,0,0,0,0,3,0,0,0,0,0,0,0,0,0,0,0,0
2020-02-24,0,0,7,0,1,0,0,0,12,0,0,0,0,0,0,0,0,0,0,0,0,0,0,0,0,1,0,1,0,0,0,0,0,0,0,0,0,0,0,0,0,0,0,0,0,0,0,0,0,0,0,0,0,0,0,0,0,0,0,0,0,0,0,0,0,0,0,0,0,0,0,0,0,0,0,0,0,0,0,0,0,0,0,0,0,0,0,0,0,0,0,0,0,0,0,0,0,0,0,0,0,0,0,0,0,0,0,0,0,0,0,0,0,0,0,0,0,0,0,0,0,0,0,0,0,0,0,0,0,0,0,0,0,0,0,0,0,0,0,0,0,0,0,0,0,0,0,0,0,0,0,0,0,0,0,0,0,0,0,0,0,0,8,0,0,0,1,0,0,0,0,0,0,0,0,0,0,0,0,0,0,0,0,0,0,0,0,0,0,0,0,0,2,0,0,0,0,0,0,0,0,0,0,2593.0,0,0,0,0,0,0,0,0,0,0,0,0,3,0,0,0,0,0,0,0,0,0,0,0,0
2020-02-25,0,0,10,0,1,0,0,0,16,0,0,0,0,0,0,0,0,0,0,0,0,0,0,0,0,1,0,1,0,0,0,0,0,0,0,0,0,0,0,0,0,0,0,0,0,0,0,0,0,0,0,0,0,0,0,0,0,0,0,0,0,0,0,0,0,0,0,0,0,0,0,0,0,0,0,0,0,0,0,0,0,0,0,0,0,0,0,0,0,0,0,0,0,0,0,0,0,0,0,0,0,0,0,0,0,0,0,0,0,0,0,0,0,0,0,0,0,0,0,0,0,0,0,0,0,0,0,0,0,0,0,0,0,0,0,0,0,0,0,0,0,0,0,0,0,0,0,0,0,0,0,0,0,0,0,0,0,0,0,0,0,0,10,0,0,0,1,0,0,0,0,0,0,0,0,0,0,0,0,0,0,0,0,0,0,0,0,0,0,0,0,0,2,0,0,0,0,0,0,0,0,0,0,2663.0,0,0,0,0,0,0,0,0,0,0,0,0,3,0,0,0,0,0,0,0,0,0,0,0,0
2020-02-26,0,0,12,0,2,0,0,0,19,0,0,0,0,0,0,0,0,0,0,0,0,0,0,0,0,1,0,2,0,0,0,0,0,0,0,0,0,0,0,0,0,0,0,0,0,0,0,0,0,0,0,0,0,0,0,0,0,0,0,0,0,0,0,0,0,0,0,0,0,0,0,0,0,0,0,0,0,0,0,0,0,0,0,0,0,0,0,0,0,0,0,0,0,0,0,0,0,0,0,0,0,0,0,0,0,0,0,0,0,0,0,0,0,0,0,0,0,0,0,0,0,0,0,0,0,0,0,0,0,0,0,0,0,0,0,0,0,0,0,0,0,0,0,0,0,0,0,0,0,0,0,0,0,0,0,0,0,0,0,0,0,0,12,0,0,0,1,0,0,0,0,0,0,0,0,0,0,0,0,0,0,0,0,0,0,0,0,0,0,0,0,0,2,0,0,0,0,0,0,0,0,0,0,2715.0,0,0,0,0,0,0,0,0,0,0,0,0,4,0,0,0,0,0,0,0,0,0,0,0,0
2020-02-27,0,0,17,0,2,0,0,0,26,0,0,0,0,0,0,0,0,0,0,0,0,0,0,0,0,1,0,4,0,0,0,0,0,0,0,0,0,0,0,0,0,0,0,0,0,0,0,0,0,0,0,0,0,0,0,0,0,0,0,0,0,0,0,0,0,0,0,0,0,0,0,0,0,0,0,0,0,0,0,0,0,0,0,0,0,0,0,0,0,0,0,0,0,0,0,0,0,0,0,0,0,0,0,0,0,0,0,0,0,0,0,0,0,0,0,0,0,0,0,0,0,0,0,0,0,0,0,0,0,0,0,0,0,0,0,0,0,0,0,0,0,0,0,0,0,0,0,0,0,0,0,0,0,0,0,0,0,0,0,0,0,0,13,0,0,0,1,0,0,0,0,0,0,0,0,0,0,0,0,0,0,0,0,0,0,0,0,0,0,0,0,0,2,0,0,0,0,0,0,0,0,0,0,2744.0,0,0,0,0,0,0,0,0,0,0,0,0,4,0,0,0,0,0,0,0,0,0,0,0,0
2020-02-28,0,0,21,0,2,0,0,0,34,0,0,0,0,0,0,0,0,0,0,0,0,0,0,0,0,1,0,4,0,0,0,0,0,0,0,0,0,0,0,0,0,0,0,0,0,0,0,0,0,0,0,0,0,0,0,0,0,0,0,0,0,0,0,0,0,0,0,0,0,0,0,0,0,0,0,0,0,0,0,0,0,0,0,0,0,0,0,0,0,0,0,0,0,0,0,0,0,0,0,0,0,0,0,0,0,0,0,0,0,0,0,0,0,0,0,0,0,0,0,0,0,0,0,0,0,0,0,0,0,0,0,0,0,0,0,0,0,0,0,0,0,0,0,0,0,0,0,0,0,0,0,0,0,0,0,0,0,0,0,0,0,0,13,0,0,0,1,0,0,0,0,0,0,0,0,0,0,0,0,0,0,0,0,0,0,0,0,0,0,0,0,0,2,0,0,0,0,0,0,0,0,0,0,2788.0,0,0,0,0,0,0,0,0,0,0,0,0,6,0,0,0,0,0,0,0,0,0,0,0,0
2020-02-29,1,0,29,0,2,0,0,0,43,0,0,0,0,0,0,0,0,0,0,0,0,0,0,0,0,1,0,5,0,0,0,0,0,0,0,0,0,0,0,0,0,0,0,0,0,0,0,0,0,0,0,0,0,0,0,0,0,0,0,0,0,0,0,0,0,0,0,0,0,0,0,0,0,0,0,0,0,0,0,0,0,0,0,0,0,0,0,0,0,0,0,0,0,0,0,0,0,0,0,0,0,0,0,0,0,0,0,0,0,0,0,0,0,0,0,0,0,0,0,0,0,0,0,0,0,0,0,0,0,0,0,0,0,0,0,0,0,0,0,0,0,0,0,0,0,0,0,0,0,0,0,0,0,0,0,0,0,0,0,0,0,0,16,0,0,0,1,0,0,0,0,0,0,0,0,0,0,0,0,0,0,0,0,0,0,0,0,0,0,0,0,0,2,0,0,0,0,0,0,0,0,0,0,2835.0,0,0,0,0,0,0,0,0,0,0,0,0,6,0,0,0,0,0,0,0,0,0,0,0,0
2020-03-01,1,0,34,0,2,0,0,0,54,0,0,0,0,0,0,0,0,0,0,0,0,0,0,0,0,1,0,6,0,0,0,0,0,0,0,0,0,0,0,0,0,0,0,0,0,0,0,0,0,0,0,0,0,0,0,0,0,0,0,0,0,0,0,1,0,0,0,0,0,0,0,1,0,0,0,0,0,0,0,0,0,0,0,0,0,0,0,0,0,0,0,0,0,0,0,0,0,0,0,0,0,0,0,0,0,0,0,0,0,0,0,0,0,0,0,0,0,0,0,0,0,0,0,0,0,0,0,0,0,0,0,0,0,0,0,0,0,0,0,0,0,0,0,0,0,0,0,0,0,0,0,0,0,0,0,0,0,0,0,0,0,0,17,0,0,0,1,0,0,0,0,0,0,0,0,0,0,0,0,0,0,0,0,0,0,0,0,0,0,0,0,0,2,0,0,0,0,0,0,0,0,0,0,2870.0,0,0,0,0,0,0,0,0,0,0,0,0,6,0,0,0,0,0,0,0,0,0,0,0,0
2020-03-02,6,0,52,0,3,0,0,0,66,0,0,0,0,0,0,0,0,0,0,0,0,0,0,0,0,1,0,6,0,0,0,0,0,0,0,0,0,0,0,0,0,0,0,0,0,0,0,0,0,0,0,0,0,0,0,0,0,0,0,0,0,0,0,1,0,0,0,0,0,0,0,1,0,0,0,0,0,0,0,0,0,0,0,0,0,0,0,0,0,0,0,0,0,0,0,0,0,0,0,0,0,0,0,0,0,0,0,0,0,0,0,0,0,0,0,0,0,0,0,0,0,0,0,0,0,0,0,0,0,0,0,0,0,0,0,0,0,0,0,0,0,0,0,0,0,0,0,0,0,0,0,0,0,0,0,0,0,0,0,0,0,0,28,0,0,0,1,0,0,0,0,0,0,0,0,0,0,0,0,0,0,0,0,0,0,0,0,0,0,0,0,0,2,0,0,0,0,0,0,0,0,0,0,2912.0,0,0,0,0,0,0,0,0,0,0,0,0,6,0,0,0,0,0,0,0,0,0,0,0,0
2020-03-03,7,0,79,1,4,0,0,0,77,0,0,0,0,0,0,0,0,0,0,0,0,0,0,0,0,1,0,6,0,0,0,0,0,0,0,0,0,0,0,0,0,0,0,0,0,0,0,0,0,0,0,0,0,0,0,0,0,0,0,0,0,0,0,1,0,0,0,0,0,0,0,1,0,0,0,0,0,0,0,0,1,0,0,0,0,0,0,0,0,0,0,0,0,0,0,0,0,0,0,0,0,0,0,0,0,0,0,0,0,0,0,0,0,0,0,0,0,0,0,0,0,0,0,0,0,0,0,0,0,0,0,0,0,0,0,0,0,0,0,0,0,0,0,0,0,0,0,0,0,0,0,0,0,0,0,0,0,0,0,0,0,0,28,0,0,0,1,0,0,0,0,0,0,0,0,0,0,0,0,0,0,0,0,0,0,0,0,0,0,0,0,0,2,0,0,0,0,0,0,0,0,0,0,2945.0,0,0,0,0,0,0,0,0,0,0,0,0,6,0,0,0,0,0,0,0,0,0,0,0,0
2020-03-04,11,0,107,2,4,0,0,0,92,0,0,0,0,0,0,0,0,0,0,0,0,0,0,0,0,1,0,6,0,0,0,0,0,0,0,0,0,0,0,0,0,0,0,0,0,0,0,0,0,0,0,0,0,0,0,0,0,0,0,2,0,0,0,2,0,0,0,0,0,0,0,1,0,0,0,0,0,0,0,0,1,0,0,0,0,0,0,0,0,0,0,0,0,0,0,0,0,0,0,0,0,0,0,0,0,0,0,0,0,0,0,0,0,0,0,0,0,0,0,0,0,0,0,0,0,0,0,0,0,0,0,0,0,0,0,0,0,0,0,0,0,0,0,0,0,0,0,0,0,0,0,0,0,0,0,0,0,0,0,0,0,0,35,0,0,0,1,0,0,0,0,0,0,0,0,0,0,0,0,0,0,0,0,0,0,0,0,0,0,0,0,0,2,0,0,0,0,0,0,0,0,0,0,2981.0,0,0,0,0,0,0,0,0,0,0,0,0,6,0,0,0,0,0,0,0,0,0,0,0,0
2020-03-05,12,0,148,3,6,0,0,0,107,0,0,0,0,0,0,0,0,0,0,1,0,0,0,0,0,1,0,6,0,0,0,0,0,0,0,0,0,0,0,0,0,0,0,0,0,0,0,0,0,0,0,0,0,0,0,0,0,0,0,2,0,0,0,2,0,0,0,0,0,0,0,1,0,0,0,0,0,0,0,0,1,0,0,0,0,0,0,0,0,0,0,0,0,0,0,0,0,0,0,0,0,0,0,0,0,0,0,0,0,0,0,0,0,0,0,0,0,0,0,0,0,0,0,0,0,0,0,0,0,0,0,0,0,0,0,0,0,0,0,0,0,0,0,0,0,0,0,0,0,0,0,0,0,0,0,0,0,0,0,0,0,0,35,0,0,0,1,0,0,0,0,1,0,0,0,0,0,0,0,0,0,0,0,0,0,0,0,0,0,0,0,0,2,0,0,0,0,0,0,0,0,0,0,3013.0,0,0,0,0,0,0,0,0,0,0,0,0,6,0,0,0,0,0,0,0,0,0,0,0,0
2020-03-06,14,0,197,5,9,0,0,0,124,1,0,0,0,0,0,0,0,0,0,1,0,0,0,0,0,1,0,6,0,0,0,0,0,0,0,0,0,0,0,0,0,0,0,0,0,0,0,0,0,0,0,0,0,0,0,0,0,0,0,3,0,0,0,2,0,0,0,0,0,0,0,1,0,0,0,0,0,0,0,0,1,0,0,0,0,0,0,0,0,0,0,0,0,0,0,0,0,0,0,0,0,0,0,0,0,0,0,0,0,0,0,0,0,0,0,0,0,0,0,0,0,0,0,0,0,0,0,0,0,0,0,0,0,0,0,0,0,0,0,0,0,0,0,0,0,0,0,0,0,0,0,0,0,0,0,0,0,0,0,0,0,0,42,0,0,0,1,0,0,0,0,2,0,0,0,0,0,0,0,0,0,0,0,0,0,0,0,0,0,0,0,0,2,0,0,0,0,0,0,0,0,0,0,3042.0,0,0,0,0,0,0,0,0,0,0,0,0,6,0,0,0,0,0,0,0,0,0,0,0,0
2020-03-07,17,0,233,10,11,0,0,0,145,1,0,0,0,0,0,0,0,0,0,1,0,0,0,0,0,1,0,6,0,0,0,0,0,0,0,0,0,0,0,0,0,0,0,0,0,0,0,0,0,0,0,0,0,0,0,0,0,0,0,4,0,0,0,2,0,0,0,0,0,0,0,1,0,0,0,0,0,0,0,0,1,0,0,0,0,0,0,0,0,0,0,0,0,0,0,0,0,0,0,0,0,0,0,0,0,0,0,0,0,0,0,0,0,0,0,0,0,0,0,0,0,0,0,0,0,0,0,0,0,0,0,0,0,0,0,0,0,0,0,0,0,0,0,0,0,0,0,0,0,0,0,0,0,0,0,0,0,0,0,0,0,0,44,0,0,0,1,0,0,0,0,2,0,0,0,0,0,0,0,0,0,0,0,0,0,0,0,0,0,0,0,0,2,0,0,0,0,0,0,0,0,0,0,3070.0,0,0,0,0,0,0,0,0,0,0,0,0,6,0,0,0,0,0,0,0,0,0,0,0,0
2020-03-08,21,0,366,17,19,0,0,0,194,3,0,0,0,0,0,0,0,0,0,2,0,0,0,0,0,1,0,6,0,0,1,0,0,0,0,0,0,1,0,0,0,0,0,0,0,0,0,0,0,0,0,0,0,0,0,0,0,0,0,6,0,0,0,4,0,0,0,0,0,0,0,1,0,0,0,0,0,0,0,0,1,0,0,0,0,0,0,0,0,0,0,0,0,0,0,0,0,0,0,0,0,0,0,0,0,0,0,0,0,0,0,0,0,0,0,0,0,0,0,0,0,0,0,0,0,0,0,0,0,0,0,0,0,0,0,0,0,0,0,0,0,0,0,0,0,0,0,0,0,0,0,0,0,0,0,0,0,0,0,0,0,0,50,0,0,0,1,0,0,0,0,3,0,0,0,0,0,0,0,0,0,0,0,0,0,0,0,0,0,0,0,0,3,0,0,0,0,0,0,0,0,0,0,3097.0,0,0,0,0,0,0,0,0,0,0,0,0,6,0,0,0,0,0,0,0,0,0,0,0,0
2020-03-09,22,0,463,28,19,0,0,2,237,3,1,0,0,0,0,0,0,0,0,2,0,0,0,0,0,1,0,17,0,0,1,0,0,0,0,0,0,1,0,0,0,0,0,0,0,0,0,0,0,0,0,0,0,0,0,0,0,0,0,6,0,0,0,4,0,0,0,0,0,0,0,1,0,0,0,0,0,0,0,0,1,0,0,0,0,0,0,0,0,0,0,0,0,0,0,0,0,0,0,0,0,0,0,0,0,0,0,0,0,0,0,0,0,0,0,0,0,0,0,0,0,0,0,0,0,0,0,0,0,0,0,0,0,0,0,0,0,0,0,0,0,0,0,0,0,0,0,0,0,0,0,0,0,0,0,0,0,0,0,0,0,0,53,0,0,0,1,0,0,0,0,4,0,0,0,0,0,0,0,0,0,0,0,0,0,0,0,0,0,0,0,0,3,0,0,0,0,0,0,0,0,0,0,3120.0,0,0,0,0,0,0,0,0,0,0,0,0,6,0,0,0,0,0,0,0,0,0,0,0,0
2020-03-10,28,0,631,35,33,0,0,2,0,4,1,0,0,0,0,0,0,0,0,3,0,0,0,0,0,1,0,10,0,0,1,0,0,0,0,0,0,1,0,0,0,0,0,0,0,0,0,0,0,1,0,0,0,0,0,0,0,0,0,7,0,0,0,3,0,0,0,0,0,0,0,1,0,0,0,0,0,0,0,0,2,0,0,0,0,0,0,0,1,0,0,0,0,0,0,0,0,0,0,0,0,0,0,0,0,0,0,0,0,0,0,0,0,0,0,0,0,0,0,0,0,0,0,0,0,0,0,0,0,0,0,0,0,0,0,0,0,0,0,0,0,0,0,0,0,0,0,0,0,0,0,0,0,0,0,0,0,0,0,0,0,0,0,0,0,1,0,0,0,0,0,6,0,0,0,0,0,0,0,0,0,0,0,0,0,0,0,0,291,0,3,0,0,0,0,0,0,0,0,0,0,0,0,3136.0,0,0,0,0,0,0,54,0,0,0,0,0,6,0,0,0,0,0,0,0,0,0,0,0,0
2020-03-11,36,8,827,54,48,0,3,3,354,5,1,3161,0,0,1,1,0,0,0,4,1,0,1,0,0,1,0,15,0,0,1,0,0,0,0,0,0,1,0,0,0,60,0,1,0,0,0,0,0,1,0,1,0,0,0,0,0,0,0,7,0,0,0,3,1,0,0,0,0,0,0,1,0,0,0,0,0,0,0,0,2,0,0,0,0,0,1,0,3,0,0,0,0,0,0,0,0,0,0,0,0,0,0,0,0,0,0,0,0,0,0,0,0,0,0,0,0,0,0,0,0,0,0,0,0,0,1,0,0,0,0,0,0,0,0,0,0,0,0,0,0,0,0,0,0,0,0,0,0,0,0,0,0,0,0,0,0,0,0,0,0,0,0,0,0,0,0,0,0,0,0,0,0,0,0,0,0,0,0,0,0,7,0,0,0,0,0,0,0,0,0,0,0,0,0,0,0,0,0,0,0,0,0,0.0,0,0,0,0,0,0,0,0,0,0,0,0,0,0,0,0,0,0,0,0,0,0,0,0,0
2020-03-12,40,8,827,55,48,0,3,3,429,5,1,3172,0,0,1,1,0,0,0,4,1,0,1,0,1,2,0,16,1,0,1,1,0,0,0,0,0,1,0,0,0,66,0,1,0,0,0,0,0,1,0,1,0,0,0,0,0,0,0,8,0,0,0,3,1,0,0,0,0,0,0,1,0,0,0,0,0,0,0,0,3,0,0,0,0,0,1,0,3,0,0,0,0,0,0,0,0,0,0,0,0,0,0,0,0,0,0,0,0,0,0,0,0,0,0,1,0,0,0,0,0,0,0,0,0,0,1,0,0,0,0,0,0,0,0,0,0,0,0,0,0,0,0,0,0,0,0,0,0,0,0,0,0,0,0,0,0,0,0,0,0,0,0,0,0,0,0,0,0,0,0,0,0,0,0,0,0,0,0,0,0,7,0,0,0,0,0,0,0,0,0,0,0,0,0,0,0,0,0,0,0,0,0,0.0,0,0,0,0,0,0,0,0,0,0,0,0,0,0,0,0,0,0,0,0,0,0,0,0,0
2020-03-13,47,8,1266,133,79,0,3,7,514,10,1,3180,0,0,1,2,0,0,0,11,1,0,4,0,2,5,0,19,1,0,2,2,0,0,1,0,0,2,0,0,0,66,0,1,0,0,0,0,0,1,0,1,0,0,0,0,0,0,0,9,0,0,0,3,1,0,0,0,1,0,0,1,0,0,0,0,0,0,0,0,5,0,0,0,1,0,1,0,3,0,0,0,0,0,0,0,0,0,0,0,0,0,0,0,0,0,0,0,0,0,0,0,0,0,0,1,0,0,0,0,0,0,0,0,0,0,1,0,0,0,0,0,0,0,0,0,0,0,0,0,0,0,0,0,0,0,0,0,0,0,0,0,0,0,0,0,0,0,0,0,0,0,0,0,0,0,0,0,0,0,0,0,0,0,0,0,0,0,0,0,0,7,0,0,0,0,0,0,0,0,0,0,0,0,0,0,0,0,0,0,0,0,0,0.0,0,0,0,0,0,0,0,0,0,0,0,0,0,0,0,0,0,0,0,0,0,0,0,0,0
2020-03-14,54,21,1441,195,91,0,4,9,611,12,1,3193,0,0,2,2,2,0,0,13,2,0,5,0,3,8,0,22,1,1,2,3,0,0,1,0,0,2,0,0,0,72,0,1,0,3,0,0,0,1,0,3,0,0,0,0,0,0,0,10,0,1,1,3,2,0,0,0,1,0,0,1,0,0,0,0,0,0,0,0,5,0,0,0,1,0,1,0,3,0,0,0,0,0,0,0,0,0,0,0,0,0,0,0,0,0,0,0,0,0,0,0,0,0,0,1,0,0,0,0,0,0,0,0,0,0,1,0,0,0,0,0,0,0,0,0,0,0,0,0,0,0,0,0,0,0,0,0,0,0,0,0,0,0,0,0,0,0,0,0,0,0,0,0,0,0,0,0,0,0,0,0,0,0,0,0,0,0,0,0,0,7,0,0,0,0,0,0,0,0,0,0,0,0,0,0,0,0,0,0,0,0,0,0.0,0,0,0,0,0,0,0,0,0,0,0,0,0,0,0,0,0,0,0,0,0,0,0,0,0
2020-03-15,63,21,1809,289,91,0,4,11,724,20,1,3203,0,0,3,2,2,0,0,14,2,0,5,0,3,11,0,22,1,2,2,4,0,1,1,0,0,2,0,0,0,75,0,1,0,3,0,0,0,1,0,4,0,0,0,0,0,0,0,10,0,1,1,3,2,0,0,0,1,0,0,1,0,0,0,0,0,0,0,0,5,0,0,0,1,0,1,0,3,0,0,0,0,0,0,0,0,0,0,0,0,0,0,0,0,0,0,0,0,0,0,0,0,5,0,1,0,0,0,0,0,0,0,0,0,0,1,0,0,0,0,0,0,0,0,0,0,0,0,0,0,0,0,0,0,0,0,0,0,0,0,0,0,0,0,0,0,0,0,0,0,0,0,0,0,0,0,0,0,0,0,0,0,0,0,0,0,0,0,0,0,7,0,0,0,0,0,0,0,0,0,0,0,0,0,0,0,0,0,0,0,0,0,0.0,0,0,0,0,0,0,0,0,0,0,0,0,0,0,0,0,0,0,0,0,0,0,0,0,0
2020-03-16,85,56,2158,342,148,0,5,17,853,24,4,3217,0,0,6,2,2,0,0,14,2,0,5,0,4,12,0,27,3,3,2,4,0,1,1,0,0,2,0,0,0,75,0,1,0,3,0,0,0,1,0,4,0,0,0,0,0,0,0,10,0,1,1,3,2,0,0,0,1,0,0,1,0,0,0,0,0,0,0,0,7,0,0,0,1,0,1,0,3,0,1,0,0,0,0,0,0,0,0,0,0,0,0,0,0,0,0,0,0,0,0,0,0,0,0,1,0,0,0,0,0,0,0,0,1,0,1,0,0,0,0,0,0,0,0,0,0,0,0,0,0,0,0,0,0,0,0,0,0,0,0,0,0,0,0,0,0,0,0,0,0,0,0,0,0,0,0,0,0,0,0,0,0,0,0,0,0,0,0,0,0,7,0,0,0,0,0,0,0,0,0,0,0,0,0,0,0,0,0,0,0,0,0,0.0,0,0,0,0,0,0,0,0,0,0,0,0,0,1,0,0,0,0,0,0,0,0,0,0,0
2020-03-17,108,56,2503,533,148,1,10,24,988,43,5,3230,1,0,7,3,2,0,0,27,2,1,5,0,5,12,0,29,3,4,4,4,0,1,2,1,0,2,0,0,0,81,0,1,0,3,0,0,0,2,0,5,0,0,0,0,0,0,0,11,2,1,1,5,2,0,0,0,1,0,0,1,0,0,0,0,0,0,0,0,7,0,0,0,1,0,1,0,3,0,1,0,0,0,0,0,0,0,0,0,0,0,0,0,0,0,0,0,0,0,0,0,0,1,0,1,0,0,0,0,0,0,0,0,1,0,1,0,0,0,0,0,0,0,0,0,0,0,0,0,0,0,0,0,0,0,0,0,0,0,0,0,0,0,0,0,0,0,0,0,0,0,0,0,0,0,0,0,0,0,0,0,0,0,0,0,0,0,0,0,0,7,0,0,0,0,0,0,0,0,0,0,0,0,0,0,0,0,0,0,0,0,0,0.0,0,0,0,0,0,0,0,0,0,0,0,0,0,1,0,0,0,0,0,0,0,0,0,0,0
2020-03-18,118,72,2978,623,148,3,14,28,1135,58,8,3241,1,0,10,3,2,0,0,28,2,2,19,0,5,19,0,29,4,4,6,7,0,1,2,1,0,2,0,0,0,84,0,1,1,6,0,0,0,2,1,5,0,0,0,0,0,0,0,12,2,1,2,6,2,0,0,1,1,0,0,1,0,1,0,0,0,0,0,0,11,0,0,0,1,0,2,0,3,1,1,0,0,0,0,0,0,0,0,0,0,0,0,0,0,0,0,0,0,0,0,0,0,1,0,1,0,0,0,0,0,0,0,0,1,0,1,0,0,0,0,0,0,0,0,0,0,0,0,0,0,0,0,0,0,0,0,0,0,0,0,0,0,0,0,0,0,0,0,0,0,0,0,0,0,0,0,0,0,0,0,0,0,0,0,0,0,0,0,0,0,7,0,0,0,0,0,0,0,0,0,0,0,0,0,0,0,0,0,0,0,0,0,0.0,0,0,0,0,0,0,0,0,0,0,0,0,0,1,0,0,0,0,0,0,0,0,0,0,0
2020-03-19,200,138,3405,830,243,6,21,44,1284,77,9,3249,3,1,11,4,3,1,0,41,3,3,25,0,5,17,2,29,6,6,6,9,0,1,2,2,0,3,0,0,0,91,0,1,1,7,0,0,0,2,1,6,0,0,0,0,0,0,0,13,2,1,4,6,3,1,0,1,1,0,0,1,0,1,0,0,0,0,1,0,11,0,0,0,1,0,2,0,4,1,1,0,0,0,0,0,0,0,0,0,0,0,0,0,0,0,0,0,0,0,0,0,0,1,0,1,0,0,0,0,0,0,0,1,1,0,1,0,0,1,0,0,0,0,0,0,0,0,0,0,0,0,0,0,0,0,0,0,0,0,0,0,0,0,0,0,0,0,0,0,0,0,0,0,0,0,0,0,0,0,0,0,0,0,0,0,0,0,0,0,0,7,0,0,0,0,0,0,0,0,0,0,0,0,0,0,0,0,0,0,0,0,0,0.0,0,0,0,0,0,0,0,0,0,0,0,0,0,1,0,0,0,0,0,0,0,0,0,0,0
2020-03-20,244,178,4032,1043,450,11,37,67,1433,107,12,3253,4,1,16,5,5,1,3,54,3,6,32,0,5,18,3,33,6,9,8,11,0,3,3,2,0,3,0,0,0,94,0,1,1,7,1,0,2,3,1,6,0,0,0,0,0,0,0,17,3,1,4,7,3,1,0,1,1,0,0,1,0,1,0,0,0,0,1,0,14,0,0,3,1,0,2,0,4,1,1,0,0,0,0,0,0,0,0,0,0,0,0,0,0,0,0,0,0,0,0,0,0,0,0,1,0,0,0,0,0,0,1,1,1,0,2,0,0,1,0,0,0,0,0,0,0,0,0,0,0,0,0,0,0,0,0,0,0,0,0,0,0,0,0,0,0,0,0,0,0,0,0,0,0,0,0,0,0,0,0,0,0,0,0,0,0,0,0,0,0,7,0,0,0,0,0,0,0,0,0,0,0,0,0,0,0,0,0,0,0,0,0,0.0,0,0,0,0,0,0,0,0,0,0,0,0,0,1,0,0,0,0,0,0,0,0,0,0,0
2020-03-21,307,234,4825,1375,562,15,67,84,1556,137,19,3259,9,2,20,4,7,1,5,75,3,12,38,0,5,19,3,35,8,13,10,15,0,4,3,2,0,4,0,1,1,102,0,1,2,7,1,0,2,3,1,13,0,0,0,0,0,0,1,17,4,1,8,7,3,1,0,1,1,0,0,1,0,2,1,0,0,0,1,1,20,0,0,0,1,0,2,0,4,1,1,1,0,0,0,2,0,0,0,0,0,0,0,0,0,0,0,0,0,0,0,0,0,1,0,1,1,1,0,0,0,0,1,1,1,0,2,0,0,2,0,0,0,0,0,0,0,0,0,0,0,0,0,0,0,0,0,0,0,0,0,0,0,0,0,0,0,0,0,0,0,0,0,0,0,0,0,0,0,0,0,0,0,0,0,0,0,0,0,0,0,8,0,0,0,0,0,0,0,0,0,0,0,0,0,0,0,0,0,0,0,0,0,0.0,0,0,0,0,0,0,0,0,0,0,0,0,0,1,0,0,0,0,0,0,0,0,0,0,0
2020-03-22,427,282,5476,1756,676,25,75,94,1685,180,21,3265,30,2,21,7,14,1,5,98,4,14,48,3,7,25,4,36,16,13,14,17,2,6,3,3,1,4,1,1,1,104,0,3,2,7,2,0,2,4,1,15,0,0,0,1,0,0,1,20,10,2,8,7,3,1,1,1,1,0,0,1,0,4,1,1,0,0,3,1,20,0,0,0,1,0,2,0,4,0,1,1,0,0,0,2,0,0,0,0,0,0,0,1,0,0,0,0,0,0,0,0,0,1,0,1,2,1,0,0,0,0,1,1,2,0,2,0,0,2,0,0,0,0,0,0,0,0,0,0,0,0,0,0,0,0,0,0,0,0,0,0,0,0,0,0,0,0,0,0,0,0,0,0,0,0,0,0,0,0,0,0,0,0,0,0,0,0,0,0,0,8,0,0,0,0,0,0,0,0,0,0,0,0,0,0,0,0,0,0,0,0,0,0.0,0,0,0,0,0,0,0,0,0,0,0,0,0,0,0,0,0,0,0,0,0,0,0,0,0
2020-03-23,552,336,6077,2311,862,34,88,123,1812,214,25,3274,37,3,25,10,18,1,5,120,6,23,49,7,8,33,6,42,21,24,19,17,3,7,3,3,2,4,1,1,1,111,0,3,3,10,3,0,2,4,1,17,1,0,0,1,0,0,1,23,14,3,8,7,3,1,2,1,1,0,0,1,0,4,1,1,0,0,3,1,20,0,0,0,1,0,4,0,4,0,1,2,0,0,0,2,0,0,0,0,0,0,0,1,0,0,0,0,0,0,0,0,0,1,0,1,2,1,0,0,1,0,1,1,2,0,2,0,0,2,0,0,0,0,0,1,0,0,0,0,0,0,0,0,0,0,0,0,0,0,0,0,0,0,1,0,0,0,0,0,0,0,0,0,0,0,0,0,0,0,0,0,0,0,0,0,0,0,0,0,0,8,0,0,0,0,0,0,0,0,0,0,0,0,0,0,0,0,0,0,0,0,0,0.0,0,0,0,0,0,0,0,0,0,0,0,0,0,0,0,0,0,0,0,0,0,0,0,0,0
2020-03-24,706,423,6820,2808,1102,46,122,157,1934,277,26,3281,44,4,36,10,27,1,7,122,7,33,55,11,10,35,7,43,28,32,20,19,3,9,3,6,2,6,3,1,3,120,1,6,4,12,3,0,2,5,1,20,1,0,0,1,0,0,3,27,16,4,8,8,3,1,2,1,1,0,0,4,0,4,2,1,0,0,4,2,21,0,0,0,1,0,5,0,4,0,1,2,0,0,0,2,0,0,0,0,0,0,0,3,0,0,0,0,0,0,0,0,0,2,0,1,2,2,0,0,1,0,1,1,3,0,2,0,0,2,0,0,0,0,0,1,0,0,0,0,0,0,0,1,0,0,0,0,0,0,0,0,0,0,1,0,0,0,0,0,0,0,0,0,0,0,0,0,0,0,0,0,0,0,0,0,0,0,0,0,0,0,0,0,0,0,0,0,0,0,0,0,0,0,0,0,0,0,0,0,0,0,0,0.0,0,0,0,0,0,0,0,0,0,0,0,0,0,0,0,0,0,0,0,0,0,0,0,0,0
2020-03-25,942,466,7503,3647,1333,59,178,206,2077,357,30,3285,59,5,62,12,28,3,9,153,9,43,58,17,14,38,8,45,30,34,21,21,4,10,5,10,3,8,6,3,5,126,2,8,5,14,4,0,2,6,1,22,1,0,1,2,0,0,3,29,20,5,8,8,3,1,3,1,1,0,1,4,0,4,4,1,0,1,5,2,21,0,0,0,2,0,5,0,6,0,1,4,0,0,0,2,0,0,0,0,0,0,0,3,0,0,10,0,0,0,0,0,0,2,0,1,2,3,0,0,1,0,1,1,4,1,2,0,0,2,0,0,0,0,0,1,0,0,0,0,0,0,0,1,0,0,0,0,0,0,0,0,0,0,1,0,0,0,0,0,0,0,0,0,0,0,0,0,0,0,0,0,0,0,0,0,0,0,0,0,0,0,0,0,0,0,0,0,0,0,0,0,0,0,0,0,0,0,0,0,0,0,0,0.0,0,0,0,0,0,0,0,0,0,0,0,0,0,0,0,0,0,0,0,0,0,0,0,0,0
2020-03-26,1209,580,8215,4365,1698,77,220,267,2234,435,38,3291,75,6,77,20,34,3,9,191,19,60,78,23,16,45,9,47,49,41,24,25,6,10,5,10,4,9,9,5,8,131,3,8,5,14,1,0,2,11,1,26,1,0,1,4,0,1,3,36,23,6,9,13,3,3,3,2,1,0,1,4,0,7,4,3,1,1,6,3,21,0,1,1,3,0,6,1,6,0,1,4,0,0,0,2,0,0,0,0,0,0,0,3,0,0,10,0,0,0,0,0,0,2,0,1,2,3,0,0,1,0,1,1,4,1,2,0,0,2,0,0,0,0,0,1,0,0,0,0,0,0,0,1,1,0,0,0,0,0,0,0,0,0,1,0,0,0,0,0,0,0,0,0,0,0,0,0,0,0,0,0,0,0,0,0,0,0,0,0,0,0,0,0,0,0,0,0,0,0,0,0,0,0,0,0,0,0,0,0,0,0,0,0.0,0,0,0,0,0,0,0,0,0,0,0,0,0,0,0,0,0,0,0,0,0,0,0,0,0
2020-03-27,1581,761,9134,5138,1997,92,289,342,2378,547,54,3296,92,8,105,20,36,4,11,231,22,76,87,26,16,54,11,49,58,52,30,26,6,10,5,20,5,13,9,7,12,139,3,9,5,19,1,1,2,23,2,28,1,0,2,4,0,1,4,40,26,9,15,13,3,3,3,2,1,0,1,5,0,9,5,3,1,1,6,3,21,0,1,1,3,0,8,1,8,0,1,4,0,0,0,2,0,0,0,0,0,0,0,5,0,0,10,0,0,1,0,0,0,2,1,1,2,3,1,0,1,1,1,1,4,2,2,0,0,2,0,0,1,0,0,1,0,0,0,0,0,0,0,1,1,0,0,0,0,0,0,0,0,0,1,0,0,0,0,0,0,0,0,0,0,0,0,0,0,0,0,0,0,0,0,0,0,0,0,0,0,0,0,0,0,0,0,0,0,0,0,0,0,0,0,0,0,0,0,0,0,0,0,0.0,0,0,0,0,0,0,0,0,0,0,0,0,0,0,0,0,0,0,0,0,0,0,0,0,0
2020-03-28,2026,1021,10023,5982,2317,111,353,433,2517,640,61,3299,108,12,105,24,48,4,16,264,36,100,102,37,18,68,12,52,68,65,36,29,6,11,9,28,6,18,11,9,12,144,4,14,5,23,10,1,2,25,2,32,1,0,2,4,0,1,5,42,27,9,18,14,7,5,4,3,1,0,1,6,0,11,7,3,1,1,8,6,22,0,1,1,4,0,10,1,8,0,1,5,0,0,0,2,0,0,0,0,0,0,0,5,0,1,10,0,0,1,0,0,0,2,2,1,2,3,2,1,1,1,1,1,4,3,2,0,0,2,0,0,1,0,0,1,0,0,0,0,0,0,0,1,1,0,0,0,0,0,0,1,0,0,1,0,0,0,0,0,0,0,0,0,0,0,0,0,0,0,0,0,0,0,0,0,0,0,0,0,0,0,0,0,0,0,0,0,0,0,0,0,0,0,0,0,0,0,0,0,0,0,0,0.0,0,0,0,0,0,0,0,0,0,0,0,0,0,0,0,0,0,0,0,0,0,0,0,0,0
2020-03-29,2467,1231,10779,6803,2611,136,431,533,2640,772,64,3304,131,16,110,27,58,8,18,300,46,119,114,43,22,71,14,54,86,72,40,31,10,13,10,39,7,19,16,11,15,152,8,17,5,25,13,2,3,26,2,38,1,0,6,4,1,3,6,42,35,11,21,16,8,6,6,3,1,0,3,7,0,12,7,6,3,1,8,6,22,1,1,1,4,0,10,1,10,0,1,5,0,1,1,3,0,1,0,0,0,0,0,5,0,1,10,0,0,1,0,0,0,2,2,1,3,3,2,1,1,3,1,1,4,3,2,0,0,2,0,0,1,0,1,1,0,0,1,0,0,0,0,1,1,0,0,2,0,0,0,1,0,0,1,0,0,0,0,0,0,0,0,0,0,0,0,0,0,0,0,0,0,0,0,0,0,0,0,0,0,0,0,0,0,0,0,0,0,0,0,0,0,0,0,0,0,0,0,0,0,0,0,0.0,0,0,0,0,0,0,0,0,0,0,0,0,0,0,0,0,0,0,0,0,0,0,0,0,0
2020-03-30,2978,1411,11591,7716,3030,159,513,645,2757,865,80,3308,168,20,146,32,60,9,24,359,54,140,122,65,31,78,21,54,108,77,41,35,12,15,13,42,8,23,23,13,16,158,8,24,5,32,16,3,5,33,2,43,2,0,6,4,4,7,10,46,37,11,22,17,8,6,7,4,2,0,3,9,0,12,7,8,3,3,8,8,25,2,1,1,4,0,11,1,11,0,1,5,0,1,1,3,0,1,0,0,0,0,0,7,0,1,10,0,0,1,0,0,0,2,3,1,3,3,2,2,1,5,1,1,4,3,5,0,0,2,0,0,1,0,1,1,0,0,2,0,0,0,0,1,1,0,0,2,0,0,0,1,0,0,1,0,1,0,0,0,0,0,0,0,0,0,0,0,0,0,0,0,0,0,0,0,0,0,0,0,0,0,0,0,0,0,0,0,0,0,0,0,0,0,0,0,0,0,0,0,0,0,0,0.0,0,0,0,0,0,0,0,0,0,0,0,0,0,0,0,0,0,0,0,0,0,0,0,0,0
2020-03-31,3873,1793,12428,8464,3532,201,705,775,2898,1040,101,3309,214,28,180,35,75,17,30,433,71,160,136,82,33,88,26,56,128,90,46,44,16,16,17,51,12,27,31,17,20,162,10,30,5,39,16,5,6,36,4,49,2,1,6,4,6,7,13,50,43,15,23,18,8,6,9,6,2,0,4,10,0,14,8,12,3,3,10,8,26,2,1,2,5,0,15,1,12,0,1,5,1,1,1,3,0,1,0,0,1,0,1,8,0,2,10,0,0,1,0,0,0,2,3,2,5,3,2,2,2,5,1,1,4,3,5,0,0,2,1,0,1,0,1,1,0,0,2,0,0,0,0,1,1,0,0,2,0,0,0,1,0,0,1,1,1,0,0,0,0,0,0,0,0,0,0,0,0,0,0,0,0,0,0,0,0,0,0,0,0,0,0,0,0,0,0,0,0,0,0,0,0,0,0,0,0,0,0,0,0,0,0,0.0,0,0,0,0,0,0,0,0,0,0,0,0,0,0,0,0,0,0,0,0,0,0,0,0,0
2020-04-01,4757,2357,13155,9387,4043,240,828,920,3036,1175,109,3316,277,29,239,58,93,24,38,488,85,187,157,92,43,96,27,57,146,104,52,58,17,20,20,57,16,28,39,17,26,165,16,30,6,44,28,5,8,39,5,50,2,2,6,4,7,10,13,52,45,15,29,20,10,6,11,6,2,0,5,12,0,16,8,14,4,5,12,9,26,3,1,3,5,0,15,1,14,1,1,5,1,1,1,3,0,2,0,1,1,0,1,9,0,2,11,0,1,2,0,0,0,2,3,2,6,3,2,3,2,5,1,3,4,5,5,0,0,2,1,0,1,0,1,1,0,0,2,0,0,0,0,1,1,0,0,2,0,2,0,1,0,0,1,1,1,0,0,0,0,0,0,0,0,0,0,0,0,0,0,0,0,0,0,0,0,0,0,0,0,0,0,0,0,0,0,0,0,0,0,0,0,0,0,0,0,0,0,0,0,0,0,0.0,0,0,0,0,0,0,0,0,0,0,0,0,0,0,0,0,0,0,0,0,0,0,0,0,0
2020-04-02,5926,2926,13915,10348,5398,324,1011,1107,3160,1341,139,3322,356,37,308,72,120,30,55,536,98,209,170,115,57,107,34,62,158,123,58,86,19,21,22,60,18,36,44,19,36,169,21,32,6,50,31,5,8,44,6,53,2,4,7,6,8,14,16,54,50,17,30,24,10,7,11,6,2,0,11,15,0,16,9,15,7,5,14,13,30,3,3,3,5,0,16,1,16,1,1,5,1,1,1,4,0,4,0,1,2,0,1,10,0,3,11,0,1,2,2,0,0,4,5,4,7,3,2,4,2,5,1,3,4,5,5,0,1,2,1,0,1,0,1,1,0,0,2,0,1,0,0,1,1,0,0,2,0,2,0,1,0,0,1,1,1,0,0,0,0,0,0,0,0,0,0,0,0,0,0,0,0,0,0,0,0,0,0,0,0,0,0,0,0,0,0,0,0,0,0,0,0,0,0,0,0,0,0,0,0,0,0,0.0,0,0,0,0,0,0,0,0,0,0,0,0,0,0,0,0,0,0,0,0,0,0,0,0,0
2020-04-03,7087,3611,14681,11198,6520,359,1143,1275,3294,1490,179,3326,425,50,358,72,145,34,61,591,120,246,181,133,71,136,40,63,168,139,66,105,25,26,27,68,22,39,53,20,40,174,25,37,6,59,39,9,9,48,8,63,4,4,8,6,9,15,17,54,53,20,31,28,14,8,12,6,2,0,12,19,0,16,9,16,7,5,18,13,30,3,4,6,5,0,17,1,17,1,1,5,1,1,1,5,0,4,0,1,2,1,1,11,0,3,11,1,1,3,2,0,0,4,7,4,7,3,2,4,2,5,1,3,4,6,5,0,1,2,1,0,1,0,1,1,0,0,2,0,1,0,0,1,1,0,0,2,0,2,1,1,0,0,1,1,1,0,0,0,0,0,0,0,0,0,0,0,0,0,0,0,0,0,0,0,0,0,0,0,0,0,0,0,0,0,0,0,0,0,0,0,0,0,0,0,0,0,0,0,0,0,0,0.0,0,0,0,0,0,0,0,0,0,0,0,0,0,0,0,0,0,0,0,0,0,0,0,0,0
2020-04-04,8407,4320,15362,11947,7574,445,1283,1444,3452,1656,218,3330,501,60,373,86,172,43,73,666,137,266,191,146,79,144,41,77,186,161,71,130,32,32,32,68,27,43,59,25,44,177,29,41,8,62,44,9,10,59,12,68,4,5,9,7,10,15,21,56,57,22,31,30,17,12,17,6,2,1,13,20,0,16,11,17,7,8,18,18,32,3,4,5,5,0,20,1,17,1,2,5,1,1,1,6,1,5,0,2,3,1,2,11,0,3,11,1,4,3,2,1,0,4,7,4,7,3,2,5,2,5,1,3,4,6,5,0,1,2,1,0,1,0,1,1,0,0,2,0,1,0,0,1,1,0,0,2,0,2,1,1,0,1,1,1,1,0,0,0,0,0,0,0,0,0,0,0,0,0,0,0,0,0,0,0,0,0,0,0,0,0,0,0,0,0,0,0,0,0,0,0,0,0,0,0,0,0,0,0,0,0,0,0.0,0,0,0,0,0,0,0,0,0,0,0,0,0,0,0,0,0,0,0,0,0,0,0,0,0
2020-04-05,9619,4943,15887,12641,8093,486,1447,1584,3603,1771,259,3333,574,79,401,99,180,45,83,715,158,295,198,151,94,152,47,77,204,179,78,152,35,34,37,82,34,44,67,28,49,183,34,46,9,71,51,11,10,70,15,73,5,8,9,7,10,22,23,61,61,28,36,35,20,15,18,8,2,1,15,23,0,17,13,18,7,10,22,18,32,5,4,6,7,0,20,1,18,1,2,5,1,1,3,6,3,5,0,2,3,1,2,9,1,4,11,1,4,3,5,2,0,4,7,4,7,3,2,5,2,5,1,3,4,7,5,1,1,2,1,2,1,0,1,1,0,0,2,0,1,0,0,1,1,0,0,2,0,2,1,1,0,1,1,1,1,0,0,0,0,0,0,0,0,0,0,0,0,0,0,0,0,0,0,0,0,0,0,0,0,0,0,0,0,0,0,0,0,0,0,0,0,0,0,0,0,0,0,0,0,0,0,0.0,0,0,0,0,0,0,0,0,0,0,0,0,0,0,0,0,0,0,0,0,0,0,0,0,0
2020-04-06,10783,5385,16523,13341,8926,564,1632,1810,3739,1874,339,3335,649,94,477,136,191,47,92,765,174,311,209,176,107,163,53,85,220,187,85,173,46,38,38,86,37,48,78,27,57,186,38,54,12,76,58,12,11,80,19,79,5,13,9,11,11,22,29,64,62,30,41,40,22,16,23,9,2,1,19,26,0,18,15,21,8,10,22,18,32,5,6,6,7,0,21,1,19,2,3,5,1,1,3,6,3,6,0,2,4,1,2,9,1,4,11,4,5,3,5,2,0,6,7,4,7,5,2,5,2,6,1,3,4,8,5,2,1,2,1,2,1,0,1,1,0,0,2,0,1,0,0,1,1,1,0,2,1,2,1,1,0,1,1,1,1,0,0,0,0,0,0,0,0,0,0,0,0,0,0,0,0,0,0,0,0,0,0,0,0,0,0,0,0,0,0,0,0,0,0,0,0,0,0,0,0,0,0,0,0,0,0,0.0,0,0,0,0,0,0,0,0,0,0,0,0,0,0,0,0,0,0,0,0,0,0,0,0,0
2020-04-07,12722,6171,17127,14045,10343,686,2035,2016,3872,2108,375,3335,725,125,591,150,191,58,107,821,210,345,221,197,129,177,57,92,243,203,94,193,50,47,45,98,43,56,88,34,65,192,41,55,17,89,61,13,12,90,22,81,6,13,9,14,14,22,33,65,63,36,44,45,23,18,26,11,2,1,21,27,0,19,15,22,8,11,23,18,34,5,6,6,8,0,22,4,19,2,3,5,1,1,3,6,3,7,0,2,4,2,2,9,1,6,11,4,6,3,5,3,0,6,7,5,7,5,2,6,2,6,1,3,5,8,5,3,1,2,1,2,1,0,1,2,0,1,2,0,1,0,0,1,1,1,0,2,1,2,1,1,0,1,1,1,1,0,0,0,0,0,0,0,0,0,0,0,0,0,0,0,0,0,0,0,0,0,0,0,0,0,0,0,0,0,0,0,0,0,0,0,0,0,0,0,0,0,0,0,0,0,0,0.0,0,0,0,0,0,0,0,0,0,0,0,0,0,0,0,0,0,0,0,0,0,0,0,0,0
2020-04-08,14695,7111,17669,14792,10887,819,2240,2349,3993,2255,407,3337,812,141,687,178,242,63,121,895,235,380,240,220,159,182,61,93,273,218,103,205,54,58,52,108,48,63,99,40,73,200,41,59,20,101,65,18,12,93,27,83,6,13,10,14,15,22,34,69,65,40,46,50,24,19,29,12,2,1,24,30,1,23,15,23,9,11,24,18,34,7,6,7,8,0,22,5,19,2,3,6,1,1,3,6,4,7,0,2,5,2,2,9,1,6,11,4,7,3,5,3,0,6,9,6,7,5,3,7,2,6,1,4,5,8,5,3,1,3,3,2,1,1,1,3,0,2,2,0,1,0,0,1,1,1,0,2,1,2,1,1,0,1,1,1,1,0,0,0,0,0,0,0,0,0,0,0,0,0,0,0,0,0,0,0,0,0,0,0,0,0,0,0,0,0,0,0,0,0,0,0,0,0,0,0,0,0,0,0,0,0,0,0.0,0,0,0,0,0,0,0,0,0,0,0,0,0,0,0,0,0,0,0,0,0,0,0,0,0
2020-04-09,16478,7993,18279,15447,12228,950,2523,2607,4110,2403,503,3339,908,174,793,226,272,76,138,948,263,409,280,248,174,203,65,94,295,237,118,235,69,66,57,118,57,72,112,42,86,204,44,63,21,108,66,18,14,97,29,87,7,16,10,15,18,23,35,69,67,43,52,51,24,20,30,15,2,1,24,32,1,24,16,25,10,11,25,18,34,7,7,8,9,0,23,5,19,2,3,6,1,1,3,6,4,7,0,2,6,3,3,10,2,6,11,4,8,3,5,3,0,6,9,6,7,5,3,7,2,7,1,4,5,8,5,3,1,3,3,2,1,2,1,3,0,2,2,0,1,0,0,1,1,1,0,2,1,2,1,1,0,1,1,1,1,0,0,0,0,0,0,0,0,0,0,0,0,0,0,0,0,0,0,0,0,0,0,0,0,0,0,0,0,0,0,0,0,0,0,0,0,0,0,0,0,0,0,0,0,0,0,0.0,0,0,0,0,0,0,0,0,0,0,0,0,0,0,0,0,0,0,0,0,0,0,0,0,0
2020-04-10,18586,8974,18849,16081,13215,1057,3019,2767,4232,2520,557,3340,1006,194,870,246,297,94,169,1002,287,435,306,270,181,221,66,99,319,247,135,256,80,77,69,126,65,82,119,48,95,208,47,66,27,113,71,24,16,107,29,92,7,19,12,15,19,23,36,70,70,45,54,54,25,21,32,15,2,1,24,33,1,24,22,26,12,11,25,20,34,7,7,10,10,0,23,7,20,2,3,6,3,2,3,7,5,7,0,2,6,3,3,10,2,6,11,5,8,3,5,3,0,7,9,6,9,6,3,7,2,7,1,4,6,8,6,4,2,3,3,3,1,2,1,3,0,2,2,0,1,0,1,1,2,2,0,2,1,2,1,1,0,1,1,1,1,0,0,0,0,0,0,0,0,0,0,0,0,0,0,0,0,0,0,0,0,0,0,0,0,0,0,0,0,0,0,0,0,0,0,0,0,0,0,0,0,0,0,0,0,0,0,0.0,0,0,0,0,0,0,0,0,0,0,0,0,0,0,0,0,0,0,0,0,0,0,0,0,0
2020-04-11,20462,9892,19468,16606,13851,1124,3346,2736,4357,2653,654,3343,1101,233,887,288,315,106,181,1036,320,470,327,291,208,247,86,99,337,260,146,275,100,85,73,135,73,83,129,49,101,211,52,74,30,119,74,25,20,111,30,93,10,23,12,18,20,24,37,72,73,50,62,57,28,21,34,16,2,1,24,35,1,27,23,26,13,11,28,20,35,7,7,10,11,0,23,7,20,2,3,8,3,4,4,8,5,7,0,2,6,3,3,10,2,6,11,5,8,3,5,3,0,8,9,6,9,6,4,7,2,7,1,4,6,8,6,4,2,3,3,3,1,3,1,3,0,2,2,0,1,0,2,1,2,2,0,2,1,2,1,1,0,1,1,1,1,0,0,0,0,0,0,0,0,0,0,0,0,0,0,0,0,0,0,0,0,0,0,0,0,0,0,0,0,0,0,0,0,0,0,0,0,0,0,0,0,0,0,0,0,0,0,0.0,0,0,0,0,0,0,0,0,0,0,0,0,0,0,0,0,0,0,0,0,0,0,0,0,0
2020-04-12,22019,10629,19899,17209,14412,1223,3600,3022,4474,2747,713,3343,1198,273,899,331,333,130,193,1106,334,504,373,316,232,297,91,108,350,273,159,293,109,99,83,173,80,90,138,56,103,214,59,79,34,128,80,25,22,118,31,98,10,26,12,18,24,25,39,76,76,53,66,60,29,23,34,18,2,1,25,38,1,27,23,29,13,12,31,20,35,9,8,10,11,0,23,7,20,2,5,8,3,4,5,8,5,7,0,2,6,5,4,11,3,7,11,5,8,3,5,3,0,8,9,6,9,6,4,7,3,7,1,4,6,8,6,4,2,3,4,3,1,3,1,3,0,2,2,0,1,0,2,1,2,2,0,2,1,2,1,1,0,1,1,1,1,0,0,0,0,0,0,0,0,0,0,0,0,0,0,0,0,0,0,0,0,0,0,0,0,0,0,0,0,0,0,0,0,0,0,0,0,0,0,0,0,0,0,0,0,0,0,0.0,0,0,0,0,0,0,0,0,0,0,0,0,0,0,0,0,0,0,0,0,0,0,0,0,0
2020-04-13,23528,11347,20465,17756,14986,1328,3903,3194,4585,2833,780,3345,1296,296,919,358,355,148,216,1138,365,535,399,331,245,315,93,123,368,285,164,313,112,109,93,177,82,97,143,59,116,217,65,87,39,134,85,27,25,126,35,99,10,29,12,21,27,25,39,78,77,55,69,61,32,25,38,21,4,2,28,40,2,27,24,29,14,12,34,20,35,10,9,12,12,0,23,7,20,2,5,8,3,5,6,9,6,8,0,2,6,5,4,12,3,7,11,5,8,3,5,3,0,8,9,6,9,6,4,7,3,7,1,4,6,8,6,4,2,3,4,3,1,3,1,3,0,2,2,0,1,0,2,1,2,2,0,2,1,2,1,1,1,1,1,1,1,0,0,0,0,0,0,0,0,0,0,0,0,0,0,0,0,0,0,0,0,0,0,0,0,0,0,0,0,0,0,0,0,0,0,0,0,0,0,0,0,0,0,0,0,0,0,0.0,0,0,0,0,0,0,0,0,0,0,0,0,0,0,0,0,0,0,0,0,0,0,0,0,0
2020-04-14,25831,12129,21067,18056,15748,1532,4157,3294,4683,2955,900,3345,1403,332,1033,393,369,170,230,1174,406,567,459,351,263,335,96,143,384,299,178,326,127,122,98,183,92,102,161,64,123,222,73,94,46,139,94,27,28,126,40,101,11,33,14,23,28,26,40,78,82,56,67,62,35,31,44,21,5,3,31,41,2,30,29,31,16,14,34,20,36,13,9,14,13,0,24,8,21,2,5,8,3,9,6,10,6,8,0,2,6,5,4,12,3,7,12,5,8,3,5,3,0,8,9,6,9,7,4,7,4,7,1,4,7,8,6,4,2,3,4,3,1,3,1,3,0,2,2,0,1,0,2,1,2,2,0,2,1,2,1,1,1,1,1,1,1,0,0,0,0,0,0,0,0,0,0,0,0,0,0,0,0,0,0,0,0,0,0,0,0,0,0,0,0,0,0,0,0,0,0,0,0,0,0,0,0,0,0,0,0,0,0,0.0,0,0,0,0,0,0,0,0,0,0,0,0,0,0,0,0,0,0,0,0,0,0,0,0,0
2020-04-15,28325,12894,21645,18708,17188,1736,4440,3804,4777,3145,1007,3346,1518,406,1203,405,388,198,254,1239,444,599,469,372,286,349,111,146,393,309,183,336,131,134,108,189,94,111,166,72,130,225,79,95,50,150,99,34,33,127,46,102,12,36,17,25,28,31,41,79,83,61,69,63,36,33,45,24,5,3,35,43,5,32,30,33,17,14,35,21,36,13,10,16,13,0,25,8,21,6,5,8,4,9,6,10,6,8,0,2,6,5,4,12,3,7,12,5,8,3,5,3,1,8,9,6,9,8,4,7,4,7,1,5,7,8,6,5,2,4,4,3,1,3,3,3,0,2,2,0,1,0,2,1,2,2,0,2,1,2,1,1,1,1,1,1,1,0,0,0,0,0,0,0,0,0,0,0,0,0,0,0,0,0,0,0,0,0,0,0,0,0,0,0,0,0,0,0,0,0,0,0,0,0,0,0,0,0,0,0,0,0,0,0.0,0,0,0,0,0,0,0,0,0,0,0,0,0,0,0,0,0,0,0,0,0,0,0,0,0
2020-04-16,32916,13759,22170,19315,17941,1924,4857,4052,4869,3327,1258,3346,1643,449,1333,448,403,232,274,1281,486,629,496,392,314,362,128,178,410,321,196,348,144,142,116,196,105,115,169,75,142,229,83,103,60,152,103,48,35,130,54,105,13,40,22,30,29,35,43,80,84,61,69,63,38,35,46,27,5,3,36,46,5,32,32,33,18,14,37,22,38,13,11,17,15,0,26,11,21,8,5,8,4,9,6,10,6,9,0,2,6,5,4,12,3,7,12,5,8,5,5,3,1,8,9,6,9,8,4,7,4,7,1,5,7,8,6,5,2,4,4,3,1,3,3,3,0,3,2,0,1,0,2,1,2,2,1,2,1,2,1,1,1,1,1,1,1,0,0,0,0,0,0,0,0,0,0,0,0,0,0,0,0,0,0,0,0,0,0,0,0,0,0,0,0,0,0,0,0,0,0,0,0,0,0,0,0,0,0,0,0,0,0,0.0,0,0,0,0,0,0,0,0,0,0,0,0,0,0,0,0,0,0,0,0,0,0,0,0,0
2020-04-17,36773,14607,22745,20002,18703,2141,5163,4352,4958,3471,1355,4636,1769,486,1400,486,421,273,300,1327,530,657,520,411,332,387,135,190,431,336,205,364,153,156,125,200,116,123,173,82,151,230,87,109,75,161,110,50,37,135,56,108,17,42,22,30,31,41,46,81,86,66,72,66,41,36,49,31,6,5,38,47,6,35,33,35,19,18,37,23,39,13,11,17,15,0,26,12,21,9,7,8,5,11,6,11,7,9,0,2,7,5,6,12,3,7,13,5,9,5,6,3,3,9,9,6,9,8,4,7,5,7,1,5,7,8,6,5,2,4,4,3,1,3,3,3,0,3,2,0,1,0,2,1,2,2,1,2,1,2,1,1,1,1,1,1,1,0,0,0,0,0,0,0,0,0,0,0,0,0,0,0,0,0,0,0,0,0,0,0,0,0,0,0,0,0,0,0,0,0,0,0,0,0,0,0,0,0,0,0,0,0,0,0.0,0,0,0,0,0,0,0,0,0,0,0,0,0,0,0,0,0,0,0,0,0,0,0,0,0
2020-04-18,38664,15498,23227,20043,19345,2354,5453,4459,5031,3613,1400,4636,1890,546,1511,521,456,313,348,1368,571,687,535,421,347,397,143,222,443,346,224,367,153,172,133,217,126,129,181,90,164,232,92,116,84,164,117,52,37,137,57,110,19,45,22,30,31,46,47,82,88,70,72,67,41,39,49,32,10,6,38,47,7,36,33,35,20,19,37,25,39,13,12,17,18,0,26,12,21,11,7,9,5,11,8,11,7,9,0,3,7,5,6,12,3,8,13,5,9,5,6,4,3,9,9,6,9,8,5,7,5,7,1,5,7,8,6,5,2,4,5,3,2,3,3,3,0,3,2,0,1,0,2,1,2,2,1,2,1,2,1,1,1,1,1,1,1,0,0,0,0,0,0,0,0,0,0,0,0,0,0,0,0,0,0,0,0,0,0,0,0,0,0,0,0,0,0,0,0,0,0,0,0,0,0,0,0,0,0,0,0,0,0,0.0,0,0,0,0,0,0,0,0,0,0,0,0,0,0,0,0,0,0,0,0,0,0,0,0,0
2020-04-19,40661,16095,23660,20453,19744,2462,5683,4586,5118,3697,1564,4636,2017,650,1540,559,474,361,400,1393,610,714,582,451,360,409,168,236,452,355,239,375,179,189,141,226,133,132,186,94,172,234,97,120,91,165,122,54,41,141,67,113,21,47,42,33,32,46,48,82,89,74,73,67,42,47,51,34,10,7,40,47,7,36,35,36,20,20,38,25,39,14,14,17,19,0,26,12,21,12,7,9,7,12,9,11,8,10,0,3,7,5,7,12,3,8,13,5,9,5,6,4,5,9,9,7,9,8,5,7,5,7,1,5,7,8,6,5,3,5,5,3,2,3,3,3,0,3,3,0,1,0,2,1,3,2,1,2,1,2,1,1,1,1,1,1,1,0,0,0,0,0,0,0,0,0,0,0,0,0,0,0,0,0,0,0,0,0,0,0,0,0,0,0,0,0,0,0,0,0,0,0,0,0,0,0,0,0,0,0,0,0,0,0.0,0,0,0,0,0,0,0,0,0,0,0,0,0,0,0,0,0,0,0,0,0,0,0,0,0
2020-04-20,42094,16550,24114,20852,20292,2587,5828,4862,5209,3764,1726,4636,2140,686,1580,592,507,405,445,1429,687,735,590,478,380,428,176,236,470,364,250,384,189,199,151,235,139,136,194,98,177,236,103,126,101,181,125,58,43,143,70,116,22,51,42,36,33,46,49,82,89,77,75,67,43,47,54,36,12,9,40,47,8,38,37,37,22,20,38,25,39,14,14,19,19,0,26,12,21,13,7,9,10,12,9,11,8,10,0,5,7,5,7,12,3,9,13,7,9,6,6,4,5,10,9,7,9,8,5,7,5,7,1,5,7,8,6,5,3,6,5,3,2,3,3,3,0,3,3,0,1,0,2,1,3,2,1,2,1,2,1,1,1,1,1,1,1,0,0,0,0,0,0,0,0,0,0,0,0,0,0,0,0,0,0,0,0,0,0,0,0,0,0,0,0,0,0,0,0,0,0,0,0,0,0,0,0,0,0,0,0,0,0,0.0,0,0,0,0,0,0,0,0,0,0,0,0,0,0,0,0,0,0,0,0,0,0,0,0,0
2020-04-21,44444,17378,24648,21282,20829,2741,5998,5033,5297,3929,1909,4636,2259,712,1765,645,520,456,484,1478,730,762,616,498,401,437,201,263,491,370,264,392,196,213,161,245,147,147,201,141,184,237,109,136,110,182,125,58,46,145,72,121,22,55,43,36,34,46,51,83,92,77,78,67,45,48,55,38,12,11,43,48,8,38,38,37,24,20,38,25,40,14,14,19,20,0,26,12,21,14,7,9,10,13,13,11,8,11,0,5,7,9,8,12,3,9,13,7,9,6,6,4,6,10,10,7,9,8,6,7,5,7,1,6,7,8,6,5,3,6,5,3,2,3,3,3,0,3,3,0,1,0,2,1,4,2,1,2,1,2,1,1,1,1,1,1,1,0,0,0,0,0,0,0,0,0,0,0,0,0,0,0,0,0,0,0,0,0,0,0,0,0,0,0,0,0,0,0,0,0,0,0,0,0,0,0,0,0,0,0,0,0,0,0.0,0,0,0,0,0,0,0,0,0,0,0,0,0,0,0,0,0,0,0,0,0,0,0,0,0
2020-04-22,46622,18151,25085,21717,21373,2906,6262,5279,5391,4068,2077,4636,2376,857,1937,681,537,513,530,1509,769,785,635,524,426,446,212,281,510,384,276,402,206,225,174,260,160,152,208,149,189,238,114,141,120,187,125,65,52,149,75,121,28,58,43,40,37,46,53,83,93,79,80,67,49,48,56,40,13,13,44,49,8,39,38,37,24,22,38,25,40,17,14,19,20,0,27,12,22,14,8,9,10,14,14,12,8,12,0,6,7,11,8,13,4,10,13,7,9,6,6,5,6,10,10,7,9,9,7,7,5,7,1,6,7,8,6,5,3,6,5,3,2,3,3,4,1,3,3,0,1,0,2,1,4,2,1,2,1,2,1,1,1,1,1,1,1,0,0,0,0,0,0,0,0,0,0,0,0,0,0,0,0,0,0,0,0,0,0,0,0,0,0,0,0,0,0,0,0,0,0,0,0,0,0,0,0,0,0,0,0,0,0,0.0,0,0,0,0,0,0,0,0,0,0,0,0,0,0,0,0,0,0,0,0,0,0,0,0,0
2020-04-23,49954,18791,25549,22157,21889,3331,6490,5575,5481,4192,2241,4636,2491,1069,2021,721,560,555,572,1549,794,820,647,545,454,462,237,328,522,394,287,407,215,239,187,265,168,165,210,172,192,240,121,146,127,194,125,75,56,155,80,125,31,60,43,42,43,47,54,83,95,79,83,75,52,50,56,43,16,14,45,50,16,41,40,37,24,24,38,25,40,21,14,20,20,0,27,12,22,15,11,9,10,17,14,12,8,12,1,6,8,11,9,13,5,10,13,8,11,6,6,5,6,10,10,7,9,9,7,7,5,7,2,6,8,8,6,6,3,6,5,3,3,3,4,4,1,3,3,0,2,0,2,1,4,2,1,2,1,2,1,1,1,1,1,1,1,0,0,0,0,0,0,0,0,0,0,0,0,0,0,0,0,0,0,0,0,0,0,0,0,0,0,0,0,0,0,0,0,0,0,0,0,0,0,0,0,0,0,0,0,0,0,0.0,0,0,0,0,0,0,0,0,0,0,0,0,0,0,0,0,0,0,0,0,0,0,0,0,0
2020-04-24,51949,19567,25969,22524,22279,3704,6679,5760,5574,4304,2386,4636,2600,1221,2152,780,576,615,634,1589,1014,854,689,567,494,477,253,345,530,403,294,415,225,262,193,267,174,176,214,177,194,240,127,154,131,199,125,79,64,158,84,130,32,63,43,43,44,55,55,86,96,80,85,79,54,51,57,49,16,15,46,51,16,41,40,40,27,24,38,25,40,21,14,25,21,0,27,12,22,17,11,10,10,18,14,12,8,12,2,7,8,12,10,14,6,10,13,8,11,6,6,5,6,10,10,7,9,9,8,7,6,7,3,7,8,8,6,6,3,6,5,3,3,3,4,4,1,3,3,0,2,0,2,1,4,2,1,2,1,2,1,1,1,1,1,1,1,0,0,0,0,0,0,0,0,0,0,0,0,0,0,0,0,0,0,0,0,0,0,0,0,0,0,0,0,0,0,0,0,0,0,0,0,0,0,0,0,0,0,0,0,0,0,0.0,0,0,0,0,0,0,0,0,0,0,0,0,0,0,0,0,0,0,0,0,0,0,0,0,0
2020-04-25,53755,20381,26384,22902,22648,4057,6917,5877,5650,4424,2549,4636,2706,1305,2192,825,576,681,700,1599,1063,880,720,601,524,494,269,360,536,418,307,419,233,262,201,273,181,185,218,186,199,242,136,159,140,201,125,86,71,159,94,130,35,67,53,47,46,59,57,86,98,81,85,80,55,54,59,51,17,19,46,51,18,41,41,40,28,27,38,28,40,21,14,25,21,0,27,12,24,17,13,10,10,18,14,12,11,14,2,7,8,12,10,14,6,10,13,8,11,6,6,5,7,10,10,7,9,9,8,7,6,7,3,7,8,8,6,6,3,6,5,3,3,4,4,4,1,3,3,0,2,0,2,1,2,2,1,2,1,2,1,1,1,1,1,1,1,0,0,0,0,0,0,0,0,0,0,0,0,0,0,0,0,0,0,0,0,0,0,0,0,0,0,0,0,0,0,0,0,0,0,0,0,0,0,0,0,0,0,0,0,0,0,0.0,0,0,0,0,0,0,0,0,0,0,0,0,0,0,0,0,0,0,0,0,0,0,0,0,0
2020-04-26,54881,20794,26644,23190,22890,4286,7094,5976,5710,4491,2663,4637,2805,1351,2194,881,576,747,728,1610,1087,903,743,619,535,501,281,372,542,422,317,425,244,272,209,278,189,192,220,190,201,243,139,165,145,201,125,87,76,161,96,134,40,72,56,50,50,59,59,87,98,82,88,83,56,55,61,54,21,20,49,51,23,42,41,40,28,29,38,28,41,23,14,25,21,0,28,12,24,18,15,11,10,19,14,12,12,15,4,9,8,12,10,14,6,10,13,8,11,6,6,6,7,10,10,8,9,9,8,7,7,7,3,7,8,8,6,6,3,6,5,3,3,4,4,4,1,3,3,1,2,0,2,1,2,2,1,2,1,2,1,1,1,1,1,1,1,0,0,0,0,0,0,0,0,0,0,0,0,0,0,0,0,0,0,0,0,0,0,0,0,0,0,0,0,0,0,0,0,0,0,0,0,0,0,0,0,0,0,0,0,0,0,0.0,0,0,0,0,0,0,0,0,0,0,0,0,0,0,0,0,0,0,0,0,0,0,0,0,0
2020-04-27,56259,21157,26977,23521,23327,4603,7207,6126,5806,4534,2841,4637,2900,1434,2274,939,663,794,782,1665,1102,928,765,641,562,511,292,385,549,427,337,432,253,280,220,282,198,197,223,193,204,244,144,167,152,205,125,90,82,162,102,136,40,75,58,57,53,61,60,88,99,83,88,83,58,59,65,56,22,22,50,52,26,42,41,40,29,29,39,28,41,23,14,25,22,0,28,12,24,18,15,11,10,19,14,14,12,15,4,9,8,13,10,15,6,10,13,8,11,6,6,6,7,10,10,8,10,9,8,7,7,7,3,7,8,8,6,6,3,6,5,3,3,4,4,4,1,3,3,1,2,0,2,1,2,2,1,2,1,2,1,1,1,1,1,1,1,0,0,0,0,0,0,0,0,0,0,0,0,0,0,0,0,0,0,0,0,0,0,0,0,0,0,0,0,0,0,0,0,0,0,0,0,0,0,0,0,0,0,0,0,0,0,0.0,0,0,0,0,0,0,0,0,0,0,0,0,0,0,0,0,0,0,0,0,0,0,0,0,0
2020-04-28,58355,21745,27359,23822,23694,5083,7331,6314,5877,4582,2983,4637,2992,1569,2355,1008,871,867,854,1699,1159,948,773,663,596,530,312,394,569,434,359,437,269,291,239,286,207,207,227,199,210,246,152,167,155,206,125,93,89,165,103,138,44,79,58,58,53,64,63,90,100,86,89,89,58,63,71,58,25,23,50,54,28,42,44,41,30,31,40,30,41,24,14,25,22,2,30,12,24,20,15,16,10,19,14,14,16,15,4,9,8,13,10,15,6,10,13,8,11,6,8,6,7,10,10,8,10,9,8,7,7,8,3,7,8,8,6,6,3,6,5,3,3,4,4,4,1,3,3,1,2,0,2,1,2,2,1,2,1,2,1,1,1,1,1,1,1,0,0,0,0,0,0,0,0,0,0,0,0,0,0,0,0,0,0,0,0,0,0,0,0,0,0,0,0,0,0,0,0,0,0,0,0,0,0,0,0,0,0,0,0,0,0,0.0,0,0,0,0,0,0,0,0,0,0,0,0,0,0,0,0,0,0,0,0,0,0,0,0,0
2020-04-29,60967,26166,27682,24275,24121,5513,7501,6467,5957,4727,3155,4637,3081,1732,2462,1079,883,972,943,1716,1190,973,784,693,624,558,343,413,580,443,380,444,278,300,250,293,216,214,227,206,215,247,157,178,163,207,125,103,98,168,111,139,51,84,61,60,59,66,65,92,100,89,89,91,64,67,73,58,28,24,50,54,28,43,45,42,30,32,40,30,41,25,15,25,23,2,30,12,24,22,16,16,16,19,14,14,16,15,4,9,9,15,10,15,6,10,13,8,11,7,8,6,7,10,10,8,10,9,9,7,7,8,3,7,8,8,6,7,3,6,6,3,3,4,4,4,1,3,3,1,2,1,2,1,2,2,1,2,1,2,1,1,1,1,1,1,1,0,0,0,0,0,0,0,0,0,0,0,0,0,0,0,0,0,0,0,0,0,0,0,0,0,0,0,0,0,0,0,0,0,0,0,0,0,0,0,0,0,0,0,0,0,0,0.0,0,0,0,0,0,0,0,0,0,0,0,0,0,0,0,0,0,0,0,0,0,0,0,0,0
2020-04-30,62996,26842,27967,24543,24410,6006,7594,6623,6028,4811,3310,4637,3174,1859,2586,1154,900,1073,1051,1737,1232,989,792,717,644,568,385,430,584,452,392,450,293,312,261,301,227,218,236,211,222,248,162,188,168,210,179,103,105,170,116,140,58,89,61,64,59,71,69,93,102,91,90,93,66,69,77,61,31,26,52,54,28,43,45,42,32,32,41,31,41,26,17,25,24,5,31,22,24,23,16,17,16,19,14,15,16,17,7,9,10,15,11,15,8,10,13,8,11,9,9,6,7,10,16,9,10,10,9,7,7,8,3,8,8,8,6,7,3,6,6,3,3,4,4,4,1,3,3,1,3,1,2,1,2,2,1,2,1,2,1,1,1,1,1,1,1,0,0,0,0,0,0,0,0,0,0,0,0,0,0,0,0,0,0,0,0,0,0,0,0,0,0,0,0,0,0,0,0,0,0,0,0,0,0,0,0,0,0,0,0,0,0,0.0,0,0,0,0,0,0,0,0,0,0,0,0,0,0,0,0,0,0,0,0,0,0,0,0,0
2020-05-01,64943,27583,28236,24543,24628,6412,7703,6736,6091,4909,3537,4637,3258,1972,2653,1223,1063,1169,1124,1754,1265,1007,800,744,651,579,417,455,589,460,406,453,314,323,272,313,234,225,240,218,225,250,169,192,170,210,179,116,111,171,122,140,68,93,61,68,66,75,70,94,103,92,92,93,68,75,81,64,36,30,52,54,28,44,45,43,33,33,41,32,41,26,21,25,25,5,31,22,24,23,16,17,16,20,15,16,18,17,7,9,10,16,11,15,8,12,13,8,11,9,9,7,7,10,10,9,10,10,9,7,7,8,3,8,8,8,6,7,3,6,6,3,3,4,4,4,1,3,3,1,3,1,2,1,2,2,1,2,2,2,1,1,1,1,1,1,1,0,0,0,0,0,0,0,0,0,0,0,0,0,0,0,0,0,0,0,0,0,0,0,0,0,0,0,0,0,0,0,0,0,0,0,0,0,0,0,0,0,0,0,0,0,0,0.0,0,0,0,0,0,0,0,0,0,0,0,0,0,0,0,0,0,0,0,0,0,0,0,0,0
2020-05-02,66369,28205,28710,25100,24763,6761,7765,6812,6156,5003,3684,4637,3336,2061,2669,1323,1371,1222,1200,1762,1286,1023,831,771,664,603,440,474,596,475,415,459,324,335,279,326,247,237,245,220,229,250,176,197,175,211,189,123,119,173,124,143,85,97,64,72,66,76,72,95,103,94,92,94,72,77,82,66,41,33,53,54,31,44,46,44,33,35,42,33,41,26,22,25,25,10,31,22,25,24,17,18,16,20,15,17,18,17,8,9,11,16,12,15,8,12,13,8,11,9,9,8,7,10,10,9,10,10,9,7,8,9,5,8,8,8,6,7,3,6,6,3,3,4,4,4,1,3,3,1,3,1,2,2,2,2,1,2,2,2,1,1,1,1,1,1,1,0,0,0,0,0,0,0,0,0,0,0,0,0,0,0,0,0,0,0,0,0,0,0,0,0,0,0,0,0,0,0,0,0,0,0,0,0,0,0,0,0,0,0,0,0,0,0.0,0,0,0,0,0,0,0,0,0,0,0,0,0,0,0,0,0,0,0,0,0,0,0,0,0
2020-05-03,67682,28520,28884,25264,24900,7051,7844,6866,6203,5072,3795,4637,3397,2154,2679,1391,1564,1280,1286,1762,1303,1043,845,790,678,607,457,487,598,484,429,463,340,340,288,333,260,246,248,230,232,252,184,197,177,211,193,131,126,174,125,144,87,99,64,85,76,82,77,97,105,96,96,95,73,79,84,67,41,38,55,54,32,45,46,45,35,36,42,33,41,27,24,27,25,10,31,22,25,24,17,18,16,20,17,18,18,17,8,9,11,16,12,15,9,12,13,10,11,9,9,9,7,10,10,9,10,10,10,7,8,9,5,9,8,8,6,7,3,6,6,3,5,4,4,4,1,3,3,1,3,1,2,2,2,2,1,2,2,2,1,1,1,1,1,1,1,0,0,0,0,0,0,0,0,0,0,0,0,0,0,0,0,0,0,0,0,0,0,0,0,0,0,0,0,0,0,0,0,0,0,0,0,0,0,0,0,0,0,0,0,0,0,0.0,0,0,0,0,0,0,0,0,0,0,0,0,0,0,0,0,0,0,0,0,0,0,0,0,0
2020-05-04,68922,28809,29079,25428,25204,7367,7924,6993,6277,5098,4003,4637,3461,2271,2769,1566,1569,1356,1344,1784,1319,1063,864,818,698,623,476,536,600,493,436,465,358,351,303,346,270,260,252,240,235,254,191,200,182,214,197,138,137,179,132,146,93,103,64,90,82,83,78,98,105,97,96,96,78,80,85,69,41,40,55,54,35,46,46,45,39,37,43,34,41,29,24,29,26,10,31,26,25,25,19,18,16,20,17,18,18,17,9,10,13,16,12,15,11,12,13,10,11,9,10,9,9,10,10,9,10,10,10,8,8,9,6,9,8,8,6,7,3,6,6,3,5,4,4,4,3,3,3,1,3,1,2,2,2,2,1,2,2,2,1,1,1,1,1,1,1,0,0,0,0,0,0,0,0,0,0,0,0,0,0,0,0,0,0,0,0,0,0,0,0,0,0,0,0,0,0,0,0,0,0,0,0,0,0,0,0,0,0,0,0,0,0,0.0,0,0,0,0,0,0,0,0,0,0,0,0,0,0,0,0,0,0,0,0,0,0,0,0,0
2020-05-05,71064,29501,29315,25613,25537,7938,8016,6993,6340,5185,4190,4637,3520,2507,2854,1693,1569,1451,1444,1795,1339,1074,872,841,716,637,514,556,606,503,452,470,378,363,316,354,275,264,257,246,238,255,200,210,183,215,200,148,146,181,136,146,98,107,64,95,86,93,79,102,106,98,96,97,80,83,86,69,45,40,55,54,38,48,46,46,40,38,43,34,41,32,24,29,26,17,31,26,25,25,19,18,16,21,18,18,20,17,11,11,14,17,13,15,12,12,13,11,11,9,10,9,10,10,10,10,10,10,10,9,8,9,6,9,8,8,6,7,3,6,6,4,5,5,4,4,3,3,3,1,3,2,2,2,2,2,1,2,2,2,1,1,1,1,1,1,1,0,0,0,0,0,0,0,0,0,0,0,0,0,0,0,0,0,0,0,0,0,0,0,0,0,0,0,0,0,0,0,0,0,0,0,0,0,0,0,0,0,0,0,0,0,0,0.0,0,0,0,0,0,0,0,0,0,0,0,0,0,0,0,0,0,0,0,0,0,0,0,0,0
2020-05-06,73431,30150,29684,25857,25812,8588,8339,7275,6418,5221,4366,4637,3584,2704,2941,1785,1618,1537,1533,1805,1375,1089,895,864,733,658,564,556,608,506,469,476,397,373,327,362,281,273,262,252,239,256,209,218,186,216,203,153,157,183,143,147,103,112,108,104,91,99,86,102,107,99,98,97,84,85,88,69,49,42,55,55,39,48,48,46,40,38,43,35,41,32,26,30,28,17,31,26,25,25,21,18,16,21,18,20,20,17,14,12,15,17,13,15,12,12,13,12,11,9,10,9,11,10,10,10,10,10,10,9,8,9,6,9,8,8,6,7,4,6,6,4,5,5,4,4,4,3,3,2,3,2,3,2,2,2,2,2,2,2,1,1,1,1,1,1,1,0,0,0,0,0,0,0,0,0,0,0,0,0,0,0,0,0,0,0,0,0,0,0,0,0,0,0,0,0,0,0,0,0,0,0,0,0,0,0,0,0,0,0,0,0,0,0.0,0,0,0,0,0,0,0,0,0,0,0,0,0,0,0,0,0,0,0,0,0,0,0,0,0
2020-05-07,75662,30689,29958,26070,25990,9190,8415,7392,6486,5306,4541,4637,3641,2961,3040,1889,1654,1625,1627,1810,1403,1105,930,888,755,685,585,577,609,514,482,483,407,383,340,373,285,282,270,255,240,256,219,225,199,217,206,161,165,183,145,148,107,116,108,106,102,105,90,102,107,99,100,97,84,86,89,73,52,44,56,55,44,48,49,47,42,42,44,36,41,32,29,30,28,27,31,27,25,26,23,18,16,21,20,20,20,17,16,13,15,18,15,15,12,12,13,12,11,9,10,9,11,10,10,10,10,10,10,9,8,9,8,9,8,8,6,7,4,6,6,4,5,5,4,4,4,3,3,2,3,3,3,2,2,2,2,2,2,2,1,1,1,1,1,1,1,0,0,0,0,0,0,0,0,0,0,0,0,0,0,0,0,0,0,0,0,0,0,0,0,0,0,0,0,0,0,0,0,0,0,0,0,0,0,0,0,0,0,0,0,0,0,0.0,0,0,0,0,0,0,0,0,0,0,0,0,0,0,0,0,0,0,0,0,0,0,0,0,0
2020-05-08,77180,31316,30201,26299,26233,10017,8521,7510,6541,5377,4697,4637,3689,3160,3175,1985,1704,1723,1714,1823,1429,1114,943,923,776,696,599,590,614,522,503,488,428,392,361,380,294,293,273,260,245,256,229,231,206,218,209,178,174,186,150,150,117,121,108,109,106,107,98,104,107,100,100,97,86,86,90,74,59,47,56,55,44,48,49,47,43,44,45,39,41,35,29,31,28,28,31,27,26,26,24,18,21,21,20,20,20,18,17,13,16,18,16,15,12,12,13,12,11,10,10,10,11,10,10,10,10,10,10,9,8,9,8,9,8,8,6,7,4,6,6,4,5,5,4,4,4,3,3,2,3,3,3,2,2,2,2,2,2,2,1,1,1,1,1,1,1,0,0,0,0,0,0,0,0,0,0,0,0,0,0,0,0,0,0,0,0,0,0,0,0,0,0,0,0,0,0,0,0,0,0,0,0,0,0,0,0,0,0,0,0,0,0,0.0,0,0,0,0,0,0,0,0,0,0,0,0,0,0,0,0,0,0,0,0,0,0,0,0,0
2020-05-09,78795,31662,30395,26478,26313,10656,8581,7549,6589,5441,4823,4637,3739,3353,3220,2101,1717,1827,1814,1830,1446,1126,959,939,785,704,636,607,615,526,514,494,445,405,376,385,304,300,276,265,247,256,239,237,214,219,215,186,185,186,161,151,128,126,108,115,114,108,102,107,108,101,101,97,90,87,91,74,64,49,60,56,48,48,49,48,44,45,45,39,41,37,30,31,31,31,31,28,26,26,24,22,21,21,21,20,20,18,18,17,17,18,17,15,12,13,13,12,11,10,10,10,11,10,10,10,10,10,10,9,8,9,8,9,8,8,6,7,7,6,6,5,5,5,4,4,4,3,3,3,3,3,3,2,2,2,2,2,2,2,1,1,1,1,1,1,1,0,0,0,0,0,0,0,0,0,0,0,0,0,0,0,0,0,0,0,0,0,0,0,0,0,0,0,0,0,0,0,0,0,0,0,0,0,0,0,0,0,0,0,0,0,0,0.0,0,0,0,0,0,0,0,0,0,0,0,0,0,0,0,0,0,0,0,0,0,0,0,0,0
2020-05-10,79526,31930,30560,26621,26383,11123,8656,7569,6640,5459,4991,4637,3786,3465,3225,2212,2127,1915,1889,1833,1458,1135,973,961,800,719,659,624,618,529,525,502,463,413,391,388,312,305,280,267,252,256,246,244,228,219,215,194,198,188,169,151,143,131,114,120,118,108,107,109,108,102,101,97,91,90,91,77,70,58,60,56,51,49,50,48,45,46,45,41,41,38,32,31,32,31,31,28,26,26,26,22,21,21,21,20,20,19,18,19,17,18,17,16,15,14,13,12,11,11,10,10,11,10,10,10,10,10,10,9,9,9,8,9,8,8,6,7,7,7,6,5,5,5,4,4,4,3,3,3,3,3,3,2,2,2,2,2,2,2,1,1,1,1,1,1,1,0,0,0,0,0,0,0,0,0,0,0,0,0,0,0,0,0,0,0,0,0,0,0,0,0,0,0,0,0,0,0,0,0,0,0,0,0,0,0,0,0,0,0,0,0,0,0.0,0,0,0,0,0,0,0,0,0,0,0,0,0,0,0,0,0,0,0,0,0,0,0,0,0
2020-05-11,80682,32141,30739,26744,26646,11653,8707,7661,6685,5475,5115,4637,3841,3573,3256,2294,2145,2009,1961,1845,1467,1144,991,982,811,726,706,633,620,533,533,507,479,421,408,393,323,314,282,271,258,258,255,249,239,224,218,206,201,188,175,151,150,135,125,122,122,116,113,110,109,102,101,97,93,91,91,77,74,65,61,56,52,50,50,48,46,46,45,41,41,39,33,32,32,31,31,28,26,26,26,22,21,21,21,21,20,19,19,19,18,18,17,16,16,14,13,12,11,11,11,11,11,10,10,10,10,10,10,9,9,9,9,9,8,8,7,7,7,7,6,5,5,5,4,4,4,3,3,3,3,3,3,2,2,2,2,2,2,2,1,1,1,1,1,1,1,0,0,0,0,0,0,0,0,0,0,0,0,0,0,0,0,0,0,0,0,0,0,0,0,0,0,0,0,0,0,0,0,0,0,0,0,0,0,0,0,0,0,0,0,0,0,0.0,0,0,0,0,0,0,0,0,0,0,0,0,0,0,0,0,0,0,0,0,0,0,0,0,0
