,Afghanistan,Albania,Algeria,Andorra,Angola,Antigua and Barbuda,Argentina,Armenia,Aruba,Australia,Austria,Azerbaijan,Bahamas,"Bahamas, The",Bahrain,Bangladesh,Barbados,Belarus,Belgium,Belize,Benin,Bhutan,Bolivia,Bosnia and Herzegovina,Botswana,Brazil,Brunei,Bulgaria,Burkina Faso,Burma,Burundi,Cabo Verde,Cambodia,Cameroon,Canada,Cape Verde,Cayman Islands,Central African Republic,Chad,Channel Islands,Chile,China,Colombia,Congo (Brazzaville),Congo (Kinshasa),Costa Rica,Cote d'Ivoire,Croatia,Cruise Ship,Cuba,Curacao,Cyprus,Czech Republic,Czechia,Denmark,Diamond Princess,Djibouti,Dominica,Dominican Republic,East Timor,Ecuador,Egypt,El Salvador,Equatorial Guinea,Eritrea,Estonia,Eswatini,Ethiopia,Faroe Islands,Fiji,Finland,France,French Guiana,Gabon,Gambia,"Gambia, The",Georgia,Germany,Ghana,Gibraltar,Greece,Greenland,Grenada,Guadeloupe,Guam,Guatemala,Guernsey,Guinea,Guinea-Bissau,Guyana,Haiti,Holy See,Honduras,Hong Kong,Hong Kong SAR,Hungary,Iceland,India,Indonesia,Iran,Iran (Islamic Republic of),Iraq,Ireland,Israel,Italy,Ivory Coast,Jamaica,Japan,Jersey,Jordan,Kazakhstan,Kenya,"Korea, South",Kosovo,Kuwait,Kyrgyzstan,Laos,Latvia,Lebanon,Liberia,Libya,Liechtenstein,Lithuania,Luxembourg,MS Zaandam,Macao SAR,Macau,Madagascar,Mainland China,Malaysia,Maldives,Mali,Malta,Martinique,Mauritania,Mauritius,Mayotte,Mexico,Moldova,Monaco,Mongolia,Montenegro,Morocco,Mozambique,Namibia,Nepal,Netherlands,New Zealand,Nicaragua,Niger,Nigeria,North Ireland,North Macedonia,Norway,Oman,Others,Pakistan,Palestine,Panama,Papua New Guinea,Paraguay,Peru,Philippines,Poland,Portugal,Puerto Rico,Qatar,Republic of Ireland,Republic of Korea,Republic of Moldova,Republic of the Congo,Reunion,Romania,Russia,Russian Federation,Rwanda,Saint Barthelemy,Saint Kitts and Nevis,Saint Lucia,Saint Martin,Saint Vincent and the Grenadines,San Marino,Saudi Arabia,Senegal,Serbia,Seychelles,Sierra Leone,Singapore,Slovakia,Slovenia,Somalia,South Africa,South Korea,Spain,Sri Lanka,St. Martin,Sudan,Suriname,Sweden,Switzerland,Syria,Taipei and environs,Taiwan,Taiwan*,Tanzania,Thailand,The Bahamas,The Gambia,Timor-Leste,Togo,Trinidad and Tobago,Tunisia,Turkey,UK,Uganda,Ukraine,United Arab Emirates,United Kingdom,Uruguay,US,Uzbekistan,Vatican City,Venezuela,Viet Nam,Vietnam,West Bank and Gaza,Zambia,Zimbabwe,occupied Palestinian territory
2020-01-22,0,0,0,0,0,0,0,0,0,0,0,0,0,0,0,0,0,0,0,0,0,0,0,0,0,0,0,0,0,0,0,0,0,0,0,0,0,0,0,0,0,0,0,0,0,0,0,0,0,0,0,0,0,0,0,0,0,0,0,0,0,0,0,0,0,0,0,0,0,0,0,0,0,0,0,0,0,0,0,0,0,0,0,0,0,0,0,0,0,0,0,0,0,0,0,0,0,0,0,0,0,0,0,0,0,0,0,2.0,0,0,0,0,0,0,0,0,0,0,0,0,0,0,0,0,0,0,1.0,0,547.0,0,0,0,0,0,0,0,0,0,0,0,0,0,0,0,0,0,0,0,0,0,0,0,0,0,0,0,0,0,0,0,0,0,0,0,0,0,0,0,0,0,0,0,0,0,0,0,0,0,0,0,0,0,0,0,0,0,0,0,0,0,0,0,1.0,0,0,0,0,0,0,0,0,0,1.0,0,0,2.0,0,0,0,0,0,0,0,0,0,0,0,0,0,1.0,0,0,0,0,0,0,0,0,0
2020-01-23,0,0,0,0,0,0,0,0,0,0,0,0,0,0,0,0,0,0,0,0,0,0,0,0,0,0,0,0,0,0,0,0,0,0,0,0,0,0,0,0,0,0,0,0,0,0,0,0,0,0,0,0,0,0,0,0,0,0,0,0,0,0,0,0,0,0,0,0,0,0,0,0,0,0,0,0,0,0,0,0,0,0,0,0,0,0,0,0,0,0,0,0,0,2.0,0,0,0,0,0,0,0,0,0,0,0,0,0,1.0,0,0,0,0,0,0,0,0,0,0,0,0,0,0,0,0,0,0,2.0,0,639.0,0,0,0,0,0,0,0,0,0,0,0,0,0,0,0,0,0,0,0,0,0,0,0,0,0,0,0,0,0,0,0,0,0,0,0,0,0,0,0,0,0,0,0,0,0,0,0,0,0,0,0,0,0,0,0,0,0,0,1.0,0,0,0,0,1.0,0,0,0,0,0,0,0,0,0,1.0,0,0,3.0,0,0,0,0,0,0,0,0,0,0,0,0,0,1.0,0,0,0,0,2.0,0,0,0,0
2020-01-24,0,0,0,0,0,0,0,0,0,0,0,0,0,0,0,0,0,0,0,0,0,0,0,0,0,0,0,0,0,0,0,0,0,0,0,0,0,0,0,0,0,0,0,0,0,0,0,0,0,0,0,0,0,0,0,0,0,0,0,0,0,0,0,0,0,0,0,0,0,0,0,2.0,0,0,0,0,0,0,0,0,0,0,0,0,0,0,0,0,0,0,0,0,0,2.0,0,0,0,0,0,0,0,0,0,0,0,0,0,2.0,0,0,0,0,0,0,0,0,0,0,0,0,0,0,0,0,0,0,2.0,0,916.0,0,0,0,0,0,0,0,0,0,0,0,0,0,0,0,0,0,0,0,0,0,0,0,0,0,0,0,0,0,0,0,0,0,0,0,0,0,0,0,0,0,0,0,0,0,0,0,0,0,0,0,0,0,0,0,0,0,0,3.0,0,0,0,0,2.0,0,0,0,0,0,0,0,0,0,3.0,0,0,5.0,0,0,0,0,0,0,0,0,0,0,0,0,0,2.0,0,0,0,0,2.0,0,0,0,0
2020-01-25,0,0,0,0,0,0,0,0,0,4,0,0,0,0,0,0,0,0,0,0,0,0,0,0,0,0,0,0,0,0,0,0,0,0,0,0,0,0,0,0,0,0,0,0,0,0,0,0,0,0,0,0,0,0,0,0,0,0,0,0,0,0,0,0,0,0,0,0,0,0,0,3,0,0,0,0,0,0,0,0,0,0,0,0,0,0,0,0,0,0,0,0,0,5,0,0,0,0,0,0,0,0,0,0,0,0,0,2.0,0,0,0,0,0,0,0,0,0,0,0,0,0,0,0,0,0,0,2.0,0,1399.0,3,0,0,0,0,0,0,0,0,0,0,0,0,0,0,0,1,0,0,0,0,0,0,0,0,0,0,0,0,0,0,0,0,0,0,0,0,0,0,0,0,0,0,0,0,0,0,0,0,0,0,0,0,0,0,0,0,0,3,0,0,0,0,2.0,0,0,0,0,0,0,0,0,0,3.0,0,0,7.0,0,0,0,0,0,0,0,0,0,0,0,0,0,2.0,0,0,0,0,2,0,0,0,0
2020-01-26,0,0,0,0,0,0,0,0,0,4,0,0,0,0,0,0,0,0,0,0,0,0,0,0,0,0,0,0,0,0,0,0,0,0,1,0,0,0,0,0,0,0,0,0,0,0,0,0,0,0,0,0,0,0,0,0,0,0,0,0,0,0,0,0,0,0,0,0,0,0,0,3,0,0,0,0,0,0,0,0,0,0,0,0,0,0,0,0,0,0,0,0,0,8,0,0,0,0,0,0,0,0,0,0,0,0,0,4.0,0,0,0,0,0,0,0,0,0,0,0,0,0,0,0,0,0,0,5.0,0,2062.0,4,0,0,0,0,0,0,0,0,0,0,0,0,0,0,0,1,0,0,0,0,0,0,0,0,0,0,0,0,0,0,0,0,0,0,0,0,0,0,0,0,0,0,0,0,0,0,0,0,0,0,0,0,0,0,0,0,0,4,0,0,0,0,3.0,0,0,0,0,0,0,0,0,0,4.0,0,0,8.0,0,0,0,0,0,0,0,0,0,0,0,0,0,5.0,0,0,0,0,2,0,0,0,0
2020-01-27,0,0,0,0,0,0,0,0,0,5,0,0,0,0,0,0,0,0,0,0,0,0,0,0,0,0,0,0,0,0,0,0,1,0,1,0,0,0,0,0,0,0,0,0,0,0,0,0,0,0,0,0,0,0,0,0,0,0,0,0,0,0,0,0,0,0,0,0,0,0,0,3,0,0,0,0,0,0,0,0,0,0,0,0,0,0,0,0,0,0,0,0,0,8,0,0,0,0,0,0,0,0,0,0,0,1,0,4.0,0,0,0,0,0,0,0,0,0,0,0,0,0,0,0,0,0,0,6.0,0,2863.0,4,0,0,0,0,0,0,0,0,0,0,0,0,0,0,0,1,0,0,0,0,0,0,0,0,0,0,0,0,0,0,0,0,0,0,0,0,0,0,0,0,0,0,0,0,0,0,0,0,0,0,0,0,0,0,0,0,0,5,0,0,0,0,4.0,0,1,0,0,0,0,0,0,0,5.0,0,0,8.0,0,0,0,0,0,0,0,0,0,0,0,0,0,5.0,0,0,0,0,2,0,0,0,0
2020-01-28,0,0,0,0,0,0,0,0,0,5,0,0,0,0,0,0,0,0,0,0,0,0,0,0,0,0,0,0,0,0,0,0,1,0,2,0,0,0,0,0,0,0,0,0,0,0,0,0,0,0,0,0,0,0,0,0,0,0,0,0,0,0,0,0,0,0,0,0,0,0,0,4,0,0,0,0,0,4,0,0,0,0,0,0,0,0,0,0,0,0,0,0,0,8,0,0,0,0,0,0,0,0,0,0,0,0,0,7.0,0,0,0,0,0,0,0,0,0,0,0,0,0,0,0,0,0,0,7.0,0,5494.0,4,0,0,0,0,0,0,0,0,0,0,0,0,0,0,0,1,0,0,0,0,0,0,0,0,0,0,0,0,0,0,0,0,0,0,0,0,0,0,0,0,0,0,0,0,0,0,0,0,0,0,0,0,0,0,0,0,0,7,0,0,0,0,4.0,0,1,0,0,0,0,0,0,0,8.0,0,0,14.0,0,0,0,0,0,0,0,0,0,0,0,0,0,5.0,0,0,0,0,2,0,0,0,0
2020-01-29,0,0,0,0,0,0,0,0,0,5,0,0,0,0,0,0,0,0,0,0,0,0,0,0,0,0,0,0,0,0,0,0,1,0,2,0,0,0,0,0,0,0,0,0,0,0,0,0,0,0,0,0,0,0,0,0,0,0,0,0,0,0,0,0,0,0,0,0,0,0,1,5,0,0,0,0,0,4,0,0,0,0,0,0,0,0,0,0,0,0,0,0,0,10,0,0,0,0,0,0,0,0,0,0,0,0,0,7.0,0,0,0,0,0,0,0,0,0,0,0,0,0,0,0,0,0,0,7.0,0,6070.0,7,0,0,0,0,0,0,0,0,0,0,0,0,0,0,0,1,0,0,0,0,0,0,0,0,0,0,0,0,0,0,0,0,0,0,0,0,0,0,0,0,0,0,0,0,0,0,0,0,0,0,0,0,0,0,0,0,0,7,0,0,0,0,4.0,0,1,0,0,0,0,0,0,0,8.0,0,0,14.0,0,0,0,0,0,0,0,0,0,0,4,0,0,5.0,0,0,0,0,2,0,0,0,0
2020-01-30,0,0,0,0,0,0,0,0,0,9,0,0,0,0,0,0,0,0,0,0,0,0,0,0,0,0,0,0,0,0,0,0,1,0,3,0,0,0,0,0,0,0,0,0,0,0,0,0,0,0,0,0,0,0,0,0,0,0,0,0,0,0,0,0,0,0,0,0,0,0,1,5,0,0,0,0,0,4,0,0,0,0,0,0,0,0,0,0,0,0,0,0,0,10,0,0,0,1,0,0,0,0,0,0,0,0,0,11.0,0,0,0,0,0,0,0,0,0,0,0,0,0,0,0,0,0,0,7.0,0,8124.0,8,0,0,0,0,0,0,0,0,0,0,0,0,0,0,0,1,0,0,0,0,0,0,0,0,0,0,0,0,0,0,0,0,1,0,0,0,0,0,0,0,0,0,0,0,0,0,0,0,0,0,0,0,0,0,0,0,0,10,0,0,0,0,4.0,0,1,0,0,0,0,0,0,0,9.0,0,0,14.0,0,0,0,0,0,0,0,0,0,0,4,0,0,5.0,0,0,0,0,2,0,0,0,0
2020-01-31,0,0,0,0,0,0,0,0,0,9,0,0,0,0,0,0,0,0,0,0,0,0,0,0,0,0,0,0,0,0,0,0,1,0,3,0,0,0,0,0,0,0,0,0,0,0,0,0,0,0,0,0,0,0,0,0,0,0,0,0,0,0,0,0,0,0,0,0,0,0,1,5,0,0,0,0,0,5,0,0,0,0,0,0,0,0,0,0,0,0,0,0,0,12,0,0,0,1,0,0,0,0,0,0,2,0,0,15.0,0,0,0,0,0,0,0,0,0,0,0,0,0,0,0,0,0,0,7.0,0,9783.0,8,0,0,0,0,0,0,0,0,0,0,0,0,0,0,0,1,0,0,0,0,0,0,0,0,0,0,0,0,0,0,0,0,1,0,0,0,0,0,0,0,0,0,0,2,0,0,0,0,0,0,0,0,0,0,0,0,0,13,0,0,0,0,11.0,0,1,0,0,0,1,0,0,0,10.0,0,0,19.0,0,0,0,0,0,0,0,2,0,0,4,0,0,6.0,0,0,0,0,2,0,0,0,0
2020-02-01,0,0,0,0,0,0,0,0,0,12,0,0,0,0,0,0,0,0,0,0,0,0,0,0,0,0,0,0,0,0,0,0,1,0,4,0,0,0,0,0,0,0,0,0,0,0,0,0,0,0,0,0,0,0,0,0,0,0,0,0,0,0,0,0,0,0,0,0,0,0,1,6,0,0,0,0,0,8,0,0,0,0,0,0,0,0,0,0,0,0,0,0,0,13,0,0,0,1,0,0,0,0,0,0,2,0,0,20.0,0,0,0,0,0,0,0,0,0,0,0,0,0,0,0,0,0,0,7.0,0,11871.0,8,0,0,0,0,0,0,0,0,0,0,0,0,0,0,0,1,0,0,0,0,0,0,0,0,0,0,0,0,0,0,0,0,1,0,0,0,0,0,0,0,0,0,0,2,0,0,0,0,0,0,0,0,0,0,0,0,0,16,0,0,0,0,12.0,1,1,0,0,0,1,0,0,0,10.0,0,0,19.0,0,0,0,0,0,0,0,2,0,0,4,0,0,8.0,0,0,0,0,6,0,0,0,0
2020-02-02,0,0,0,0,0,0,0,0,0,12,0,0,0,0,0,0,0,0,0,0,0,0,0,0,0,0,0,0,0,0,0,0,1,0,4,0,0,0,0,0,0,0,0,0,0,0,0,0,0,0,0,0,0,0,0,0,0,0,0,0,0,0,0,0,0,0,0,0,0,0,1,6,0,0,0,0,0,10,0,0,0,0,0,0,0,0,0,0,0,0,0,0,0,15,0,0,0,2,0,0,0,0,0,0,2,0,0,20.0,0,0,0,0,0,0,0,0,0,0,0,0,0,0,0,0,0,0,8.0,0,16607.0,8,0,0,0,0,0,0,0,0,0,0,0,0,0,0,0,1,0,0,0,0,0,0,0,0,0,0,0,0,0,0,0,0,2,0,0,0,0,0,0,0,0,0,0,2,0,0,0,0,0,0,0,0,0,0,0,0,0,18,0,0,0,0,15.0,1,1,0,0,0,1,0,0,0,10.0,0,0,19.0,0,0,0,0,0,0,0,2,0,0,5,0,0,8.0,0,0,0,0,6,0,0,0,0
2020-02-03,0,0,0,0,0,0,0,0,0,12,0,0,0,0,0,0,0,0,0,0,0,0,0,0,0,0,0,0,0,0,0,0,1,0,4,0,0,0,0,0,0,0,0,0,0,0,0,0,0,0,0,0,0,0,0,0,0,0,0,0,0,0,0,0,0,0,0,0,0,0,1,6,0,0,0,0,0,12,0,0,0,0,0,0,0,0,0,0,0,0,0,0,0,15,0,0,0,3,0,0,0,0,0,0,2,0,0,20.0,0,0,0,0,0,0,0,0,0,0,0,0,0,0,0,0,0,0,8.0,0,19693.0,8,0,0,0,0,0,0,0,0,0,0,0,0,0,0,0,1,0,0,0,0,0,0,0,0,0,0,0,0,0,0,0,0,2,0,0,0,0,0,0,0,0,0,0,2,0,0,0,0,0,0,0,0,0,0,0,0,0,18,0,0,0,0,15.0,1,1,0,0,0,1,0,0,0,10.0,0,0,19.0,0,0,0,0,0,0,0,2,0,0,5,0,0,11.0,0,0,0,0,8,0,0,0,0
2020-02-04,0,0,0,0,0,0,0,0,0,13,0,0,0,0,0,0,0,0,1,0,0,0,0,0,0,0,0,0,0,0,0,0,1,0,4,0,0,0,0,0,0,0,0,0,0,0,0,0,0,0,0,0,0,0,0,0,0,0,0,0,0,0,0,0,0,0,0,0,0,0,1,6,0,0,0,0,0,12,0,0,0,0,0,0,0,0,0,0,0,0,0,0,0,17,0,0,0,3,0,0,0,0,0,0,2,0,0,22.0,0,0,0,0,0,0,0,0,0,0,0,0,0,0,0,0,0,0,10.0,0,23680.0,10,0,0,0,0,0,0,0,0,0,0,0,0,0,0,0,1,0,0,0,0,0,0,0,0,0,0,0,0,0,0,0,0,2,0,0,0,0,0,0,0,0,0,0,2,0,0,0,0,0,0,0,0,0,0,0,0,0,24,0,0,0,0,16.0,1,1,0,0,0,1,0,0,0,11.0,0,0,25.0,0,0,0,0,0,0,0,2,0,0,5,0,0,11.0,0,0,0,0,8,0,0,0,0
2020-02-05,0,0,0,0,0,0,0,0,0,13,0,0,0,0,0,0,0,0,1,0,0,0,0,0,0,0,0,0,0,0,0,0,1,0,5,0,0,0,0,0,0,0,0,0,0,0,0,0,0,0,0,0,0,0,0,0,0,0,0,0,0,0,0,0,0,0,0,0,0,0,1,6,0,0,0,0,0,12,0,0,0,0,0,0,0,0,0,0,0,0,0,0,0,21,0,0,0,3,0,0,0,0,0,0,2,0,0,22.0,0,0,0,0,0,0,0,0,0,0,0,0,0,0,0,0,0,0,10.0,0,27409.0,12,0,0,0,0,0,0,0,0,0,0,0,0,0,0,0,1,0,0,0,0,0,0,0,0,0,0,0,0,0,0,0,0,2,0,0,0,0,0,0,0,0,0,0,2,0,0,0,0,0,0,0,0,0,0,0,0,0,28,0,0,0,0,19.0,1,1,0,0,0,1,0,0,0,11.0,0,0,25.0,0,0,0,0,0,0,0,2,0,0,5,0,0,12.0,0,0,0,0,8,0,0,0,0
2020-02-06,0,0,0,0,0,0,0,0,0,14,0,0,0,0,0,0,0,0,1,0,0,0,0,0,0,0,0,0,0,0,0,0,1,0,5,0,0,0,0,0,0,0,0,0,0,0,0,0,0,0,0,0,0,0,0,0,0,0,0,0,0,0,0,0,0,0,0,0,0,0,1,6,0,0,0,0,0,12,0,0,0,0,0,0,0,0,0,0,0,0,0,0,0,24,0,0,0,3,0,0,0,0,0,0,2,0,0,45.0,0,0,0,0,0,0,0,0,0,0,0,0,0,0,0,0,0,0,10.0,0,30553.0,12,0,0,0,0,0,0,0,0,0,0,0,0,0,0,0,1,0,0,0,0,0,0,0,0,0,0,0,0,0,0,0,0,2,0,0,0,0,0,0,0,0,0,0,2,0,0,0,0,0,0,0,0,0,0,0,0,0,28,0,0,0,0,23.0,1,1,0,0,0,1,0,0,0,16.0,0,0,25.0,0,0,0,0,0,0,0,2,0,0,5,0,0,12.0,0,0,0,0,10,0,0,0,0
2020-02-07,0,0,0,0,0,0,0,0,0,15,0,0,0,0,0,0,0,0,1,0,0,0,0,0,0,0,0,0,0,0,0,0,1,0,7,0,0,0,0,0,0,0,0,0,0,0,0,0,0,0,0,0,0,0,0,0,0,0,0,0,0,0,0,0,0,0,0,0,0,0,1,6,0,0,0,0,0,13,0,0,0,0,0,0,0,0,0,0,0,0,0,0,0,25,0,0,0,3,0,0,0,0,0,0,3,0,0,25.0,0,0,0,0,0,0,0,0,0,0,0,0,0,0,0,0,0,0,10.0,0,34075.0,12,0,0,0,0,0,0,0,0,0,0,0,0,0,0,0,1,0,0,0,0,0,0,0,0,0,61,0,0,0,0,0,0,3,0,0,0,0,0,0,0,0,0,0,2,0,0,0,0,0,0,0,0,0,0,0,0,0,30,0,0,0,0,24.0,1,1,0,0,0,1,0,0,0,16.0,0,0,25.0,0,0,0,0,0,0,0,3,0,0,5,0,0,12.0,0,0,0,0,10,0,0,0,0
2020-02-08,0,0,0,0,0,0,0,0,0,15,0,0,0,0,0,0,0,0,1,0,0,0,0,0,0,0,0,0,0,0,0,0,1,0,7,0,0,0,0,0,0,0,0,0,0,0,0,0,0,0,0,0,0,0,0,0,0,0,0,0,0,0,0,0,0,0,0,0,0,0,1,11,0,0,0,0,0,13,0,0,0,0,0,0,0,0,0,0,0,0,0,0,0,26,0,0,0,3,0,0,0,0,0,0,3,0,0,25.0,0,0,0,0,0,0,0,0,0,0,0,0,0,0,0,0,0,0,10.0,0,36778.0,16,0,0,0,0,0,0,0,0,0,0,0,0,0,0,0,1,0,0,0,0,0,0,0,0,0,61,0,0,0,0,0,0,3,0,0,0,0,0,0,0,0,0,0,2,0,0,0,0,0,0,0,0,0,0,0,0,0,33,0,0,0,0,24.0,1,1,0,0,0,1,0,0,0,17.0,0,0,32.0,0,0,0,0,0,0,0,3,0,0,7,0,0,12.0,0,0,0,0,13,0,0,0,0
2020-02-09,0,0,0,0,0,0,0,0,0,15,0,0,0,0,0,0,0,0,1,0,0,0,0,0,0,0,0,0,0,0,0,0,1,0,7,0,0,0,0,0,0,0,0,0,0,0,0,0,0,0,0,0,0,0,0,0,0,0,0,0,0,0,0,0,0,0,0,0,0,0,1,11,0,0,0,0,0,14,0,0,0,0,0,0,0,0,0,0,0,0,0,0,0,29,0,0,0,3,0,0,0,0,0,0,3,0,0,26.0,0,0,0,0,0,0,0,0,0,0,0,0,0,0,0,0,0,0,10.0,0,39790.0,16,0,0,0,0,0,0,0,0,0,0,0,0,0,0,0,1,0,0,0,0,0,0,0,0,0,64,0,0,0,0,0,0,3,0,0,0,0,0,0,0,0,0,0,2,0,0,0,0,0,0,0,0,0,0,0,0,0,40,0,0,0,0,25.0,2,1,0,0,0,1,0,0,0,18.0,0,0,32.0,0,0,0,0,0,0,0,3,0,0,7,0,0,12.0,0,0,0,0,13,0,0,0,0
2020-02-10,0,0,0,0,0,0,0,0,0,15,0,0,0,0,0,0,0,0,1,0,0,0,0,0,0,0,0,0,0,0,0,0,1,0,7,0,0,0,0,0,0,0,0,0,0,0,0,0,0,0,0,0,0,0,0,0,0,0,0,0,0,0,0,0,0,0,0,0,0,0,1,11,0,0,0,0,0,14,0,0,0,0,0,0,0,0,0,0,0,0,0,0,0,38,0,0,0,3,0,0,0,0,0,0,3,0,0,26.0,0,0,0,0,0,0,0,0,0,0,0,0,0,0,0,0,0,0,10.0,0,42306.0,18,0,0,0,0,0,0,0,0,0,0,0,0,0,0,0,1,0,0,0,0,0,0,0,0,0,135,0,0,0,0,0,0,3,0,0,0,0,0,0,0,0,0,0,2,0,0,0,0,0,0,0,0,0,0,0,0,0,45,0,0,0,0,27.0,2,1,0,0,0,1,0,0,0,18.0,0,0,32.0,0,0,0,0,0,0,0,8,0,0,8,0,0,12.0,0,0,0,0,14,0,0,0,0
2020-02-11,0,0,0,0,0,0,0,0,0,15,0,0,0,0,0,0,0,0,1,0,0,0,0,0,0,0,0,0,0,0,0,0,1,0,7,0,0,0,0,0,0,0,0,0,0,0,0,0,0,0,0,0,0,0,0,0,0,0,0,0,0,0,0,0,0,0,0,0,0,0,1,11,0,0,0,0,0,16,0,0,0,0,0,0,0,0,0,0,0,0,0,0,0,49,0,0,0,3,0,0,0,0,0,0,3,0,0,26.0,0,0,0,0,0,0,0,0,0,0,0,0,0,0,0,0,0,0,10.0,0,44327.0,18,0,0,0,0,0,0,0,0,0,0,0,0,0,0,0,1,0,0,0,0,0,0,0,0,0,135,0,0,0,0,0,0,3,0,0,0,0,0,0,0,0,0,0,2,0,0,0,0,0,0,0,0,0,0,0,0,0,47,0,0,0,0,28.0,2,1,0,0,0,1,0,0,0,18.0,0,0,33.0,0,0,0,0,0,0,0,8,0,0,8,0,0,13.0,0,0,0,0,15,0,0,0,0
2020-02-12,0,0,0,0,0,0,0,0,0,15,0,0,0,0,0,0,0,0,1,0,0,0,0,0,0,0,0,0,0,0,0,0,1,0,7,0,0,0,0,0,0,0,0,0,0,0,0,0,0,0,0,0,0,0,0,0,0,0,0,0,0,0,0,0,0,0,0,0,0,0,1,11,0,0,0,0,0,16,0,0,0,0,0,0,0,0,0,0,0,0,0,0,0,50,0,0,0,3,0,0,0,0,0,0,3,0,0,28.0,0,0,0,0,0,0,0,0,0,0,0,0,0,0,0,0,0,0,10.0,0,44699.0,18,0,0,0,0,0,0,0,0,0,0,0,0,0,0,0,1,0,0,0,0,0,0,0,0,0,175,0,0,0,0,0,0,3,0,0,0,0,0,0,0,0,0,0,2,0,0,0,0,0,0,0,0,0,0,0,0,0,50,0,0,0,0,28.0,2,1,0,0,0,1,0,0,0,18.0,0,0,33.0,0,0,0,0,0,0,0,9,0,0,8,0,0,13.0,0,0,0,0,15,0,0,0,0
2020-02-13,0,0,0,0,0,0,0,0,0,15,0,0,0,0,0,0,0,0,1,0,0,0,0,0,0,0,0,0,0,0,0,0,1,0,7,0,0,0,0,0,0,0,0,0,0,0,0,0,0,0,0,0,0,0,0,0,0,0,0,0,0,0,0,0,0,0,0,0,0,0,1,11,0,0,0,0,0,16,0,0,0,0,0,0,0,0,0,0,0,0,0,0,0,53,0,0,0,3,0,0,0,0,0,0,3,0,0,28.0,0,0,0,0,0,0,0,0,0,0,0,0,0,0,0,0,0,0,10.0,0,59832.0,19,0,0,0,0,0,0,0,0,0,0,0,0,0,0,0,1,0,0,0,0,0,0,0,0,0,175,0,0,0,0,0,0,3,0,0,0,0,0,0,0,0,0,0,2,0,0,0,0,0,0,0,0,0,0,0,0,0,58,0,0,0,0,28.0,2,1,0,0,0,1,0,0,0,18.0,0,0,33.0,0,0,0,0,0,0,0,9,0,0,8,0,0,15.0,0,0,0,0,16,0,0,0,0
2020-02-14,0,0,0,0,0,0,0,0,0,15,0,0,0,0,0,0,0,0,1,0,0,0,0,0,0,0,0,0,0,0,0,0,1,0,7,0,0,0,0,0,0,0,0,0,0,0,0,0,0,0,0,0,0,0,0,0,0,0,0,0,0,1,0,0,0,0,0,0,0,0,1,11,0,0,0,0,0,16,0,0,0,0,0,0,0,0,0,0,0,0,0,0,0,56,0,0,0,3,0,0,0,0,0,0,3,0,0,29.0,0,0,0,0,0,0,0,0,0,0,0,0,0,0,0,0,0,0,10.0,0,66292.0,19,0,0,0,0,0,0,0,0,0,0,0,0,0,0,0,1,0,0,0,0,0,0,0,0,0,218,0,0,0,0,0,0,3,0,0,0,0,0,0,0,0,0,0,2,0,0,0,0,0,0,0,0,0,0,0,0,0,67,0,0,0,0,28.0,2,1,0,0,0,1,0,0,0,18.0,0,0,33.0,0,0,0,0,0,0,0,9,0,0,8,0,0,15.0,0,0,0,0,16,0,0,0,0
2020-02-15,0,0,0,0,0,0,0,0,0,15,0,0,0,0,0,0,0,0,1,0,0,0,0,0,0,0,0,0,0,0,0,0,1,0,7,0,0,0,0,0,0,0,0,0,0,0,0,0,0,0,0,0,0,0,0,0,0,0,0,0,0,1,0,0,0,0,0,0,0,0,1,12,0,0,0,0,0,16,0,0,0,0,0,0,0,0,0,0,0,0,0,0,0,56,0,0,0,3,0,0,0,0,0,0,3,0,0,43.0,0,0,0,0,0,0,0,0,0,0,0,0,0,0,0,0,0,0,10.0,0,68347.0,22,0,0,0,0,0,0,0,0,0,0,0,0,0,0,0,1,0,0,0,0,0,0,0,0,0,285,0,0,0,0,0,0,3,0,0,0,0,0,0,0,0,0,0,2,0,0,0,0,0,0,0,0,0,0,0,0,0,72,0,0,0,0,28.0,2,1,0,0,0,1,0,0,0,18.0,0,0,33.0,0,0,0,0,0,0,0,9,0,0,8,0,0,15.0,0,0,0,0,16,0,0,0,0
2020-02-16,0,0,0,0,0,0,0,0,0,15,0,0,0,0,0,0,0,0,1,0,0,0,0,0,0,0,0,0,0,0,0,0,1,0,7,0,0,0,0,0,0,0,0,0,0,0,0,0,0,0,0,0,0,0,0,0,0,0,0,0,0,1,0,0,0,0,0,0,0,0,1,12,0,0,0,0,0,16,0,0,0,0,0,0,0,0,0,0,0,0,0,0,0,57,0,0,0,3,0,0,0,0,0,0,3,0,0,59.0,0,0,0,0,0,0,0,0,0,0,0,0,0,0,0,0,0,0,10.0,0,70446.0,22,0,0,0,0,0,0,0,0,0,0,0,0,0,0,0,1,0,0,0,0,0,0,0,0,0,355,0,0,0,0,0,0,3,0,0,0,0,0,0,0,0,0,0,2,0,0,0,0,0,0,0,0,0,0,0,0,0,75,0,0,0,0,29.0,2,1,0,0,0,1,0,0,0,20.0,0,0,34.0,0,0,0,0,0,0,0,9,0,0,9,0,0,15.0,0,0,0,0,16,0,0,0,0
2020-02-17,0,0,0,0,0,0,0,0,0,15,0,0,0,0,0,0,0,0,1,0,0,0,0,0,0,0,0,0,0,0,0,0,1,0,8,0,0,0,0,0,0,0,0,0,0,0,0,0,0,0,0,0,0,0,0,0,0,0,0,0,0,1,0,0,0,0,0,0,0,0,1,12,0,0,0,0,0,16,0,0,0,0,0,0,0,0,0,0,0,0,0,0,0,60,0,0,0,3,0,0,0,0,0,0,3,0,0,66.0,0,0,0,0,0,0,0,0,0,0,0,0,0,0,0,0,0,0,10.0,0,72364.0,22,0,0,0,0,0,0,0,0,0,0,0,0,0,0,0,1,0,0,0,0,0,0,0,0,0,454,0,0,0,0,0,0,3,0,0,0,0,0,0,0,0,0,0,2,0,0,0,0,0,0,0,0,0,0,0,0,0,77,0,0,0,0,30.0,2,1,0,0,0,1,0,0,0,22.0,0,0,35.0,0,0,0,0,0,0,0,9,0,0,9,0,0,15.0,0,0,0,0,16,0,0,0,0
2020-02-18,0,0,0,0,0,0,0,0,0,15,0,0,0,0,0,0,0,0,1,0,0,0,0,0,0,0,0,0,0,0,0,0,1,0,8,0,0,0,0,0,0,0,0,0,0,0,0,0,0,0,0,0,0,0,0,0,0,0,0,0,0,1,0,0,0,0,0,0,0,0,1,12,0,0,0,0,0,16,0,0,0,0,0,0,0,0,0,0,0,0,0,0,0,62,0,0,0,3,0,0,0,0,0,0,3,0,0,74.0,0,0,0,0,0,0,0,0,0,0,0,0,0,0,0,0,0,0,10.0,0,74139.0,22,0,0,0,0,0,0,0,0,0,0,0,0,0,0,0,1,0,0,0,0,0,0,0,0,0,542,0,0,0,0,0,0,3,0,0,0,0,0,0,0,0,0,0,2,0,0,0,0,0,0,0,0,0,0,0,0,0,81,0,0,0,0,31.0,2,1,0,0,0,1,0,0,0,22.0,0,0,35.0,0,0,0,0,0,0,0,9,0,0,9,0,0,15.0,0,0,0,0,16,0,0,0,0
2020-02-19,0,0,0,0,0,0,0,0,0,15,0,0,0,0,0,0,0,0,1,0,0,0,0,0,0,0,0,0,0,0,0,0,1,0,8,0,0,0,0,0,0,0,0,0,0,0,0,0,0,0,0,0,0,0,0,0,0,0,0,0,0,1,0,0,0,0,0,0,0,0,1,12,0,0,0,0,0,16,0,0,0,0,0,0,0,0,0,0,0,0,0,0,0,63,0,0,0,3,0,2,0,0,0,0,3,0,0,84.0,0,0,0,0,0,0,0,0,0,0,0,0,0,0,0,0,0,0,10.0,0,74546.0,22,0,0,0,0,0,0,0,0,0,0,0,0,0,0,0,1,0,0,0,0,0,0,0,0,0,621,0,0,0,0,0,0,3,0,0,0,0,0,0,0,0,0,0,2,0,0,0,0,0,0,0,0,0,0,0,0,0,84,0,0,0,0,31.0,2,1,0,0,0,1,0,0,0,23.0,0,0,35.0,0,0,0,0,0,0,0,9,0,0,9,0,0,15.0,0,0,0,0,16,0,0,0,0
2020-02-20,0,0,0,0,0,0,0,0,0,15,0,0,0,0,0,0,0,0,1,0,0,0,0,0,0,0,0,0,0,0,0,0,1,0,8,0,0,0,0,0,0,0,0,0,0,0,0,0,0,0,0,0,0,0,0,0,0,0,0,0,0,1,0,0,0,0,0,0,0,0,1,12,0,0,0,0,0,16,0,0,0,0,0,0,0,0,0,0,0,0,0,0,0,68,0,0,0,3,0,5,0,0,0,0,3,0,0,94.0,0,0,0,0,0,0,0,0,0,0,0,0,0,0,0,0,0,0,10.0,0,74999.0,22,0,0,0,0,0,0,0,0,0,0,0,0,0,0,0,1,0,0,0,0,0,0,0,0,0,634,0,0,0,0,0,0,3,0,0,0,0,0,0,0,0,0,0,2,0,0,0,0,0,0,0,0,0,0,0,0,0,84,0,0,0,0,104.0,2,1,0,0,0,1,0,0,0,24.0,0,0,35.0,0,0,0,0,0,0,0,9,0,0,9,0,0,15.0,0,0,0,0,16,0,0,0,0
2020-02-21,0,0,0,0,0,0,0,0,0,19,0,0,0,0,0,0,0,0,1,0,0,0,0,0,0,0,0,0,0,0,0,0,1,0,9,0,0,0,0,0,0,0,0,0,0,0,0,0,0,0,0,0,0,0,0,0,0,0,0,0,0,1,0,0,0,0,0,0,0,0,1,12,0,0,0,0,0,16,0,0,0,0,0,0,0,0,0,0,0,0,0,0,0,68,0,0,0,3,0,18,0,0,0,1,20,0,0,105.0,0,0,0,0,0,0,0,0,0,0,1,0,0,0,0,0,0,0,10.0,0,75472.0,22,0,0,0,0,0,0,0,0,0,0,0,0,0,0,0,1,0,0,0,0,0,0,0,0,0,634,0,0,0,0,0,0,3,0,0,0,0,0,0,0,0,0,0,2,0,0,0,0,0,0,0,0,0,0,0,0,0,85,0,0,0,0,204.0,2,1,0,0,0,1,0,0,0,26.0,0,0,35.0,0,0,0,0,0,0,0,9,0,0,9,0,0,35.0,0,0,0,0,16,0,0,0,0
2020-02-22,0,0,0,0,0,0,0,0,0,22,0,0,0,0,0,0,0,0,1,0,0,0,0,0,0,0,0,0,0,0,0,0,1,0,9,0,0,0,0,0,0,0,0,0,0,0,0,0,0,0,0,0,0,0,0,0,0,0,0,0,0,1,0,0,0,0,0,0,0,0,1,12,0,0,0,0,0,16,0,0,0,0,0,0,0,0,0,0,0,0,0,0,0,69,0,0,0,3,0,28,0,0,0,1,62,0,0,122.0,0,0,0,0,0,0,0,0,0,0,1,0,0,0,0,0,0,0,10.0,0,76922.0,22,0,0,0,0,0,0,0,0,0,0,0,0,0,0,0,1,0,0,0,0,0,0,0,0,0,634,0,0,0,0,0,0,3,0,0,0,0,0,0,0,0,0,0,2,0,0,0,0,0,0,0,0,0,0,0,0,0,85,0,0,0,0,433.0,2,1,0,0,0,1,0,0,0,26.0,0,0,35.0,0,0,0,0,0,0,0,9,0,0,13,0,0,35.0,0,0,0,0,16,0,0,0,0
2020-02-23,0,0,0,0,0,0,0,0,0,22,0,0,0,0,0,0,0,0,1,0,0,0,0,0,0,0,0,0,0,0,0,0,1,0,9,0,0,0,0,0,0,0,0,0,0,0,0,0,0,0,0,0,0,0,0,0,0,0,0,0,0,1,0,0,0,0,0,0,0,0,1,12,0,0,0,0,0,16,0,0,0,0,0,0,0,0,0,0,0,0,0,0,0,74,0,0,0,3,0,43,0,0,0,1,155,0,0,147.0,0,0,0,0,0,0,0,0,0,0,1,0,0,0,0,0,0,0,10.0,0,76938.0,22,0,0,0,0,0,0,0,0,0,0,0,0,0,0,0,1,0,0,0,0,0,0,0,0,0,691,0,0,0,0,0,0,3,0,0,0,0,0,0,0,0,0,0,2,0,0,0,0,0,0,0,0,0,0,0,0,0,89,0,0,0,0,602.0,2,1,0,0,0,1,0,0,0,28.0,0,0,35.0,0,0,0,0,0,0,0,9,0,0,13,0,0,35.0,0,0,0,0,16,0,0,0,0
2020-02-24,1,0,0,0,0,0,0,0,0,22,0,0,0,0,1,0,0,0,1,0,0,0,0,0,0,0,0,0,0,0,0,0,1,0,10,0,0,0,0,0,0,0,0,0,0,0,0,0,0,0,0,0,0,0,0,0,0,0,0,0,0,1,0,0,0,0,0,0,0,0,1,12,0,0,0,0,0,16,0,0,0,0,0,0,0,0,0,0,0,0,0,0,0,79,0,0,0,3,0,61,0,1,0,1,229,0,0,159.0,0,0,0,0,0,0,1,0,0,0,1,0,0,0,0,0,0,0,10.0,0,77152.0,22,0,0,0,0,0,0,0,0,0,0,0,0,0,0,0,1,0,0,0,0,0,0,0,0,2,691,0,0,0,0,0,0,3,0,0,0,0,0,0,0,0,0,0,2,0,0,0,0,0,0,0,0,0,0,0,0,0,89,0,0,0,0,833.0,2,1,0,0,0,1,0,0,0,30.0,0,0,35.0,0,0,0,0,0,0,0,13,0,0,13,0,0,53.0,0,0,0,0,16,0,0,0,0
2020-02-25,1,0,1,0,0,0,0,0,0,22,2,0,0,0,23,0,0,0,1,0,0,0,0,0,0,0,0,0,0,0,0,0,1,0,11,0,0,0,0,0,0,0,0,0,0,0,0,1,0,0,0,0,0,0,0,0,0,0,0,0,0,1,0,0,0,0,0,0,0,0,1,14,0,0,0,0,0,17,0,0,0,0,0,0,0,0,0,0,0,0,0,0,0,84,0,0,0,3,0,95,0,1,0,1,322,0,0,170.0,0,0,0,0,0,0,11,0,0,0,1,0,0,0,0,0,0,0,10.0,0,77660.0,22,0,0,0,0,0,0,0,0,0,0,0,0,0,0,0,1,0,0,0,0,0,0,0,0,2,691,0,0,0,0,0,0,3,0,0,0,0,0,0,0,0,0,0,2,0,0,0,0,0,0,0,0,0,0,0,0,0,91,0,0,0,0,977.0,6,1,0,0,0,1,1,0,0,31.0,0,0,37.0,0,0,0,0,0,0,0,13,0,0,13,0,0,53.0,0,0,0,0,16,0,0,0,0
2020-02-26,1,0,1,0,0,0,0,0,0,22,2,0,0,0,33,0,0,0,1,0,0,0,0,0,0,1,0,0,0,0,0,0,1,0,11,0,0,0,0,0,0,0,0,0,0,0,0,3,0,0,0,0,0,0,0,0,0,0,0,0,0,1,0,0,0,0,0,0,0,0,2,18,0,0,0,0,1,27,0,0,1,0,0,0,0,0,0,0,0,0,0,0,0,91,0,0,0,3,0,139,0,5,0,2,453,0,0,189.0,0,0,0,0,0,0,26,0,0,0,2,0,0,0,0,0,0,0,10.0,0,78065.0,22,0,0,0,0,0,0,0,0,0,0,0,0,0,0,0,1,0,0,0,0,0,0,1,1,4,705,2,0,0,0,0,0,3,0,0,0,0,0,0,0,0,0,1,2,0,0,0,0,0,0,0,0,0,0,0,0,0,93,0,0,0,0,1261.0,13,1,0,0,0,2,1,0,0,32.0,0,0,40.0,0,0,0,0,0,0,0,13,0,0,13,0,0,59.0,0,0,0,0,16,0,0,0,0
2020-02-27,1,0,1,0,0,0,0,0,0,23,3,0,0,0,33,0,0,0,1,0,0,0,0,0,0,1,0,0,0,0,0,0,1,0,13,0,0,0,0,0,0,0,0,0,0,0,0,3,0,0,0,0,0,0,1,0,0,0,0,0,0,1,0,0,0,1,0,0,0,0,2,38,0,0,0,0,1,46,0,0,3,0,0,0,0,0,0,0,0,0,0,0,0,92,0,0,0,3,0,245,0,7,0,3,655,0,0,214.0,0,0,0,0,0,0,43,0,0,0,2,0,0,0,0,0,0,0,10.0,0,78498.0,23,0,0,0,0,0,0,0,0,0,0,0,0,0,0,0,1,1,0,0,0,0,0,1,1,4,705,2,0,0,0,0,0,3,0,0,0,0,0,0,0,0,0,1,2,0,0,0,0,0,0,0,1,0,0,0,0,0,93,0,0,0,0,1766.0,15,1,0,0,0,7,8,0,0,32.0,0,0,40.0,0,0,0,0,0,0,0,15,0,0,13,0,0,60.0,0,0,0,0,16,0,0,0,0
2020-02-28,1,0,1,0,0,0,0,0,0,23,3,0,0,0,36,0,0,1,1,0,0,0,0,0,0,1,0,0,0,0,0,0,1,0,14,0,0,0,0,0,0,0,0,0,0,0,0,5,0,0,0,0,0,0,1,0,0,0,0,0,0,1,0,0,0,1,0,0,0,0,2,57,0,0,0,0,1,48,0,0,4,0,0,0,0,0,0,0,0,0,0,0,0,94,0,0,1,3,0,388,0,7,0,4,888,0,0,228.0,0,0,0,0,0,0,45,0,0,0,2,0,0,0,1,0,0,0,10.0,0,78824.0,23,0,0,0,0,0,0,0,1,0,0,0,0,0,0,0,1,1,1,0,0,1,1,1,6,4,705,2,0,0,0,0,0,3,0,0,0,0,0,0,0,0,0,3,2,0,0,0,0,0,0,0,1,0,0,0,0,0,93,0,0,0,0,2337.0,32,1,0,0,0,7,8,0,0,34.0,0,0,41.0,0,0,0,0,0,0,0,20,0,0,19,0,0,62.0,0,0,0,0,16,0,0,0,0
2020-02-29,1,0,1,0,0,0,0,0,0,25,9,0,0,0,41,0,0,1,1,0,0,0,0,0,0,2,0,0,0,0,0,0,1,0,20,0,0,0,0,0,0,0,0,0,0,0,0,6,0,0,0,0,0,0,3,0,0,0,0,0,0,1,0,0,0,1,0,0,0,0,3,100,0,0,0,0,1,79,0,0,4,0,0,0,0,0,0,0,0,0,0,0,0,95,0,0,1,3,0,593,0,13,1,7,1128,0,0,241.0,0,0,0,0,0,0,45,0,0,0,4,0,0,0,1,1,0,0,10.0,0,79251.0,25,0,0,0,0,0,0,0,4,0,1,0,0,0,0,0,1,6,1,0,0,1,0,1,15,6,705,4,0,0,0,0,0,3,0,0,0,1,0,0,0,0,0,3,2,0,0,0,0,0,0,0,1,0,0,0,0,0,102,0,0,0,0,3150.0,45,1,0,0,0,12,18,0,0,39.0,0,0,42.0,0,0,0,0,0,0,0,23,0,0,21,0,0,70.0,0,0,0,0,16,0,0,0,0
2020-03-01,1,0,1,0,0,0,0,1,0,27,14,3,0,0,47,0,0,1,2,0,0,0,0,0,0,2,0,0,0,0,0,0,1,0,24,0,0,0,0,0,0,0,0,0,0,0,0,7,0,0,0,0,3,0,4,0,0,0,1,0,6,2,0,0,0,1,0,0,0,0,6,130,0,0,0,0,3,130,0,0,7,0,0,0,0,0,0,0,0,0,0,0,0,96,0,0,3,3,0,978,0,19,1,10,1694,0,0,256.0,0,0,0,0,0,0,45,0,0,0,10,0,0,0,1,1,0,0,10.0,0,79826.0,29,0,0,0,0,0,0,0,5,0,1,0,0,0,0,0,1,10,1,0,0,1,0,1,19,6,705,4,0,0,0,0,0,3,0,0,0,3,0,0,0,0,0,3,2,0,0,0,0,0,0,0,1,0,0,0,0,0,106,0,0,0,0,3736.0,84,1,0,0,0,14,27,0,0,40.0,0,0,42.0,0,0,0,0,0,0,0,36,0,0,21,0,0,76.0,0,0,0,0,16,0,0,0,0
2020-03-02,1,0,3,1,0,0,0,1,0,30,18,3,0,0,49,0,0,1,8,0,0,0,0,0,0,2,0,0,0,0,0,0,1,0,27,0,0,0,0,0,0,0,0,0,0,0,0,7,0,0,0,0,3,0,4,0,0,0,1,0,6,2,0,0,0,1,0,0,0,0,6,191,0,0,0,0,3,159,0,0,7,0,0,0,0,0,0,0,0,0,0,0,0,100,0,0,6,5,2,1501,0,26,1,10,2036,0,0,274.0,0,0,0,0,0,0,56,0,0,1,13,0,0,0,1,1,0,0,10.0,0,80026.0,29,0,0,0,0,0,0,0,5,0,1,0,0,1,0,0,1,18,1,0,0,1,0,1,25,6,705,4,0,0,0,0,0,3,0,2,0,3,0,0,0,0,0,3,3,0,0,0,0,0,0,0,8,1,1,0,0,0,108,0,0,0,0,4335.0,120,1,0,0,0,15,42,0,0,41.0,0,0,43.0,0,0,0,0,0,0,0,40,0,0,21,0,0,101.0,0,0,0,0,16,0,0,0,0
2020-03-03,1,0,5,1,0,0,1,1,0,39,21,3,0,0,49,0,0,1,13,0,0,0,0,0,0,2,0,0,0,0,0,0,1,0,30,0,0,0,0,0,1,0,0,0,0,0,0,9,0,0,0,0,5,0,6,0,0,0,1,0,7,2,0,0,0,2,0,0,0,0,6,204,0,0,0,0,3,196,0,0,7,0,0,0,0,0,0,0,0,0,0,0,0,100,0,0,11,5,2,2336,0,32,2,12,2502,0,0,293.0,0,1,0,0,0,0,56,0,0,1,13,0,0,0,1,1,0,0,10.0,0,80151.0,36,0,0,0,0,0,0,0,5,0,1,0,0,1,0,0,1,24,1,0,0,1,0,1,32,12,706,5,0,0,0,0,0,3,0,2,0,7,0,0,0,0,0,3,3,0,0,0,0,0,0,0,10,1,2,0,0,0,110,0,0,0,0,5186.0,165,1,0,0,0,21,56,0,0,42.0,0,0,43.0,0,0,0,0,0,0,0,51,0,1,27,0,0,122.0,0,0,0,0,16,0,0,0,0
2020-03-04,1,0,12,1,0,0,1,1,0,52,29,3,0,0,52,0,0,6,23,0,0,0,0,0,0,4,0,0,0,0,0,0,1,0,33,0,0,0,0,0,1,0,0,0,0,0,0,10,0,0,0,0,8,0,10,0,0,0,1,0,10,2,0,0,0,2,0,0,1,0,6,285,0,0,0,0,3,262,0,1,9,0,0,0,0,0,0,0,0,0,0,0,0,105,0,2,26,28,2,2922,0,35,6,15,3089,0,0,331.0,0,1,0,0,0,0,56,0,0,1,13,0,0,1,1,1,0,0,10.0,0,80271.0,50,0,0,0,0,0,0,0,5,0,1,0,0,1,0,0,1,38,3,0,0,1,0,1,56,15,706,5,0,0,0,0,0,3,1,5,0,8,0,0,0,0,0,4,3,0,0,3,0,0,0,0,16,1,4,0,0,0,110,0,0,0,0,5621.0,222,1,0,0,0,35,90,0,0,42.0,0,0,43.0,0,0,0,0,0,1,0,85,0,1,27,0,0,153.0,0,0,0,0,16,0,0,0,0
2020-03-05,1,0,12,1,0,0,1,1,0,55,41,6,0,0,55,0,0,6,50,0,0,0,0,2,0,4,0,0,0,0,0,0,1,0,37,0,0,0,0,0,4,0,0,0,0,0,0,10,0,0,0,0,12,0,10,0,0,0,1,0,13,3,0,0,0,3,0,0,1,0,12,377,0,0,0,0,4,482,0,1,31,0,0,0,0,0,0,0,0,0,0,0,0,105,0,2,34,30,2,3513,0,35,6,16,3858,0,0,360.0,0,1,0,0,0,0,58,0,0,1,16,0,0,1,1,1,0,0,10.0,0,80422.0,50,0,0,0,0,0,0,0,5,0,1,0,0,2,0,0,1,82,3,0,0,1,0,1,87,16,706,5,4,0,0,0,0,3,1,8,0,8,0,0,0,0,0,6,4,0,0,3,0,0,0,0,21,5,4,0,0,0,117,0,2,0,1,6088.0,259,1,0,0,0,94,114,0,0,44.0,0,0,47.0,0,0,0,0,0,1,0,115,0,1,29,0,0,221.0,0,0,0,0,16,0,0,0,0
2020-03-06,1,0,17,1,0,0,2,1,0,60,55,6,0,0,60,0,0,6,109,0,0,1,0,2,0,13,0,0,0,0,0,0,1,1,49,0,0,0,0,0,4,0,1,0,0,1,0,11,0,0,0,0,18,0,23,0,0,0,2,0,13,15,0,0,0,10,0,0,1,0,15,653,0,0,0,0,4,670,0,1,45,0,0,0,0,0,0,0,0,0,0,0,0,107,0,2,43,31,4,4747,0,40,18,21,4636,0,0,420.0,0,1,0,0,0,0,58,0,0,1,22,0,0,1,1,2,0,0,10.0,0,80573.0,83,0,0,0,0,0,0,0,6,0,1,0,0,2,0,0,1,128,4,0,0,1,0,3,108,16,696,6,16,0,0,0,1,5,5,13,0,8,0,0,0,0,0,9,13,0,0,3,0,0,0,0,21,5,4,1,0,0,130,1,7,0,1,6593.0,400,1,0,0,0,101,214,0,0,45.0,0,0,48.0,0,0,0,1,0,1,0,163,0,1,29,0,0,278.0,0,1,0,0,16,0,0,0,0
2020-03-07,1,0,17,1,0,0,8,1,0,63,79,9,0,0,85,0,0,6,169,0,0,1,0,3,0,13,0,0,0,0,0,0,1,1,54,0,0,0,0,0,4,0,1,0,0,1,0,12,0,0,0,0,19,0,23,0,0,0,2,0,13,15,0,0,0,10,0,0,1,0,15,949,5,0,0,0,4,799,0,1,46,0,0,0,0,0,0,0,0,0,0,0,0,108,0,4,50,34,4,5823,0,54,18,21,5883,0,0,461.0,0,1,0,0,0,0,61,0,0,1,22,0,0,1,1,2,0,0,10.0,0,80652.0,93,0,0,3,2,0,0,0,6,0,1,0,0,2,0,0,1,188,5,0,0,1,0,3,147,16,696,6,22,0,0,0,1,6,5,20,0,8,0,0,0,0,0,9,13,0,0,3,0,0,0,0,23,5,4,1,0,0,138,1,7,0,1,7041.0,500,1,0,0,0,161,268,0,0,45.0,0,0,50.0,0,0,0,1,0,1,0,206,0,1,45,0,0,417.0,0,1,0,0,18,0,0,0,0
2020-03-08,4,0,19,1,0,0,12,1,0,76,104,9,0,0,85,3,0,6,200,0,0,1,0,3,0,20,0,4,0,0,0,0,2,2,64,0,0,0,0,0,8,0,1,0,0,5,0,12,0,0,0,0,31,0,35,0,0,0,5,0,14,49,0,0,0,10,0,0,2,0,23,1126,5,0,0,0,13,1040,0,1,73,0,0,0,0,0,0,0,0,0,0,0,0,114,0,7,50,39,6,6566,0,60,19,39,7375,0,0,502.0,0,1,0,0,0,0,64,0,0,2,32,0,0,1,1,3,0,0,10.0,0,80699.0,99,4,0,3,2,0,0,0,7,1,1,0,0,2,0,0,1,265,5,0,0,1,0,3,176,16,696,6,22,0,0,1,6,10,11,30,0,15,21,0,0,0,0,15,17,0,0,3,0,0,0,0,36,11,4,1,0,0,150,3,16,0,3,7314.0,673,1,0,0,0,203,337,0,0,45.0,0,0,50.0,0,0,0,1,0,2,0,273,0,1,45,0,0,537.0,0,1,0,0,30,0,0,0,0
2020-03-09,4,2,20,1,0,0,12,1,0,91,131,9,0,0,95,3,0,6,239,0,0,1,0,3,0,25,1,4,0,0,0,0,2,2,76,0,0,0,0,0,8,0,1,0,0,9,0,12,0,0,0,2,31,0,90,0,0,0,5,0,15,55,0,0,0,10,0,0,2,0,30,1209,5,0,0,0,15,1176,0,1,73,0,0,0,0,0,0,0,0,0,0,0,0,115,0,9,58,43,19,7161,0,60,21,39,9172,0,0,511.0,0,1,0,0,0,0,64,0,0,6,32,0,0,1,1,3,0,0,10.0,0,80735.0,117,4,0,3,2,0,0,0,7,1,1,0,0,2,0,0,1,321,5,0,0,2,0,3,205,16,696,6,22,0,0,1,7,20,16,30,0,18,0,0,0,0,0,15,17,0,0,1,0,0,0,0,36,15,4,1,0,0,150,3,16,0,3,7478.0,1073,1,2,0,0,248,374,0,0,45.0,0,0,50.0,0,0,0,1,0,2,0,321,0,1,45,0,0,605.0,0,1,0,0,30,0,0,0,0
2020-03-10,5,10,20,1,0,0,17,1,0,107,182,11,0,0,110,3,0,9,267,0,0,1,0,5,0,31,1,4,1,0,0,0,2,2,79,0,0,0,0,1,13,0,3,0,0,9,0,14,0,0,0,3,41,0,262,0,0,0,5,0,15,59,0,0,0,12,0,0,2,0,40,1784,5,0,0,0,15,1457,0,1,89,0,0,0,0,0,0,0,0,0,0,1,0,0,120,9,69,56,27,0,8042,71,34,58,10149,0,0,581.0,0,1,0,0,0,0,69,0,0,8,41,0,0,1,1,5,0,10,0.0,0,80757.0,129,6,0,5,2,0,0,0,7,0,1,1,0,3,0,0,1,382,5,0,0,2,0,7,400,18,696,16,0,1,0,1,11,33,22,41,0,24,0,7513,3,0,0,25,0,10,0,1,0,0,2,0,51,20,4,5,0,0,160,7,31,0,7,0.0,1695,1,0,0,0,355,491,0,47,0.0,0,0,53.0,0,0,0,1,0,5,0,382,0,1,74,0,0,959.0,0,0,0,31,0,0,0,0,25
2020-03-11,7,12,20,1,0,0,19,1,0,128,246,11,0,0,195,3,0,9,314,0,0,1,2,7,0,38,11,7,2,0,0,0,3,2,108,0,0,0,0,0,23,80921,9,0,1,13,1,19,696,0,0,6,0,91,444,0,0,0,5,0,17,60,0,0,0,16,0,0,0,0,59,2284,5,0,0,0,24,1908,0,0,99,0,0,0,0,0,0,0,0,0,0,1,2,0,0,13,85,62,34,9000,0,71,43,109,12462,0,1,639.0,0,1,0,0,7755,0,72,0,0,10,61,0,0,1,3,7,0,0,0.0,0,0.0,149,8,0,6,3,0,0,0,8,3,1,1,0,5,0,0,1,503,5,0,0,2,0,7,598,18,0,19,0,8,0,5,11,49,31,59,0,262,0,0,0,0,1,45,20,0,0,0,0,0,0,0,62,21,4,12,0,0,178,10,57,0,13,0.0,2277,2,0,0,0,500,652,0,0,0.0,48,0,59.0,0,0,0,1,0,7,1,0,0,1,74,459,0,1281.0,0,0,0,0,38,0,0,0,0
2020-03-12,7,23,24,1,0,0,19,4,0,128,302,11,0,0,195,3,0,12,314,0,0,1,2,11,0,52,11,7,2,0,0,0,3,2,117,0,0,0,0,0,23,80932,9,0,1,22,1,19,696,3,0,6,0,94,617,0,0,0,5,0,17,67,0,0,0,16,0,0,0,0,59,2284,5,0,0,0,24,2078,0,0,99,0,0,0,0,0,0,0,0,1,0,1,2,0,0,13,103,73,34,10075,0,71,43,131,12462,0,2,639.0,0,1,0,0,7869,0,80,0,0,10,61,0,0,1,3,19,0,0,0.0,0,0.0,149,8,0,6,3,0,0,0,12,3,2,1,0,6,0,0,1,503,5,0,0,2,0,7,702,18,0,20,0,11,0,5,15,52,49,59,0,262,0,0,0,0,1,49,28,0,0,0,0,0,0,0,69,45,4,19,0,0,178,16,89,0,17,0.0,2277,2,0,0,0,599,652,0,0,0.0,49,0,70.0,0,0,0,1,0,7,1,0,0,1,85,459,0,1663.0,0,0,0,0,39,0,0,0,0
2020-03-13,7,33,26,1,0,1,31,8,2,200,504,15,0,0,189,3,0,27,559,0,0,1,3,13,0,151,37,23,2,0,0,0,5,2,193,0,1,0,0,0,43,80945,13,0,2,23,1,32,696,4,0,14,0,141,804,0,0,0,5,0,17,80,0,0,0,79,0,1,0,0,155,3667,5,0,0,0,25,3675,0,0,190,0,0,1,0,0,0,1,0,1,0,1,2,0,0,19,134,82,69,11364,0,101,90,161,17660,0,8,701.0,0,1,4,1,7979,0,80,0,0,17,77,0,0,1,6,34,0,0,0.0,0,0.0,197,9,0,12,3,0,0,0,12,6,2,1,0,7,0,0,1,804,5,0,0,2,0,14,996,19,0,28,0,27,0,6,28,64,68,112,0,320,0,0,0,0,5,89,45,0,0,0,0,0,0,0,80,86,10,35,0,0,200,32,141,0,24,0.0,5232,6,0,1,0,814,1139,0,0,0.0,50,0,75.0,0,0,0,1,0,16,5,0,0,3,85,801,0,2179.0,0,0,0,0,47,0,0,0,0
2020-03-14,11,38,37,1,0,1,34,18,2,250,655,15,0,0,210,3,0,27,689,0,0,1,10,18,0,151,40,41,2,0,0,0,7,2,196,0,1,0,0,0,61,80977,22,0,2,26,1,38,696,4,1,26,0,189,836,0,0,0,11,0,28,109,0,0,0,115,1,1,0,0,225,4480,5,1,0,0,30,4585,3,0,228,0,0,1,0,1,1,1,0,1,0,1,2,0,0,30,156,102,96,12729,0,110,129,193,21157,0,8,773.0,2,1,6,1,8086,0,104,0,0,26,93,0,0,4,8,51,0,0,0.0,0,0.0,238,10,0,18,9,1,0,0,26,12,2,1,0,17,0,2,1,959,6,0,0,2,0,14,1090,19,0,31,0,36,0,6,38,111,103,169,0,337,0,0,0,0,6,123,59,0,1,0,0,1,0,1,80,103,10,46,2,0,212,44,181,0,38,0.0,6391,10,0,1,1,961,1359,0,0,0.0,53,0,82.0,0,0,0,1,2,18,5,0,0,3,85,1143,4,2726.0,0,0,2,0,53,0,0,0,0
2020-03-15,16,42,48,1,0,1,45,26,2,297,860,23,0,0,214,5,0,27,886,0,0,1,10,24,0,162,50,51,3,0,0,0,7,2,250,0,1,1,0,0,74,81003,34,1,2,27,1,49,696,4,1,26,0,253,875,0,0,0,11,0,28,110,0,1,0,171,1,1,0,0,244,4513,0,1,0,0,33,5795,6,0,331,0,0,3,0,1,1,1,0,4,0,1,3,0,0,32,171,113,117,13938,0,116,129,251,24747,0,10,839.0,2,8,9,3,8162,2,112,0,0,30,110,0,0,4,12,59,0,0,0.0,0,0.0,428,13,0,21,9,1,0,0,41,23,2,1,0,28,0,2,1,1135,8,0,0,2,0,14,1221,22,0,53,0,43,0,6,43,140,119,245,0,401,0,0,0,0,7,131,63,0,1,0,0,2,0,1,101,103,24,48,2,0,226,54,219,0,51,0.0,7798,18,0,1,1,1022,2200,0,0,0.0,59,0,114.0,0,0,0,1,2,18,6,0,0,3,98,1144,4,3499.0,1,0,10,0,56,0,0,0,0
2020-03-16,21,51,54,2,0,1,56,52,2,377,1018,15,0,0,214,8,0,36,1058,0,1,1,11,25,0,200,54,52,15,0,0,0,7,4,415,0,0,1,0,0,155,81033,54,1,2,35,1,57,696,4,0,33,0,298,932,0,0,0,11,0,37,150,0,1,0,205,1,5,0,0,277,6650,11,1,0,0,33,7272,6,0,331,1,0,6,3,2,1,1,0,4,0,1,6,0,0,39,180,119,134,14991,0,124,169,255,27980,0,10,825.0,2,17,10,3,8236,2,123,0,0,34,99,1,0,4,17,77,0,0,0.0,0,0.0,566,13,0,30,15,1,0,1,53,23,7,1,0,29,0,2,1,1414,8,0,0,2,0,18,1333,22,0,136,0,55,0,8,86,142,177,331,3,439,0,0,0,1,9,158,90,0,5,0,0,2,0,1,109,118,24,55,3,0,243,63,253,1,62,0.0,9942,28,0,1,1,1103,2200,0,0,0.0,67,1,147.0,1,0,0,1,4,20,18,0,0,7,98,1551,8,4632.0,6,0,17,0,61,0,0,0,0
2020-03-17,22,55,60,39,0,1,68,78,3,452,1332,28,0,0,228,10,2,36,1243,0,1,1,11,26,0,321,56,67,15,0,0,0,33,10,478,0,0,1,0,0,201,81058,65,1,3,41,5,65,696,5,0,46,0,396,1024,0,0,0,21,0,58,196,0,1,0,225,1,5,0,0,321,7683,11,1,0,0,34,9257,7,0,387,1,0,18,3,6,0,1,0,7,0,1,8,0,0,50,220,142,172,16169,0,154,223,337,31506,0,12,878.0,0,34,33,3,8320,2,130,0,0,49,120,1,0,7,25,140,0,0,0.0,0,0.0,673,13,0,38,16,1,0,1,82,30,7,5,2,38,0,2,1,1708,12,0,0,3,0,26,1463,24,0,236,0,69,0,9,117,187,238,448,0,439,0,0,0,0,9,184,114,0,7,0,0,2,0,1,109,171,26,65,4,0,266,72,275,1,62,0.0,11748,44,0,1,1,1190,2700,0,0,0.0,77,1,177.0,1,1,0,1,5,24,47,0,0,14,98,1960,29,6421.0,10,0,33,0,66,0,0,0,0
2020-03-18,22,59,74,39,0,1,79,84,4,568,1646,28,0,0,256,14,2,51,1486,0,2,1,12,38,0,372,68,92,20,0,0,0,35,10,657,0,0,1,0,0,238,81102,93,1,4,50,6,81,712,7,0,49,0,464,1115,0,1,0,21,0,111,196,0,4,0,258,1,6,0,0,336,9052,11,1,0,1,38,12327,7,0,418,1,0,27,0,6,0,1,0,7,0,1,9,0,0,58,250,156,227,17361,0,164,292,433,35713,0,13,889.0,0,52,35,3,8413,2,142,3,0,71,133,2,0,28,27,203,0,0,0.0,0,0.0,790,13,0,38,19,1,3,3,93,30,7,6,1,49,0,2,1,2056,20,0,0,8,0,35,1550,39,0,299,0,86,0,11,145,202,251,448,0,452,0,0,0,0,12,260,147,0,8,0,0,2,0,1,119,171,31,83,4,0,313,105,275,1,116,0.0,13910,51,0,2,1,1279,3028,0,0,0.0,100,3,212.0,1,0,0,1,7,29,98,0,0,14,113,2642,50,7786.0,15,0,36,0,75,0,2,0,0
2020-03-19,22,64,87,53,0,1,97,115,4,681,2013,44,0,3,278,17,5,51,1795,0,2,1,12,63,0,621,75,94,33,0,0,0,37,13,800,0,0,1,1,0,238,81156,102,3,14,69,9,105,712,11,0,67,0,694,1225,0,1,0,34,0,199,256,1,6,0,267,1,6,0,1,400,10886,11,1,0,1,40,15320,11,0,418,0,0,33,0,9,0,1,0,7,0,1,12,0,0,73,330,194,311,18407,0,192,557,677,41035,0,15,924.0,0,69,44,7,8565,2,148,3,0,86,157,2,0,28,36,335,0,0,0.0,0,0.0,900,13,0,53,23,2,3,3,118,49,7,6,3,63,0,3,1,2465,28,1,0,8,0,48,1746,48,0,454,0,109,0,11,234,217,355,785,0,460,0,0,0,0,14,277,199,0,8,0,0,2,0,1,119,274,31,103,6,0,345,123,286,1,150,0.0,17963,60,0,2,1,1439,4075,0,0,0.0,108,6,272.0,0,0,0,1,9,39,192,0,0,16,140,2716,79,13680.0,23,0,42,0,85,0,2,0,0
2020-03-20,24,70,90,75,1,1,128,136,0,791,2388,44,0,3,285,20,5,69,2257,0,2,2,15,89,0,793,78,127,40,0,0,1,51,20,943,0,0,3,1,0,434,81250,128,3,18,89,9,128,712,16,0,67,0,833,1337,0,1,0,72,0,367,285,1,6,0,283,1,9,0,1,450,12632,15,3,0,1,43,19848,16,0,495,0,0,45,0,12,0,1,0,7,2,1,24,0,0,85,409,244,369,19644,0,208,683,705,47021,0,16,963.0,0,85,49,7,8652,2,159,6,0,111,163,2,0,28,49,484,0,0,0.0,3,0.0,1030,13,0,64,32,2,12,6,164,66,11,6,14,77,0,3,1,3003,39,1,1,12,0,67,1914,48,0,501,0,137,1,13,234,230,425,1020,0,470,0,0,0,0,28,308,253,0,17,0,0,2,0,1,144,344,38,135,7,0,385,137,341,1,202,0.0,20410,73,0,2,4,1639,5294,0,0,0.0,135,6,322.0,0,0,0,9,9,54,359,0,0,29,140,4014,94,19101.0,33,0,42,0,91,0,2,1,0
2020-03-21,24,76,139,88,2,1,158,160,0,1071,2814,53,0,4,305,25,6,76,2815,0,2,2,19,93,0,1021,83,163,64,0,0,3,53,27,1278,1,0,3,1,0,537,81305,196,3,23,117,14,206,712,21,0,84,0,995,1420,0,1,0,112,1,506,294,3,6,1,306,1,9,0,1,523,14308,18,4,0,1,49,22213,19,0,530,0,0,53,0,17,0,2,0,7,2,1,24,0,0,103,473,330,450,20610,0,214,785,883,53578,0,16,1007.0,0,85,53,7,8799,2,176,14,0,124,187,3,0,37,83,670,0,0,0.0,3,0.0,1183,13,0,73,32,2,14,7,203,80,11,10,14,96,0,3,1,3640,52,2,1,22,0,85,2118,52,0,730,0,200,1,18,318,307,536,1280,0,481,0,0,0,0,45,367,306,0,17,0,0,2,0,1,144,392,47,171,7,0,432,178,383,1,240,0.0,25374,77,0,2,4,1763,6575,0,0,0.0,153,6,411.0,0,0,0,16,49,60,670,0,1,47,153,5067,110,25514.0,43,0,70,0,94,0,2,3,0
2020-03-22,40,89,201,113,2,1,266,194,0,1490,3580,65,4,0,334,27,14,76,3401,0,2,2,24,126,0,1546,88,187,75,0,0,3,84,40,1470,0,0,3,1,0,632,81397,231,3,30,134,14,254,712,35,0,95,0,1120,1514,0,1,1,202,0,789,327,3,6,1,326,4,11,0,2,626,16214,0,5,1,0,54,24873,23,0,624,0,1,0,0,19,0,2,0,18,2,1,26,0,0,131,568,396,514,21638,0,233,906,1071,59138,0,19,1086.0,0,112,59,15,8897,0,188,14,0,139,248,3,0,37,129,798,0,0,0.0,3,0.0,1306,13,0,90,0,2,28,0,251,94,23,10,21,115,1,3,1,4217,102,2,2,30,0,115,2263,55,0,776,0,313,1,22,363,380,634,1600,0,494,0,0,0,0,0,433,367,0,19,0,0,2,0,1,175,511,67,222,7,0,455,185,414,1,274,0.0,28603,82,0,2,5,1931,7474,1,0,0.0,169,12,599.0,0,0,1,16,50,75,1236,0,1,73,153,5741,135,33848.0,43,0,70,0,113,0,3,3,0
2020-03-23,40,104,230,133,3,3,266,235,0,1682,4474,72,4,0,377,33,17,81,3743,1,5,2,27,132,0,1924,91,201,99,0,0,3,87,56,2088,0,0,3,1,0,746,81496,277,4,36,158,25,315,712,40,0,116,0,1236,1572,0,3,2,245,0,981,366,3,9,1,352,4,11,0,3,700,20123,0,5,2,0,61,29056,27,0,695,0,1,0,0,20,0,4,0,20,6,1,27,0,0,167,588,499,579,23049,0,266,1125,1442,63927,0,19,1128.0,0,127,62,16,8961,0,189,16,0,180,267,3,0,51,179,875,0,0,0.0,12,0.0,1518,13,0,107,0,2,36,0,316,109,23,10,27,143,1,4,2,4764,102,2,3,40,0,136,2621,66,0,875,0,313,1,22,395,462,749,2060,0,501,0,0,0,0,0,576,438,0,36,0,0,3,0,1,187,562,79,249,7,0,509,186,442,1,402,0.0,35136,97,0,2,5,2046,8795,1,0,0.0,195,12,721.0,0,0,1,18,51,89,1529,0,9,73,198,6726,158,43663.0,46,0,77,0,123,0,3,3,0
2020-03-24,74,123,264,164,3,3,387,249,0,2044,5283,87,5,0,392,39,18,81,4269,1,6,2,29,166,0,2247,104,218,114,0,0,3,91,66,2790,0,0,3,3,0,922,81591,378,4,45,177,73,382,0,48,0,124,0,1394,1718,0,3,2,312,0,1082,402,5,9,1,369,4,12,0,4,792,22622,0,6,3,0,70,32986,53,0,743,0,1,0,0,21,0,4,0,5,7,4,30,0,0,187,648,536,686,24811,0,316,1329,1930,69176,0,21,1193.0,0,154,72,25,9037,0,191,42,2,197,318,3,1,51,209,1099,0,0,0.0,17,0.0,1624,13,0,110,0,2,42,0,367,125,23,10,47,170,3,7,2,5580,155,2,3,44,0,148,2863,84,0,972,0,345,1,27,416,552,901,2362,0,526,0,0,0,0,0,794,495,0,40,0,0,3,0,1,187,767,86,303,7,0,558,204,480,1,554,0.0,39885,102,0,3,7,2286,9877,1,0,0.0,215,12,827.0,0,0,1,20,57,114,1872,0,9,97,248,8164,162,53736.0,50,0,84,0,134,0,3,3,0
2020-03-25,84,146,302,188,3,3,387,265,0,2364,5588,93,5,0,419,39,18,86,4937,2,6,2,32,176,0,2554,109,242,146,0,0,4,96,75,3251,0,0,3,3,0,1142,81661,470,4,48,201,80,442,0,57,0,132,0,1654,1862,712,11,7,392,0,1173,456,9,9,4,404,4,12,0,5,880,25600,0,6,3,0,75,37323,93,0,821,0,1,0,0,24,0,4,2,5,8,4,36,0,0,226,737,657,790,27017,0,346,1564,2369,74386,0,26,1307.0,0,172,81,28,9137,0,195,44,3,221,333,3,1,51,274,1333,0,0,0.0,19,0.0,1796,13,2,129,0,2,48,0,405,149,31,10,52,225,5,7,3,6438,205,2,7,51,0,177,3084,99,0,1063,0,443,1,37,480,636,1051,2995,0,537,0,0,0,0,0,906,658,0,41,0,2,3,0,1,208,900,99,384,7,0,631,216,528,1,709,0.0,49515,102,0,3,8,2526,10897,5,0,0.0,235,12,934.0,0,0,1,23,60,173,2433,0,14,145,333,9640,189,65778.0,60,0,91,0,141,0,12,3,0
2020-03-26,94,174,367,224,4,7,502,290,0,2810,6909,122,9,0,458,44,18,86,6235,2,6,2,43,191,0,2985,114,264,152,0,0,4,96,75,4042,0,0,3,3,0,1306,81782,491,4,51,231,96,495,0,67,0,146,0,1925,2023,712,11,11,488,0,1403,495,13,12,6,538,6,12,0,5,958,29551,0,7,3,0,79,43938,132,0,892,0,7,0,0,25,0,4,2,5,8,4,52,0,0,261,802,727,893,29406,0,382,1819,2693,80589,0,26,1387.0,0,212,111,31,9241,71,208,44,6,244,368,3,1,56,299,1453,0,0,0.0,23,0.0,2031,13,4,134,0,3,81,0,475,177,33,11,69,275,7,8,3,7468,283,2,10,65,0,201,3369,109,0,1201,0,558,1,41,580,707,1221,3544,0,549,0,0,0,0,0,1029,840,0,50,0,2,3,0,1,208,1012,105,384,7,0,683,226,562,2,927,0.0,57786,106,0,3,8,2840,11811,5,0,0.0,252,13,1045.0,0,0,1,23,65,197,3629,0,14,196,333,11812,217,83836.0,75,0,107,0,153,84,16,3,0
2020-03-27,110,186,409,267,4,7,589,329,0,3143,7657,165,10,0,466,48,24,94,7284,2,6,3,61,237,0,3417,115,293,180,8,0,5,99,91,4682,0,0,3,3,0,1610,81897,539,4,51,263,101,586,0,80,0,162,0,2279,2200,712,12,11,581,0,1595,536,13,12,6,575,9,16,0,5,1041,33402,0,7,3,0,83,50871,137,0,966,0,7,0,0,28,0,8,2,5,8,4,68,0,0,300,890,887,1046,32332,0,458,2121,3035,86498,0,26,1468.0,0,235,150,31,9332,86,225,58,6,280,391,3,1,56,358,1605,0,0,0.0,26,0.0,2161,16,11,139,0,3,94,0,585,199,42,11,82,345,7,8,4,8647,368,2,10,70,0,219,3755,131,0,1373,0,674,1,52,635,803,1389,4268,0,562,0,0,0,0,0,1292,1036,0,54,0,2,3,0,1,223,1104,119,457,7,0,732,269,632,3,1170,0.0,65719,106,0,3,8,3069,12928,5,0,0.0,267,13,1136.0,0,0,1,25,66,227,5698,0,23,310,405,14745,238,101657.0,88,0,107,0,163,91,22,5,0
2020-03-28,110,197,454,308,5,7,690,407,0,3640,8271,182,10,0,476,48,26,94,9134,2,6,3,74,258,0,3904,120,331,207,8,0,5,99,91,5576,0,0,3,3,0,1909,81999,608,4,65,295,101,657,0,119,0,179,0,2631,2366,712,14,11,719,0,1823,576,19,12,6,645,9,16,0,5,1167,38105,0,7,3,0,90,57695,141,0,1061,0,7,0,0,34,0,8,2,8,8,6,95,0,0,343,963,987,1155,35408,0,506,2415,3619,92472,0,30,1693.0,0,246,228,38,9478,91,235,58,8,305,412,3,3,56,394,1831,2,0,0.0,26,0.0,2320,16,18,149,0,5,102,0,717,231,42,12,84,402,8,8,5,9819,451,4,10,89,0,241,4015,152,0,1495,0,786,1,56,671,1075,1638,5170,0,590,0,0,0,0,0,1452,1264,0,60,0,2,3,0,1,224,1203,130,659,8,0,802,292,684,3,1187,0.0,73235,113,0,5,8,3447,14076,5,0,0.0,283,14,1245.0,0,0,1,25,74,278,7402,0,30,356,468,17312,274,121465.0,104,0,119,0,174,98,28,7,0
2020-03-29,120,212,511,334,7,7,745,424,0,3984,8788,209,11,0,499,48,33,94,10836,2,6,4,81,323,0,4256,126,346,222,10,0,6,103,139,6280,0,0,3,3,0,2139,82122,702,19,65,314,165,713,0,139,0,214,0,2817,2564,712,18,11,859,0,1924,609,24,12,12,679,9,21,0,5,1240,40708,0,7,4,0,91,62095,152,0,1156,0,9,0,0,34,0,16,2,8,15,6,110,0,0,408,1020,1024,1285,38309,0,547,2615,4247,97689,0,32,1866.0,0,259,284,42,9583,94,255,84,8,347,438,3,8,56,460,1950,2,0,0.0,39,0.0,2470,17,18,151,0,5,107,0,848,263,46,12,85,479,8,11,5,10930,514,4,18,111,0,259,4284,167,0,1597,0,901,1,59,852,1418,1862,5962,0,634,0,0,0,0,0,1815,1534,0,70,0,2,9,0,1,224,1299,142,741,8,0,844,314,730,3,1280,0.0,80110,117,0,6,8,3700,14829,9,0,0.0,298,14,1388.0,0,0,1,25,78,312,9217,0,33,475,570,19780,304,140909.0,144,0,119,0,188,109,29,7,0
2020-03-30,170,223,584,370,7,7,820,482,0,4361,9618,273,14,0,515,49,33,152,11899,3,6,4,97,368,3,4579,127,359,246,14,0,6,107,139,7398,0,0,3,5,0,2449,82198,798,19,81,330,168,790,0,170,0,230,0,3001,2755,712,18,11,901,0,1962,656,30,12,12,715,9,23,0,5,1352,45170,0,7,4,0,103,66885,152,0,1212,0,9,0,0,36,0,22,8,8,15,6,139,0,0,447,1086,1251,1414,41495,0,630,2910,4695,101739,0,36,1866.0,0,268,302,50,9661,94,266,94,8,376,446,3,8,62,491,1988,2,0,0.0,43,0.0,2626,17,25,156,0,5,128,0,993,298,49,12,91,556,8,11,5,11817,589,4,27,131,0,285,4445,179,0,1717,0,989,1,64,950,1546,2055,6408,0,693,0,0,0,0,0,2109,1836,0,70,0,7,9,0,1,230,1453,162,785,8,0,879,336,756,3,1326,0.0,87956,122,0,6,8,4028,15922,10,0,0.0,306,19,1524.0,0,0,1,30,82,312,10827,0,33,548,611,22453,310,161831.0,149,0,135,0,203,116,35,7,0
2020-03-31,174,243,716,376,7,7,1054,532,0,4559,10180,298,14,0,567,51,34,152,12775,3,9,4,107,420,4,5717,129,399,261,15,2,6,109,193,8527,0,0,3,7,0,2738,82279,906,19,98,347,179,867,0,186,0,262,0,3308,3039,712,30,12,1109,0,2240,710,32,12,15,745,9,26,0,5,1418,52827,0,16,4,0,110,71808,161,0,1314,0,9,0,0,38,0,22,8,12,15,6,141,0,0,492,1135,1397,1528,44605,0,694,3235,5358,105792,0,36,1953.0,0,274,343,59,9786,112,289,107,9,398,470,3,10,68,537,2178,2,0,0.0,57,0.0,2766,18,28,169,0,6,143,0,1094,353,52,12,109,617,8,11,5,12667,647,5,27,135,0,329,4641,192,0,1938,0,1181,1,65,1065,2084,2311,7443,0,781,0,0,0,0,0,2245,2337,0,75,0,8,13,0,1,236,1563,175,900,10,1,926,363,802,5,1353,0.0,95923,143,0,7,9,4435,16605,10,0,0.0,322,19,1651.0,0,0,1,34,87,394,13531,0,44,645,664,25481,338,188172.0,172,0,135,0,212,119,35,8,0
2020-04-01,237,259,847,390,8,7,1054,571,0,4862,10711,359,21,0,569,54,34,163,13964,3,13,4,115,459,4,6836,131,422,282,15,2,6,109,233,9560,0,0,3,7,0,3031,82361,1065,19,109,375,190,963,0,212,0,320,0,3508,3290,712,33,12,1284,0,2748,779,32,15,15,779,9,29,0,5,1446,57749,0,18,4,0,117,77872,195,0,1415,0,9,0,0,39,0,30,9,19,16,6,172,0,0,525,1220,1998,1677,47593,0,728,3447,6092,110574,0,44,2178.0,0,278,380,81,9887,125,317,111,10,446,479,6,10,68,581,2319,9,0,0.0,57,0.0,2908,19,31,188,0,6,161,0,1215,423,55,14,123,654,10,14,5,13696,708,5,74,174,0,354,4863,210,0,2118,0,1181,1,69,1323,2311,2554,8251,0,835,0,0,0,0,0,2460,2777,0,82,0,8,13,0,1,236,1720,190,1060,10,2,1000,400,841,5,1380,0.0,104118,146,0,7,10,4947,17768,10,0,0.0,329,20,1771.0,0,0,1,36,90,423,15679,0,44,794,814,29865,338,213372.0,181,0,143,0,218,134,36,8,0
2020-04-02,273,277,986,428,8,9,1133,663,0,5116,11129,400,24,0,643,56,46,304,15348,3,13,5,123,533,4,8044,133,457,288,20,3,6,110,306,11284,0,0,3,8,0,3404,82432,1161,22,134,396,194,1011,0,233,0,356,0,3858,3573,712,40,12,1380,0,3163,865,41,15,22,858,9,29,0,7,1518,59929,0,21,4,0,134,84794,204,0,1544,0,10,0,0,47,0,52,9,19,16,7,219,0,0,585,1319,2543,1790,50468,0,772,3849,6857,115242,0,47,2495.0,0,299,435,110,9976,125,342,116,10,458,494,6,11,75,649,2487,9,0,0.0,59,0.0,3116,19,36,196,0,6,169,0,1378,505,60,14,144,708,10,14,6,14788,797,5,98,184,0,384,5147,231,0,2421,0,1317,1,77,1414,2633,2946,9034,0,949,0,0,0,0,0,2738,3548,0,84,0,9,13,0,2,245,1885,195,1171,10,2,1049,426,897,5,1462,0.0,112065,151,0,8,10,5568,18827,16,0,0.0,339,20,1875.0,0,0,1,39,94,455,18135,0,45,897,1024,34173,350,243599.0,205,0,146,0,233,161,39,9,0
2020-04-03,281,304,1171,439,8,15,1265,736,0,5330,11524,443,24,0,672,61,51,351,16770,4,16,5,132,579,4,9056,134,485,302,20,3,6,114,509,12437,0,0,8,8,0,3737,82511,1267,22,134,416,218,1079,0,269,0,396,0,4091,3946,712,49,12,1488,0,3368,985,46,16,22,961,9,35,0,7,1615,65202,0,21,4,0,155,91159,205,0,1613,0,12,0,0,50,0,73,15,23,18,7,222,0,0,623,1364,2567,1986,53183,0,820,4273,7428,119827,0,47,2617.0,0,310,464,122,10062,126,417,130,10,493,508,7,11,75,696,2612,9,0,0.0,70,0.0,3333,19,39,202,0,6,186,0,1510,591,64,14,174,791,10,14,6,15821,868,5,120,210,0,430,5370,252,0,2686,0,1475,1,92,1595,3018,3383,9886,0,1075,0,0,0,0,0,3183,4149,0,89,0,9,13,0,3,245,2039,207,1476,10,2,1114,450,934,7,1505,0.0,119199,159,0,10,10,6131,19606,16,0,0.0,348,20,1978.0,0,0,1,40,98,495,20921,0,48,1072,1264,38689,369,275586.0,227,0,153,0,237,194,39,9,0
2020-04-04,299,333,1251,466,10,15,1451,770,0,5550,11781,521,28,0,688,70,52,440,18431,4,16,5,139,624,4,10360,135,503,318,21,3,7,114,555,12978,0,0,8,9,0,4161,82543,1406,22,154,435,245,1126,0,288,0,426,0,4472,4269,712,50,14,1488,0,3465,1070,56,16,29,1039,9,38,0,12,1882,90848,0,21,4,0,162,96092,205,0,1673,0,12,0,0,61,0,111,18,23,20,7,264,0,0,678,1417,3082,2092,55743,0,878,4604,7851,124632,0,53,3139.0,0,323,531,126,10156,135,479,144,10,509,520,10,18,77,771,2729,9,0,0.0,70,0.0,3483,19,41,213,0,6,196,0,1688,752,66,14,201,919,10,14,9,16727,950,5,144,214,0,483,5550,277,0,2818,0,1673,1,96,1746,3094,3627,10524,0,1325,0,0,0,0,0,3613,4731,0,102,0,9,14,0,7,259,2179,219,1624,10,4,1189,471,977,7,1585,0.0,126168,166,0,10,10,6443,20505,16,0,0.0,355,20,2067.0,0,0,1,41,103,553,23934,0,48,1225,1505,42477,400,308853.0,266,0,155,0,240,217,39,9,0
2020-04-05,349,361,1320,501,14,15,1451,822,0,5687,12051,584,28,0,700,88,56,562,19691,5,22,5,157,654,6,11130,135,531,345,21,3,7,114,650,15756,0,0,8,9,0,4471,82602,1485,45,154,454,261,1182,0,320,0,446,0,4587,4561,712,59,14,1745,0,3646,1173,62,16,29,1097,9,43,0,12,1927,93773,0,21,4,0,174,100123,214,0,1735,0,12,0,0,61,0,121,18,24,21,7,268,0,0,733,1486,3588,2273,58226,0,961,4994,8430,128948,0,58,3139.0,0,345,584,142,10237,145,556,147,11,533,527,13,18,77,811,2804,9,0,0.0,72,0.0,3662,19,45,227,0,6,227,0,1890,864,73,14,214,1021,10,16,9,17953,1039,6,184,232,0,555,5687,298,0,3157,0,1801,1,104,2281,3246,4102,11278,0,1604,0,0,0,0,0,3864,5389,0,104,0,10,14,0,7,266,2402,222,1908,10,6,1309,485,997,7,1655,0.0,131646,176,0,12,10,6830,21100,19,0,0.0,363,22,2169.0,0,0,1,44,104,574,27069,0,52,1308,1799,48436,400,337072.0,342,0,159,0,241,237,39,9,0
2020-04-06,367,377,1423,525,16,15,1554,833,0,5797,12297,641,29,0,756,123,60,700,20814,7,26,5,183,674,6,12161,135,549,364,22,3,7,114,658,16563,0,0,8,9,0,4815,82665,1579,45,161,467,323,1222,0,350,0,465,0,4822,4875,712,90,15,1828,0,3747,1322,69,16,31,1108,10,44,0,14,2176,98963,0,24,4,0,188,103374,214,0,1755,0,12,0,0,70,0,128,18,31,24,7,298,0,0,744,1562,4778,2491,60500,0,1031,5364,8904,132547,0,58,3654.0,0,349,662,158,10284,145,665,216,12,542,541,14,19,77,843,2843,9,0,0.0,82,0.0,3793,19,47,241,0,6,244,0,2143,965,77,15,233,1120,10,16,9,18926,1106,6,253,238,0,570,5865,331,0,3766,0,1988,2,113,2561,3660,4413,11730,0,1832,0,0,0,0,0,4057,6343,0,105,0,10,14,0,7,266,2605,226,2200,11,6,1375,534,1021,7,1686,0.0,136675,178,0,12,10,7206,21657,19,0,0.0,373,24,2220.0,0,0,1,58,105,596,30217,0,52,1319,2076,52279,406,366667.0,457,0,165,0,245,254,39,10,0
2020-04-07,423,383,1468,545,17,19,1628,853,0,5895,12639,717,33,0,811,164,63,861,22194,7,26,5,194,764,6,14034,135,577,384,22,3,7,115,658,17872,0,0,8,10,0,5116,82718,1780,45,180,483,349,1282,0,396,0,494,0,5017,5266,712,90,15,1956,0,3747,1450,78,16,31,1149,10,52,0,15,2308,110065,0,30,4,0,196,107663,287,0,1832,0,12,0,0,77,0,144,33,33,25,7,305,0,0,817,1586,5311,2738,62589,0,1122,5709,9248,135586,0,63,3906.0,0,353,697,172,10331,170,743,228,14,548,548,14,20,78,880,2970,9,0,0.0,88,0.0,3963,19,56,293,0,6,268,0,2439,1056,79,15,241,1184,10,16,9,19709,1160,6,278,254,0,599,6086,371,0,4035,0,2100,2,115,2954,3764,4848,12442,0,2057,0,0,0,0,0,4417,7497,0,105,0,11,14,0,8,279,2795,237,2447,11,6,1481,581,1059,8,1749,0.0,141942,185,0,14,10,7693,22253,19,0,0.0,376,24,2258.0,0,0,1,65,107,623,34109,0,52,1462,2359,55949,424,396223.0,520,0,165,0,249,261,39,11,0
2020-04-08,444,400,1572,564,19,19,1715,881,0,6010,12942,822,40,0,823,218,63,1066,23403,8,26,5,210,804,6,16170,135,593,414,22,3,7,117,730,19141,0,0,8,10,0,5546,82809,2054,45,180,502,384,1343,0,457,0,526,0,5312,5597,712,135,15,2111,0,4450,1560,93,18,33,1185,12,55,0,15,2487,113959,0,34,4,0,211,113296,313,0,1884,0,12,0,0,87,0,164,33,37,27,8,312,0,0,895,1616,5916,2956,64586,0,1202,6074,9404,139422,0,63,4257.0,0,358,727,179,10384,184,855,270,15,577,576,31,21,78,912,3034,9,0,0.0,93,0.0,4119,19,59,299,0,6,273,0,2785,1174,81,16,248,1275,17,16,9,20682,1210,6,342,276,0,617,6086,419,0,4263,0,2249,2,119,4342,3870,5205,13141,0,2210,0,0,0,0,0,4761,8672,0,110,0,11,14,0,8,279,2932,244,2666,11,7,1623,682,1091,12,1845,0.0,148220,189,0,14,10,8419,23280,19,0,0.0,379,25,2369.0,0,0,1,70,107,628,38226,0,53,1668,2659,61474,424,429052.0,545,0,167,0,251,263,39,11,0
2020-04-09,484,409,1666,583,19,19,1795,921,0,6108,13244,926,41,0,887,330,66,1486,24983,9,26,5,264,858,13,18092,135,618,443,23,3,7,119,730,20654,0,0,8,11,0,5972,82883,2223,60,180,539,444,1407,0,515,0,564,0,5569,5830,712,135,15,2349,0,4965,1699,103,18,33,1207,12,56,0,15,2605,118781,0,44,4,0,218,118181,378,0,1955,0,12,0,0,95,0,194,36,37,30,8,343,0,0,980,1648,6725,3293,66220,0,1232,6574,9968,143626,0,63,4667.0,0,372,781,184,10423,184,910,280,16,589,582,31,24,78,955,3115,9,0,0.0,93,0.0,4228,19,74,337,0,7,314,0,3181,1289,84,16,252,1374,17,16,9,21903,1239,7,410,288,0,663,6211,457,0,4489,0,2528,2,124,5256,4076,5575,13956,0,2376,0,0,0,0,0,5202,10131,0,110,0,11,14,0,12,333,3287,250,2867,11,7,1910,701,1124,12,1934,0.0,153222,190,0,15,10,9141,24051,19,0,0.0,380,25,2423.0,0,0,1,73,109,643,42282,0,53,1892,2990,65872,456,461437.0,582,0,171,0,255,263,39,11,0
2020-04-10,521,416,1761,601,19,19,1975,937,0,6215,13555,991,42,0,925,424,67,1981,26667,10,35,5,268,901,13,19638,136,635,443,27,3,7,119,820,22059,0,0,8,11,0,6501,82941,2473,60,215,558,444,1495,0,564,0,595,0,5732,6014,712,150,16,2620,0,7161,1794,117,18,34,1258,12,65,0,16,2769,125931,0,44,4,0,234,122171,378,0,2011,0,14,0,0,126,0,212,36,37,31,8,382,0,0,1190,1675,7598,3512,68192,0,1279,8089,10408,147577,0,63,5530.0,0,372,812,189,10450,250,993,298,16,612,609,37,24,79,999,3223,9,0,0.0,93,0.0,4346,19,87,350,0,7,318,0,3441,1438,90,16,255,1448,20,16,9,23249,1283,7,438,305,0,711,6314,484,0,4695,0,2752,2,129,5897,4195,5955,15472,0,2512,0,0,0,0,0,5467,11917,0,118,0,12,15,0,12,344,3651,265,3105,11,8,2108,715,1160,21,2003,0.0,158273,190,0,17,10,9685,24551,19,0,0.0,382,32,2473.0,0,0,2,76,109,671,47029,0,53,2203,3360,74605,473,496535.0,624,0,171,0,257,267,40,13,0
2020-04-11,555,433,1825,601,19,21,1975,967,0,6303,13806,1058,46,0,1040,482,68,2226,28018,13,35,5,275,946,13,20727,136,661,484,38,5,8,120,820,23316,0,0,8,11,0,6927,83014,2709,60,223,577,533,1534,0,620,0,616,0,5831,6191,712,187,16,2759,0,7257,1939,118,18,34,1304,12,69,0,16,2905,130727,0,46,9,0,242,124908,408,0,2081,0,14,0,0,137,0,250,38,45,33,8,392,0,0,1310,1689,8446,3842,70029,0,1318,8928,10743,152271,0,65,6005.0,0,381,865,191,10480,283,1154,339,18,630,619,48,24,79,1026,3270,9,0,0.0,102,0.0,4530,19,87,370,0,7,319,0,3844,1560,92,16,263,1545,20,16,9,24571,1312,8,491,318,0,760,6409,546,0,5011,0,2974,2,133,6848,4428,6356,15987,0,2728,0,0,0,0,0,5990,13584,0,120,0,12,15,0,12,356,4033,278,3380,11,8,2299,728,1188,21,2028,0.0,163027,198,0,19,10,10151,25107,25,0,0.0,385,32,2518.0,0,0,2,76,112,685,52167,0,53,2511,3736,79874,494,526396.0,767,0,175,0,258,268,40,14,0
2020-04-12,607,446,1914,638,19,21,2142,1013,0,6315,13945,1098,46,0,1136,621,71,2578,29647,14,35,5,300,1009,13,22192,136,675,497,41,5,8,122,820,24299,0,0,8,18,0,7213,83134,2776,60,234,595,574,1600,0,669,0,633,0,5991,6369,712,214,16,2967,0,7466,2065,125,21,34,1309,14,71,0,16,2974,133670,0,49,9,0,257,127854,566,0,2114,0,14,0,0,155,0,250,38,45,33,8,393,0,0,1410,1701,9205,4241,71686,0,1352,9655,11145,156363,0,69,6748.0,0,389,951,197,10512,283,1234,377,19,651,630,50,25,79,1053,3281,9,0,0.0,106,0.0,4683,20,105,378,0,7,324,0,4219,1662,93,16,272,1661,21,16,12,25746,1330,9,529,323,0,828,6525,599,0,5230,0,3234,2,134,7519,4648,6674,16585,0,2979,0,0,0,0,0,6300,15770,0,126,0,12,15,0,12,356,4462,280,3630,11,10,2532,742,1205,25,2173,0.0,166831,210,0,19,10,10483,25415,25,0,0.0,388,32,2551.0,0,0,2,76,113,707,56956,0,54,2777,4123,85206,480,555313.0,865,0,181,0,262,290,43,14,0
2020-04-13,665,467,1983,646,19,23,2208,1039,0,6351,14041,1148,47,0,1361,803,72,2919,30589,18,35,5,330,1037,13,23430,136,685,497,62,5,10,122,820,25680,0,0,11,23,0,7525,83213,2852,60,235,612,626,1650,0,726,0,662,0,6059,6513,712,298,16,3167,0,7529,2190,137,21,34,1332,15,74,0,16,3064,137875,0,57,9,0,272,130072,566,0,2145,0,14,0,0,156,0,319,38,45,40,8,397,0,0,1458,1711,10453,4557,73303,0,1378,10647,11586,159516,0,73,7370.0,0,391,1091,208,10537,283,1300,419,19,655,632,59,26,79,1062,3292,9,0,0.0,106,0.0,4817,20,123,384,0,7,324,0,4661,1712,93,17,274,1763,21,16,14,26710,1349,9,529,343,0,854,6603,727,0,5496,0,3400,2,147,9784,4932,6934,16934,0,3231,0,0,0,0,0,6633,18328,0,127,0,12,15,0,12,356,4934,291,4054,11,10,2918,769,1212,60,2272,0.0,170099,217,0,29,10,10948,25688,25,0,0.0,393,49,2579.0,0,0,4,77,113,726,61049,0,54,3102,4521,89570,480,580619.0,998,0,189,0,265,308,45,17,0
2020-04-14,714,475,2070,659,19,23,2277,1067,0,6415,14226,1197,49,0,1528,1012,72,3281,31119,18,35,5,354,1083,13,25262,136,713,528,63,5,11,122,848,27035,0,0,11,23,0,7917,83306,2979,60,241,618,638,1704,0,766,0,695,0,6111,6706,712,363,16,3286,0,7603,2350,149,41,34,1373,15,82,0,16,3161,131361,0,57,9,0,300,131359,636,0,2170,0,14,0,0,167,0,363,38,47,40,8,407,0,0,1512,1720,11487,4839,74877,0,1400,11479,12046,162488,0,73,7645.0,0,397,1232,216,10564,387,1355,430,19,657,641,59,35,79,1070,3307,9,0,0.0,108,0.0,4987,20,144,393,0,7,324,0,5014,1934,93,30,283,1888,28,16,16,27580,1366,9,570,373,0,908,6623,813,0,5837,0,3472,2,159,10303,5223,7202,17448,0,3428,0,0,0,0,0,6879,21102,0,134,0,14,15,0,12,371,5369,299,4465,11,11,3252,835,1220,60,2415,0.0,172541,233,0,32,10,11445,25936,29,0,0.0,393,53,2613.0,0,0,6,77,113,747,65111,0,55,3372,4933,94845,483,607670.0,1165,0,189,0,266,308,45,17,0
2020-04-15,784,494,2160,673,19,23,2443,1111,0,6440,14336,1253,49,0,1671,1231,73,3728,33573,18,35,5,397,1110,13,28320,136,747,542,74,5,56,122,848,28209,0,0,12,23,0,8273,83356,3105,117,254,626,638,1741,0,814,0,715,0,6216,6876,712,435,16,3614,0,7858,2505,159,51,35,1400,15,85,0,16,3237,134582,0,80,9,0,306,134753,636,0,2192,0,14,0,0,180,0,404,43,55,41,8,419,0,0,1579,1727,12322,5136,76389,0,1415,12547,12501,165155,0,125,8100.0,0,401,1295,225,10591,387,1405,449,19,666,658,59,48,79,1091,3373,9,0,0.0,110,0.0,5072,22,148,399,0,7,324,0,5399,2049,93,30,288,2024,29,16,16,28316,1386,9,584,407,0,974,6740,910,0,6383,0,3574,2,161,11475,5453,7582,18091,0,3711,0,0,0,0,0,7216,24490,0,136,0,14,15,0,12,372,5862,314,4873,11,13,3699,863,1248,80,2506,0.0,177644,238,0,32,10,11927,26336,33,0,0.0,395,88,2643.0,0,0,8,81,114,780,69392,0,55,3764,5365,99483,492,636350.0,1302,0,197,0,267,374,48,23,0
2020-04-16,840,518,2268,673,19,23,2571,1159,0,6462,14476,1283,53,0,1700,1572,75,4204,34809,18,35,5,441,1167,15,30425,136,800,546,85,5,56,122,996,30809,0,0,12,27,0,8807,83403,3233,117,267,642,654,1791,0,862,0,735,0,6433,7074,712,591,16,3755,0,8225,2673,164,51,35,1434,16,92,0,17,3369,147091,0,80,9,0,348,137698,641,0,2207,0,14,0,0,196,0,438,43,55,41,8,426,0,0,1652,1739,13430,5516,77995,0,1434,13271,12758,168941,0,143,8626.0,0,402,1402,234,10613,449,1524,466,19,675,663,59,49,79,1128,3444,9,0,0.0,111,0.0,5182,25,171,412,0,7,324,0,5847,2154,93,31,303,2283,31,16,16,29383,1401,9,584,442,0,1081,6896,1019,0,6919,0,3751,7,174,12491,5660,7918,18841,0,4103,0,0,0,0,0,7707,27938,0,138,0,14,15,0,12,426,6380,335,5318,11,15,4427,977,1268,80,2605,0.0,184948,238,0,32,10,12540,26732,33,0,0.0,395,94,2672.0,0,0,18,81,114,822,74193,0,55,4161,5825,104145,502,667801.0,1349,0,204,0,268,374,48,23,0
2020-04-17,906,539,2418,696,19,23,2669,1201,0,6522,14595,1340,54,0,1740,1838,75,4779,36138,18,35,5,465,1214,15,33682,136,846,557,88,5,56,122,996,32814,0,0,12,27,0,9252,83760,3439,143,287,649,688,1814,0,923,0,750,0,6549,7268,712,732,16,4126,0,8450,2844,177,79,35,1459,16,96,0,17,3489,149130,0,108,9,0,370,141397,641,0,2224,0,14,0,0,214,0,477,43,63,43,8,442,0,0,1763,1754,14352,5923,79494,0,1482,13980,12982,172434,0,143,9787.0,0,407,1546,246,10635,480,1658,489,19,682,668,76,49,79,1149,3480,9,0,0.0,117,0.0,5251,28,171,422,0,7,324,0,6297,2264,94,31,303,2564,34,16,30,30619,1409,9,627,493,0,1117,6937,1069,0,7025,0,4016,7,199,13489,5878,8379,19022,0,4663,0,0,0,0,0,8067,32008,0,143,0,14,15,0,12,435,7142,342,5690,11,26,5050,1049,1304,116,2783,0.0,190839,244,0,33,10,13216,27078,38,0,0.0,395,147,2700.0,0,0,18,83,114,864,78546,0,56,4662,6302,109769,502,699706.0,1405,0,204,0,268,402,52,24,0
2020-04-18,933,548,2534,704,24,23,2758,1248,0,6547,14671,1373,55,0,1773,2144,75,4779,37183,18,35,5,493,1268,15,36658,137,878,565,98,5,58,122,1017,34356,0,0,12,33,0,9730,83787,3439,143,307,655,801,1832,0,986,0,761,0,6606,7437,712,732,16,4335,0,9022,3032,190,79,39,1512,22,105,0,17,3681,149149,0,108,9,0,388,143342,834,0,2235,0,14,0,0,235,0,518,46,63,44,8,457,0,0,1834,1760,15722,6248,80868,0,1513,14758,13265,175925,0,163,10296.0,0,413,1615,262,10653,510,1751,506,19,712,672,76,49,79,1239,3537,9,0,0.0,120,0.0,5305,35,216,426,0,7,325,0,6875,2378,94,31,307,2685,35,16,31,31766,1422,9,639,542,0,1170,7036,1180,0,7638,0,4210,7,202,14420,6087,8742,19685,0,5008,0,0,0,0,0,8418,36793,0,144,0,14,15,0,12,455,8274,350,5994,11,30,5992,1089,1317,135,3034,0.0,191726,254,0,66,10,13822,27404,38,0,0.0,398,147,2733.0,0,0,18,84,114,864,82329,0,55,5106,6302,115314,508,732197.0,1490,0,227,0,268,418,57,25,0
2020-04-19,996,562,2629,713,24,23,2839,1291,0,6547,14749,1398,55,0,1881,2456,75,4779,38496,18,35,5,520,1285,20,38654,138,894,576,111,5,61,122,1017,35633,0,0,12,33,0,10088,83805,3792,143,327,660,847,1871,0,1035,0,767,0,6746,7580,712,846,16,4680,0,9468,3144,201,79,39,1528,22,108,0,17,3783,154097,0,109,10,0,394,145184,1042,0,2235,0,14,0,0,257,0,579,50,65,47,8,472,0,0,1916,1771,17615,6575,82211,0,1539,15251,13491,178972,0,173,10797.0,0,417,1676,270,10661,510,1915,554,19,727,673,91,51,81,1298,3550,9,0,0.0,121,0.0,5389,52,224,427,0,7,328,0,7497,2472,94,32,308,2855,39,16,31,32838,1431,10,648,627,0,1207,7078,1266,0,8348,0,4273,7,206,15628,6259,9287,20206,0,5448,0,0,0,0,0,8746,42853,0,147,0,14,15,0,12,461,9362,367,6318,11,35,6588,1161,1330,164,3158,0.0,198674,271,0,66,10,14385,27740,39,0,0.0,420,170,2765.0,0,0,19,84,114,879,86306,0,55,5449,6781,121172,517,759086.0,1565,0,256,0,268,437,61,25,0
2020-04-20,1026,584,2718,717,24,23,2941,1339,0,6547,14795,1436,60,0,1907,2948,75,6264,39983,18,54,5,564,1309,20,40743,138,929,581,119,5,67,122,1163,37658,0,0,12,33,0,10507,83817,3977,160,332,662,847,1881,0,1087,0,772,0,6900,7711,712,846,16,4964,0,10128,3333,218,79,39,1535,24,111,0,18,3868,156480,0,120,10,0,402,147065,1042,0,2245,0,14,0,0,289,0,622,50,65,57,9,477,0,0,1984,1773,18539,6760,83505,0,1574,15652,13713,181228,0,223,10797.0,0,425,1852,281,10674,510,1995,568,19,739,677,99,51,81,1326,3558,9,0,0.0,121,0.0,5425,69,246,431,0,7,328,0,8261,2548,94,33,312,3046,39,16,31,33588,1440,10,648,665,0,1225,7156,1410,0,8418,0,4467,7,208,16325,6459,9593,20863,0,6015,0,0,0,0,0,8936,47121,0,147,0,15,15,0,12,462,10484,377,6630,11,43,8014,1173,1335,237,3300,0.0,200210,304,0,107,10,14777,27944,39,0,0.0,422,254,2792.0,0,0,22,84,114,884,90980,0,56,5710,7265,125856,535,784326.0,1627,0,256,0,268,449,65,25,0
2020-04-21,1092,609,2811,717,24,23,3031,1401,0,6547,14873,1480,65,0,1973,3382,75,6723,40956,18,54,6,598,1342,20,43079,138,975,600,121,5,68,122,1163,39402,0,0,14,33,0,10832,83853,4149,165,350,669,916,1908,0,1137,0,784,0,7033,7891,712,945,16,5044,0,10398,3490,225,83,39,1552,31,114,0,18,4014,159297,0,156,10,0,408,148291,1042,0,2401,0,14,0,0,294,0,688,50,66,57,9,494,0,0,2098,1778,20080,7135,84802,0,1602,16040,13942,183957,0,223,11135.0,0,428,1995,296,10683,510,2080,590,19,748,677,101,51,81,1350,3618,9,0,0.0,121,0.0,5482,83,258,443,0,7,328,0,8772,2614,94,34,313,3209,39,16,43,34317,1445,10,657,665,0,1231,7191,1508,0,9565,0,4658,7,208,17837,6599,9856,21379,0,6533,0,0,0,0,0,9242,52763,0,150,0,15,15,0,12,476,11631,412,6630,11,50,9125,1199,1344,286,3465,0.0,204178,310,0,107,10,15322,28063,42,0,0.0,425,254,2811.0,0,0,23,86,115,884,95591,0,61,6125,7755,130172,535,811865.0,1678,0,285,0,268,466,70,28,0
2020-04-22,1176,634,2910,723,25,24,3144,1473,0,6547,14925,1518,65,0,2027,3772,75,7281,41889,18,54,6,609,1368,22,45757,138,1024,609,123,11,73,122,1163,41650,0,0,14,33,0,11296,83868,4356,186,359,681,952,1950,0,1189,0,790,0,7132,8108,712,974,16,5300,0,10850,3659,237,84,39,1559,31,116,0,18,4129,157125,0,166,10,0,416,150648,1154,0,2408,0,15,0,0,316,0,761,50,67,62,9,510,0,0,2168,1785,21370,7418,85996,0,1631,16671,14498,187327,0,233,11512.0,0,435,2135,303,10694,510,2248,612,19,761,682,101,59,81,1370,3654,9,0,0.0,121,0.0,5532,86,293,444,0,7,329,0,9501,2778,94,35,315,3446,41,16,45,35032,1451,10,662,873,0,1259,7338,1614,0,10076,0,4821,8,213,19250,6710,10169,21982,0,7141,0,0,0,0,0,9710,57999,0,153,0,15,15,0,13,488,12772,442,6630,11,61,10141,1244,1353,286,3635,0.0,208389,330,0,140,10,16004,28268,42,0,0.0,426,284,2826.0,0,0,23,88,115,909,98674,0,63,6592,8238,134638,543,840220.0,1716,0,288,0,268,474,74,28,0
2020-04-23,1279,663,3007,723,25,24,3435,1523,0,6661,15002,1548,72,0,2217,4186,76,8022,42797,18,54,7,703,1413,22,50036,138,1097,616,139,11,82,122,1334,43286,0,0,16,33,0,11812,83884,4561,186,377,686,1004,1981,0,1235,0,795,0,7187,8271,712,986,16,5543,0,11183,3891,250,84,39,1592,31,116,0,18,4284,159460,0,167,10,0,425,153129,1154,0,2463,0,15,0,0,384,0,862,50,70,72,9,519,0,0,2284,1789,23077,7775,87026,0,1677,17607,14803,189973,0,257,12368.0,0,437,2289,320,10708,510,2399,631,19,778,688,101,60,81,1398,3665,9,0,0.0,121,0.0,5603,108,309,445,0,7,331,0,11633,2926,94,36,316,3568,46,16,48,35921,1456,11,671,981,0,1300,7401,1716,0,11155,0,5166,8,213,20914,6981,10511,22353,0,7764,0,0,0,0,0,10096,62773,0,154,0,15,15,0,13,501,13930,479,6630,11,64,11178,1325,1366,328,3953,0.0,213024,368,0,174,10,16755,28496,42,0,0.0,427,284,2839.0,0,0,23,88,115,918,101790,0,74,7170,8756,139246,557,869170.0,1758,0,311,0,268,480,76,28,0
2020-04-24,1351,678,3127,731,25,24,3607,1596,0,6677,15071,1592,73,0,2518,4689,77,8773,44293,18,54,7,807,1421,22,54043,138,1234,629,144,11,88,122,1430,44056,0,0,16,40,0,12306,83899,4881,200,394,687,1077,2009,0,1285,0,804,0,7273,8408,712,999,16,5749,0,22719,4092,274,214,39,1605,36,117,0,18,4395,159952,0,172,10,0,444,154999,1279,0,2490,0,15,0,0,430,0,954,52,73,72,9,591,0,0,2443,1789,24530,8211,88194,0,1708,18184,15058,192994,0,288,12829.0,0,441,2482,336,10718,510,2614,665,19,784,696,117,61,81,1410,3695,9,0,0.0,122,0.0,5691,129,325,447,0,7,331,0,12872,3110,94,37,319,3758,65,16,49,36729,1461,11,681,1095,0,1326,7463,1790,0,11940,0,5338,8,223,21648,7192,10892,22797,0,8525,0,0,0,0,0,10417,68622,0,176,0,15,15,0,14,513,15102,545,6630,11,82,12075,1360,1373,328,4220,0.0,219764,420,0,174,10,17567,28677,42,0,0.0,428,299,2907.0,0,0,24,90,115,922,104912,0,75,7647,9281,144640,563,905333.0,1804,0,318,0,270,484,84,29,0
2020-04-25,1463,712,3256,738,25,24,3780,1677,0,6694,15148,1617,78,0,2588,4998,79,9590,45325,18,54,7,866,1486,22,59324,138,1247,629,146,11,90,122,1518,45493,0,0,16,46,0,12858,83909,5142,200,416,693,1077,2016,0,1337,0,810,0,7352,8643,712,1008,16,5926,0,22719,4319,274,258,39,1635,56,122,0,18,4475,161644,0,176,10,0,456,156513,1279,0,2506,0,18,0,0,473,0,996,52,73,72,9,627,0,0,2443,1790,26283,8607,89328,0,1763,18561,15298,195351,0,305,13231.0,0,444,2601,343,10728,510,2892,665,19,804,704,120,61,81,1426,3711,9,0,0.0,123,0.0,5742,177,370,448,0,7,331,0,13842,3304,94,37,320,3897,70,16,49,37384,1470,12,684,1182,0,1367,7499,1905,0,12723,0,5538,8,228,25331,7294,11273,23392,0,9358,0,0,0,0,0,10635,74588,0,183,0,15,15,0,14,513,16299,614,6630,11,82,12693,1373,1388,390,4361,0.0,223759,460,0,213,10,18177,28894,42,0,0.0,429,299,2907.0,0,0,24,96,115,939,107773,0,75,8125,9813,149569,596,938154.0,1862,0,323,0,270,342,84,31,0
2020-04-26,1531,726,3382,738,26,24,3892,1746,0,6714,15225,1645,80,0,2647,5416,79,10463,46134,18,64,7,950,1516,22,63100,138,1300,632,146,11,106,122,1621,47147,0,0,19,46,0,13331,83912,5379,200,442,695,1150,2030,0,1369,0,817,0,7404,8773,712,1023,16,6135,0,22719,4534,298,258,39,1643,59,123,0,18,4576,162220,0,176,10,0,486,157770,1550,0,2517,0,18,0,0,500,0,996,53,74,74,9,627,0,0,2500,1792,27890,8882,90481,0,1820,19262,15443,197675,0,350,13441.0,0,447,2717,355,10738,510,3075,682,19,812,707,124,61,82,1438,3723,9,0,0.0,124,0.0,5780,214,389,448,0,7,332,0,14677,3408,94,38,321,4065,76,16,52,38040,1469,13,696,1273,0,1386,7527,1998,0,13328,0,5779,8,228,27517,7579,11617,23864,0,10287,0,0,0,0,0,11036,80949,0,191,0,15,15,0,14,538,17522,671,6630,11,93,13624,1379,1396,436,4546,0.0,226629,523,0,237,10,18640,29061,43,0,0.0,429,299,2922.0,0,0,24,98,115,949,110130,0,79,8617,10349,154037,606,965783.0,1869,0,325,0,270,342,88,31,0
2020-04-27,1703,736,3517,743,27,24,4003,1808,0,6721,15274,1678,80,0,2723,5913,80,11289,46687,18,64,7,1014,1565,22,67446,138,1363,635,146,11,109,122,1705,49616,0,0,19,46,0,13813,83918,5597,200,459,697,1164,2039,0,1389,0,822,0,7445,8896,712,1035,16,6293,0,23240,4782,323,258,39,1647,65,124,0,18,4695,165963,0,211,10,0,497,158758,1550,0,2534,0,18,0,0,530,0,1163,73,74,76,9,661,0,0,2583,1792,29451,9096,91472,0,1847,19648,15555,199414,0,364,14153.0,0,449,2835,363,10752,510,3288,695,19,818,710,124,61,82,1449,3729,9,0,0.0,128,0.0,5820,226,408,450,0,7,334,0,15529,3481,95,38,321,4120,76,16,52,38440,1472,13,701,1337,0,1399,7599,2049,0,13915,0,6021,8,228,28699,7777,11902,24027,0,11244,0,0,0,0,0,11339,87147,0,207,0,15,15,0,15,538,18811,736,6630,11,93,14423,1381,1402,480,4793,0.0,229422,588,0,275,10,18926,29164,43,0,0.0,429,299,2931.0,0,0,24,98,116,967,112261,0,79,9009,10839,158348,620,988197.0,1904,0,329,0,270,342,88,32,0
2020-04-28,1828,750,3649,743,27,24,4127,1867,0,6744,15357,1717,80,0,2811,6462,80,12208,47334,18,64,7,1014,1585,23,73235,138,1399,638,150,11,114,122,1705,51150,0,0,50,52,0,14365,83940,5949,207,471,705,1183,2047,0,1437,0,837,0,7504,9049,712,1072,16,6416,0,24258,5042,345,315,39,1660,71,126,0,18,4740,169053,0,238,10,0,511,159912,1671,0,2566,0,19,0,0,530,0,1240,73,74,76,10,702,0,0,2649,1795,31324,9511,92584,0,1928,19877,15728,201505,0,364,13736.0,0,449,3027,374,10761,510,3440,708,19,836,717,141,61,82,1344,3741,9,0,0.0,128,0.0,5851,250,424,458,0,7,334,0,16752,3638,95,38,321,4252,76,16,54,38612,1474,13,709,1532,0,1421,7660,2131,0,14612,0,6021,8,239,31190,7958,12218,24322,0,11921,0,0,0,0,0,11616,93558,0,212,0,15,15,0,15,553,20077,823,6630,11,104,14951,1384,1408,528,4996,0.0,232128,619,0,318,10,19621,29264,43,0,0.0,429,299,2938.0,0,0,24,99,116,975,114653,0,79,9410,11380,162350,625,1012582.0,1939,0,329,0,270,343,95,32,0
2020-04-29,1939,766,3848,743,27,24,4285,1932,0,6752,15402,1766,80,0,2921,7103,80,13181,47859,18,64,7,1110,1677,23,79685,138,1447,641,150,11,114,122,1832,52865,0,0,50,52,0,14885,83944,6207,207,491,713,1238,2062,0,1467,0,843,0,7579,9206,712,1077,16,6652,0,24675,5268,377,315,39,1666,91,130,0,18,4906,166543,0,276,10,0,517,161539,1671,0,2576,0,20,0,0,557,0,1351,205,78,76,10,738,0,0,2727,1797,33062,9771,93657,0,2003,20253,15834,203591,0,396,13895.0,0,451,3138,384,10765,510,3740,729,19,849,721,141,61,82,1375,3769,9,0,0.0,128,0.0,5945,278,482,463,0,8,332,0,17799,3771,95,38,322,4321,76,16,57,38998,1476,13,713,1728,0,1442,7710,2274,0,15525,0,6378,8,239,33931,8212,12640,24505,0,12564,0,0,0,0,0,11978,99399,0,225,0,15,17,0,16,563,21402,882,6630,11,104,15641,1391,1418,582,5350,0.0,236899,649,0,375,10,20302,29407,43,0,0.0,429,480,2947.0,0,0,24,109,116,980,117589,0,81,9866,11929,166441,630,1039909.0,2002,0,331,0,270,344,97,32,0
2020-04-30,2171,773,4006,745,27,24,4428,2066,0,6766,15452,1804,81,0,3040,7667,81,14027,48519,18,64,7,1110,1757,23,87187,138,1506,645,151,11,121,122,1832,54457,0,0,50,73,0,16023,83956,6507,220,572,719,1275,2076,0,1501,0,850,0,7682,9356,712,1089,16,6972,0,24934,5537,395,315,39,1689,100,131,0,18,4995,167299,0,276,11,0,539,163009,2074,0,2591,0,20,0,0,599,0,1495,205,82,81,11,771,0,0,2775,1797,34863,10118,94640,0,2085,20612,15946,205463,0,422,14088.0,0,453,3402,396,10774,799,4024,746,19,858,725,141,61,82,1385,3784,9,0,0.0,128,0.0,6002,468,490,465,0,8,332,0,19224,3897,95,38,322,4423,76,16,57,39512,1479,14,719,1932,0,1465,7738,2348,0,16817,0,6532,8,266,36976,8488,12877,25045,0,13409,0,0,0,0,0,12240,106498,0,243,0,15,17,0,16,569,22753,933,9009,11,124,16169,1396,1429,601,5647,0.0,213435,663,0,442,10,21092,29586,43,0,0.0,429,480,2954.0,0,0,24,116,116,994,120204,0,83,10406,12481,172481,643,1069424.0,2039,0,333,0,270,344,106,40,0
2020-05-01,2335,782,4154,745,30,25,4532,2148,0,6778,15531,1854,81,0,3170,8238,81,14917,49032,18,90,7,1229,1781,23,92202,138,1555,649,151,11,122,122,1832,56343,0,0,72,73,0,17008,83959,7006,229,604,725,1333,2085,0,1537,0,857,0,7737,9509,712,1097,16,7288,0,26336,5895,424,315,39,1694,106,133,0,18,5051,167305,0,276,12,0,566,164077,2074,0,2612,0,20,0,0,644,0,1537,257,82,85,11,804,0,0,2863,1798,37257,10551,95646,0,2153,20833,16101,207428,0,432,14305.0,0,459,3597,411,10780,806,4377,756,19,870,729,152,63,82,1399,3802,9,0,0.0,132,0.0,6071,491,508,467,0,8,332,0,20739,3980,95,38,322,4569,79,16,59,39989,1485,14,728,2170,0,1494,7783,2447,0,18114,0,6720,8,333,40459,8772,13105,25351,0,14096,0,0,0,0,0,12567,114431,0,249,0,15,17,0,16,580,24097,1024,9009,11,136,17101,1403,1434,601,5951,0.0,213435,690,0,533,10,21520,29705,44,0,0.0,429,480,2960.0,0,0,24,123,116,998,122392,0,85,10861,13038,178685,648,1103461.0,2086,0,335,0,270,353,109,40,0
2020-05-02,2469,789,4295,747,35,25,4681,2273,0,6799,15558,1894,83,0,3284,8790,81,15828,49517,18,90,7,1229,1839,23,97100,138,1594,652,151,15,152,122,2077,57926,0,0,72,117,0,18435,83959,7285,229,674,733,1362,2088,0,1611,0,864,0,7755,9605,712,1112,16,7578,0,27464,6193,446,315,39,1699,108,133,0,18,5176,168518,0,335,17,0,582,164967,2169,0,2620,0,21,0,0,688,0,1586,257,82,85,11,1010,0,0,2942,1798,39699,10843,96448,0,2219,21176,16185,209328,0,463,14571.0,0,460,3857,435,10793,823,4619,769,19,871,733,154,63,82,1406,3812,9,0,0.0,135,0.0,6176,519,544,468,0,8,332,0,22088,4052,95,39,322,4729,79,16,59,40434,1487,14,736,2388,0,1506,7809,2483,0,19103,0,7090,8,370,42534,8928,13375,25190,0,14872,0,0,0,0,0,12732,124054,0,255,0,15,17,0,16,580,25459,1115,9362,11,155,17548,1407,1439,671,6336,0.0,216582,705,0,592,10,22082,29817,44,0,0.0,432,480,2966.0,0,0,24,123,116,1009,124375,0,88,11411,13599,183500,652,1132539.0,2118,0,345,0,270,353,119,34,0
2020-05-03,2704,795,4474,748,35,25,4783,2386,0,6822,15597,1932,83,0,3383,9455,82,16705,49906,18,90,7,1594,1857,23,101826,138,1618,662,155,15,165,122,2077,60504,0,0,72,117,0,19663,83964,7668,229,674,739,1398,2096,0,1649,0,872,0,7781,9721,712,1112,16,7954,0,29538,6465,490,315,39,1700,112,135,0,18,5254,168925,0,335,17,0,589,165664,2169,0,2626,0,21,0,0,703,0,1586,257,82,88,11,1055,0,0,2998,1799,42505,11192,97424,0,2296,21506,16208,210717,0,469,14877.0,0,461,3920,465,10801,851,4983,795,19,879,737,158,63,82,1410,3824,9,0,0.0,149,0.0,6298,527,563,477,0,8,332,0,23471,4121,95,39,322,4903,80,16,75,40769,1487,15,750,2558,0,1511,7847,2568,0,20084,0,7090,8,396,45928,9223,13693,25282,0,15551,0,0,0,0,0,13163,134687,0,259,0,15,18,0,16,582,27011,1182,9464,11,166,18205,1408,1439,722,6783,0.0,217466,718,0,592,10,22317,29905,44,0,0.0,436,480,2969.0,0,0,24,124,116,1013,126045,0,89,11913,14163,187842,655,1158040.0,2149,0,357,0,271,353,124,34,0
2020-05-04,2894,803,4648,750,35,25,4887,2507,0,6847,15621,1984,83,0,3533,10143,82,17489,50267,18,96,7,1681,1926,23,108620,138,1652,672,161,15,175,122,2104,61957,0,0,85,117,0,20643,83966,7973,236,682,742,1432,2101,0,1668,0,874,0,7819,9868,712,1116,16,8235,0,31881,6813,555,315,39,1703,116,140,0,18,5327,169583,0,367,17,0,593,166152,2719,0,2632,0,21,0,0,730,0,1710,413,92,100,11,1178,0,0,3035,1799,46437,11587,98647,0,2346,21772,16246,211938,0,471,15078.0,0,465,4049,490,10804,855,5278,830,19,896,740,166,63,82,1419,3828,9,0,0.0,149,0.0,6353,541,580,480,0,8,332,0,24905,4248,95,40,323,5053,80,16,75,40968,1486,15,755,2802,0,1518,7904,2637,0,20941,0,7197,8,415,47372,9485,14006,25524,0,16191,0,0,0,0,0,13512,145268,0,261,0,15,18,0,17,582,28656,1271,9557,11,178,18778,1413,1439,756,7220,0.0,218011,751,0,678,10,22721,29981,44,0,0.0,438,480,2987.0,0,0,24,126,116,1018,127659,0,97,12331,14730,191832,657,1180375.0,2189,0,357,0,271,362,137,34,0
2020-05-05,3224,820,4838,751,36,25,5020,2619,0,6875,15650,2060,89,0,3720,10929,82,18350,50509,18,96,7,1802,1946,23,115455,138,1704,688,161,15,186,122,2104,63215,0,0,85,170,0,22016,83968,8613,236,705,755,1464,2112,0,1685,0,878,0,7896,10019,712,1120,16,8480,0,31881,7201,587,315,39,1711,119,145,0,18,5412,170687,0,397,17,0,604,167007,2719,0,2642,0,21,0,0,763,0,1811,413,93,101,11,1270,0,0,3065,1799,49400,12071,99970,0,2431,21983,16289,213013,0,473,15253.0,0,471,4205,535,10806,856,5804,843,19,896,741,170,63,82,1423,3840,9,0,0.0,151,0.0,6383,573,612,482,0,8,332,0,26025,4363,95,41,324,5219,81,16,82,41286,1488,16,763,2950,0,1526,7955,2735,0,22049,0,7523,8,431,51189,9684,14431,25702,0,17142,0,0,0,0,0,13837,155370,0,261,0,15,18,0,17,589,30251,1329,9677,11,199,19410,1421,1445,835,7572,0.0,219329,771,0,778,10,23216,30009,44,0,0.0,438,480,2988.0,0,0,24,128,116,1022,129491,0,98,12697,15192,196243,670,1204351.0,2207,0,361,0,271,371,138,34,0
2020-05-06,3392,832,4997,751,36,25,5208,2782,0,6894,15684,2127,92,0,3934,11719,82,19255,50781,18,96,7,1886,1987,23,126611,139,1778,729,161,15,191,122,2265,64694,0,0,94,170,0,23048,83970,8959,264,797,761,1516,2119,0,1703,0,883,0,7974,10136,712,1124,16,8807,0,31881,7588,633,439,39,1713,123,162,0,18,5573,174224,0,397,17,0,610,168162,3091,0,2663,0,21,0,0,798,0,1856,475,93,101,12,1461,0,0,3111,1799,52987,12438,101650,0,2480,22248,16310,214457,0,478,15253.0,0,473,4422,582,10810,856,6289,871,19,900,750,178,64,82,1428,3851,9,0,0.0,158,0.0,6428,617,631,484,0,8,332,0,27634,4476,95,41,324,5408,81,16,99,41518,1489,16,770,3145,0,1539,7996,2903,0,24073,0,7731,8,440,54817,10004,14740,26182,0,17972,0,0,0,0,0,14107,165929,0,268,0,15,18,0,17,608,31938,1433,9791,11,225,20198,1429,1448,873,7808,0.0,220325,797,0,852,10,23918,30060,45,0,0.0,439,480,2989.0,0,0,24,128,116,1025,131744,0,100,13184,15738,202359,673,1228603.0,2233,0,379,0,271,374,146,34,0
2020-05-07,3563,842,5182,752,36,25,5371,2884,0,6913,15752,2204,92,0,4199,12425,82,20168,51420,18,140,7,2081,2027,23,135773,141,1829,736,176,15,218,122,2267,66201,0,0,94,253,0,24581,83975,9456,264,863,765,1571,2125,0,1729,0,889,0,8031,10281,712,1133,16,9095,0,30298,7981,695,439,39,1720,153,191,0,18,5673,174918,0,504,18,0,615,169430,3091,0,2678,0,21,0,0,832,0,1927,564,93,129,12,1685,0,0,3150,1801,56351,12776,103135,0,2543,22385,16381,215858,0,488,15477.0,0,494,4578,607,10822,861,6567,895,19,909,784,189,64,82,1433,3859,9,0,0.0,193,0.0,6467,648,650,486,0,8,332,0,29616,4605,95,41,324,5548,81,16,101,41973,1490,16,781,3526,0,1572,8034,2958,0,24644,0,7868,8,462,58526,10343,15047,26715,0,18890,0,0,0,0,0,14499,177160,0,271,0,15,18,0,17,622,33731,1492,9848,11,231,20939,1445,1449,928,8232,0.0,221447,824,0,930,10,24623,30126,45,0,0.0,440,480,2992.0,0,0,24,135,116,1026,133721,0,101,13691,16240,207977,684,1257023.0,2298,0,381,0,288,375,153,34,0
2020-05-08,3778,850,5369,752,43,25,5611,3029,0,6918,15774,2279,92,0,4444,13134,83,21101,52011,18,242,7,2266,2070,23,146894,141,1872,744,177,15,230,122,2267,67674,0,0,143,260,0,25972,83976,10051,274,937,773,1602,2161,0,1741,0,891,0,8077,10416,712,1135,16,9376,0,28818,8476,742,439,39,1725,159,194,0,18,5738,176202,0,620,20,0,623,170588,4012,0,2691,0,21,0,0,900,0,2009,594,94,146,12,1771,0,0,3178,1801,59695,13112,104691,0,2603,22541,16436,217185,0,490,15575.0,0,508,4834,621,10840,861,7208,906,19,928,796,199,64,82,1436,3871,9,0,0.0,193,0.0,6535,744,668,489,0,8,332,0,31522,4728,95,42,324,5711,82,16,102,42292,1492,16,795,3912,0,1586,8070,3112,0,26435,0,8070,8,563,61847,10463,15366,27268,0,20201,0,0,0,0,0,14811,187859,0,273,0,15,18,0,17,623,35432,1551,9943,11,257,21707,1455,1450,928,8895,0.0,222857,835,0,1111,10,25265,30207,47,0,0.0,440,509,3000.0,0,0,24,145,116,1030,135569,0,101,14195,16793,212629,694,1283929.0,2325,0,388,0,288,375,167,34,0
2020-05-09,4033,856,5558,754,43,25,5776,3175,0,6939,15833,2422,92,0,4774,13770,84,22052,52596,18,284,7,2437,2090,23,156061,141,1921,748,178,15,236,122,2274,68918,0,0,143,322,0,27219,83990,10495,274,937,780,1667,2176,0,1754,0,892,0,8095,10517,712,1189,16,9882,0,29071,8964,784,439,39,1733,163,210,0,18,5880,176782,0,661,20,0,626,171324,4263,0,2710,0,21,0,0,967,0,2042,641,94,151,12,1830,0,0,3213,1801,62808,13645,106220,0,2679,22760,16454,218268,0,490,15663.0,0,522,4975,649,10874,862,7623,931,19,930,809,199,64,82,1444,3877,9,0,0.0,193,0.0,6589,790,692,490,0,8,332,0,33460,4867,96,42,324,5910,87,16,110,42581,1494,16,815,4151,0,1622,8099,3224,0,28736,0,8282,8,689,65015,10610,15651,27406,0,21331,0,0,0,0,0,15131,198676,0,280,0,15,18,0,17,637,37136,1634,10032,11,291,22460,1455,1454,997,9420,0.0,223578,847,0,1164,10,25921,30251,47,0,0.0,440,509,3004.0,0,0,24,153,116,1032,137115,0,116,14710,17417,216525,702,1309550.0,2349,0,402,0,288,375,252,35,0
2020-05-10,4402,868,5723,755,45,25,6034,3313,0,6948,15871,2519,92,0,4941,14657,84,22973,53081,18,319,7,2556,2117,23,162699,141,1965,751,180,15,246,122,2579,70091,0,0,143,322,0,28866,84010,11063,274,991,792,1700,2187,0,1766,0,898,0,8123,10627,712,1210,16,10347,0,29559,9400,889,439,39,1739,172,239,0,18,5962,177094,0,661,20,0,635,171879,4263,0,2716,0,21,0,0,1052,0,2146,726,104,182,12,1972,0,0,3263,1801,67161,14032,107603,0,2767,22996,16477,219070,0,502,15777.0,0,540,5090,672,10909,870,8688,1002,19,939,845,199,64,82,1479,3886,9,0,0.0,193,0.0,6656,835,704,496,0,8,332,0,35022,4927,96,42,324,6063,91,16,110,42826,1497,16,821,4399,0,1642,8105,3399,0,30334,0,8448,8,713,67307,10794,15996,27581,0,22520,0,0,0,0,0,15362,209688,0,284,0,15,18,0,17,628,39048,1709,10032,11,307,23336,1457,1457,1054,10015,0.0,224350,863,0,1365,10,26322,30305,47,0,0.0,440,509,3009.0,0,0,24,174,116,1032,138657,0,121,15232,18198,220449,707,1329260.0,2418,0,414,0,288,375,267,36,0
2020-05-11,4687,872,5891,755,45,25,6278,3392,0,6970,15882,2589,93,0,5236,15691,84,23906,53449,18,319,11,2831,2141,24,169594,141,1990,760,180,15,260,122,2689,71264,0,0,143,322,0,30063,84011,11613,333,1024,801,1730,2196,0,1783,0,901,0,8176,10711,712,1227,16,10634,0,29509,9746,958,439,39,1741,175,250,0,18,5984,177547,0,802,22,0,638,172576,4700,0,2726,0,21,0,0,1114,0,2146,761,109,209,12,2100,0,0,3284,1801,70768,14265,109286,0,2818,23135,16506,219814,0,505,15847.0,0,562,5207,700,10936,884,9286,1016,19,946,859,211,64,82,1485,3888,9,0,0.0,186,0.0,6726,897,712,503,0,8,332,0,36327,4995,96,42,324,6281,103,16,134,42987,1497,16,832,4641,0,1664,8132,3573,0,32081,0,8616,8,724,68822,11086,16326,27679,0,23623,0,0,0,0,0,15588,221344,0,285,0,15,18,0,17,628,41014,1886,10176,11,338,23822,1457,1460,1089,10652,0.0,227436,869,0,1526,10,26670,30344,47,0,0.0,440,509,3015.0,0,0,24,181,116,1032,139771,0,121,15648,18878,224332,711,1347881.0,2486,0,422,0,288,375,267,36,0
2020-05-12,4963,876,6067,758,45,25,6563,3538,0,6980,15961,2693,93,0,5531,16660,85,24873,53779,18,327,11,2964,2158,24,178214,141,2023,766,180,15,267,122,2689,72419,0,0,143,357,0,31721,84018,12272,333,1102,804,1857,2207,0,1804,0,903,0,8221,10789,712,1256,16,10900,0,30419,10093,998,439,39,1746,184,261,0,18,6003,178349,0,863,22,0,642,173171,5127,0,2744,0,21,0,0,1199,0,2298,820,113,219,12,2080,0,0,3313,1801,74292,14749,110767,0,2913,23242,16529,221216,0,507,15968.0,0,576,5279,715,10962,919,10277,1037,19,950,870,211,64,82,1491,3894,9,0,0.0,186,0.0,6742,904,730,506,0,9,332,0,38324,5154,96,42,324,6418,104,16,217,43183,1497,25,854,4787,0,1674,8157,3721,0,34336,0,8783,8,737,72059,11350,16921,27913,0,25149,0,0,0,0,0,15778,232243,0,286,0,15,18,0,17,638,42925,1995,10243,11,338,24671,1465,1461,1170,11350,0.0,228030,889,0,1661,10,27272,30380,47,0,0.0,440,509,3017.0,0,0,24,199,116,1032,141475,0,129,16023,19661,227741,717,1369574.0,2519,0,423,0,288,375,441,36,0
2020-05-13,5226,880,6253,760,45,25,6879,3718,0,6989,15997,2758,94,0,5816,17822,85,25825,53981,18,327,15,3148,2181,24,190137,141,2069,773,181,15,289,122,2800,73568,0,0,143,372,0,34381,84024,12930,333,1169,815,1912,2213,0,1810,0,905,0,8269,10865,712,1268,16,11196,0,30486,10431,1037,522,39,1751,187,263,0,18,6054,178184,0,1004,23,0,647,174098,5408,0,2760,0,21,0,0,1342,0,2374,836,113,234,12,2255,0,0,3341,1802,78055,15438,112725,0,3032,23401,16548,222104,0,509,16049.0,0,582,5417,737,10991,919,11028,1044,19,951,878,213,64,82,1505,3904,9,0,0.0,212,0.0,6779,955,758,508,0,15,332,0,40186,5406,96,42,324,6512,104,16,250,43410,1497,25,860,4971,0,1694,8175,4019,0,35298,0,8944,8,740,76306,11618,17204,28132,0,26539,0,0,0,0,0,16002,242271,0,287,0,15,18,0,17,643,44830,2105,10295,11,387,25346,1469,1463,1219,12074,0.0,228691,915,0,1818,10,27909,30413,48,0,0.0,440,509,3017.0,0,0,24,219,116,1032,143114,0,139,16425,20386,230985,719,1390406.0,2612,0,423,0,288,375,446,37,0
2020-05-14,5639,898,6442,761,48,25,7134,3860,0,7019,16058,2879,96,0,6198,18863,85,26772,54288,18,339,20,3372,2218,24,203165,141,2100,773,181,15,315,122,2954,74781,0,0,143,399,0,37040,84029,13610,391,1242,830,1971,2221,0,1830,0,907,0,8351,10911,712,1284,16,11320,0,30502,10829,1112,583,39,1758,187,272,0,18,6145,178994,0,1104,23,0,667,174478,5530,0,2770,0,21,0,0,1518,0,2473,913,113,273,12,2318,0,0,3380,1802,81997,16006,114533,0,3143,23827,16579,223096,0,509,16120.0,0,586,5571,758,11018,944,11975,1082,19,962,886,215,64,82,1511,3915,9,0,0.0,230,0.0,6819,982,779,522,0,20,332,0,42595,5553,96,98,324,6607,115,16,249,43680,1498,25,876,5162,0,1723,8196,4341,0,35788,0,9118,8,754,80604,11876,17615,28319,0,28272,0,0,0,0,0,16247,252245,0,287,0,15,18,0,17,648,46869,2189,10374,11,408,26098,1477,1464,1284,12739,0.0,229540,925,0,1818,10,28582,30463,48,0,0.0,440,509,3018.0,0,0,24,238,116,1032,144749,0,160,16847,21084,234440,724,1417774.0,2645,0,455,0,312,375,654,37,0
2020-05-15,6053,916,6629,761,48,25,7479,4044,0,7035,16109,2980,96,0,6583,20065,85,27730,54644,18,339,21,3577,2236,24,220291,141,2138,780,182,15,326,122,3105,75959,0,0,301,428,0,39542,84038,14216,391,1298,843,2017,2222,0,1840,0,910,0,8406,10989,712,1309,16,11739,0,31467,11228,1210,594,39,1766,190,287,0,18,6228,179630,0,1209,23,0,671,175233,5638,0,2810,0,22,0,0,1643,0,2473,913,116,310,12,2460,0,0,3417,1802,85784,16496,116635,0,3193,23956,16589,223885,0,511,16203.0,0,596,5689,781,11037,944,12860,1111,19,970,891,219,64,82,1523,3923,9,0,0.0,238,0.0,6855,1031,806,532,0,29,332,0,45032,5745,96,98,324,6652,119,16,267,43880,1498,25,885,5450,0,1740,8219,4625,0,38799,0,9268,8,759,84495,12091,18016,28583,0,29425,0,0,0,0,0,16437,262843,0,287,0,15,18,0,17,652,49176,2310,10438,11,447,26891,1480,1465,1284,13524,0.0,230183,935,0,1964,10,29207,30514,50,0,0.0,440,509,3025.0,0,0,24,263,116,1035,146457,0,203,17330,21831,238004,732,1442824.0,2686,0,459,0,314,375,654,42,0
2020-05-16,6402,933,6821,761,48,25,7805,4283,0,7044,16201,3138,96,0,6747,20995,86,28681,54989,18,339,21,3826,2267,24,233511,141,2175,782,182,15,328,122,3105,77206,0,0,327,474,0,41428,84044,14939,391,1455,853,2061,2224,0,1862,0,914,0,8455,11056,712,1331,16,12110,0,32763,11719,1265,594,39,1770,202,306,0,18,6286,179630,0,1320,23,0,683,175752,5735,0,2819,0,22,0,0,1763,0,2658,969,117,358,12,2565,0,0,3473,1802,90648,17025,118392,0,3260,24048,16608,224760,0,517,16237.0,0,607,5850,830,11050,944,13802,1117,19,997,902,223,65,82,1534,3930,9,0,0.0,283,0.0,6872,1078,835,546,0,40,332,0,47144,5934,96,135,324,6741,129,16,291,44070,1499,25,889,5621,0,1762,8237,5029,0,38799,0,9449,8,778,88541,12305,18257,28810,0,30972,0,0,0,0,0,16704,272043,0,289,0,15,18,0,17,653,52016,2429,10496,11,462,27356,1493,1465,1357,14355,0.0,230698,960,0,2289,10,29677,30572,51,0,0.0,440,509,3025.0,0,0,24,298,116,1037,148067,0,227,17858,22627,241461,733,1467820.0,2738,0,504,0,318,376,679,42,0
2020-05-17,6664,946,7019,761,48,25,8068,4472,0,7054,16242,3274,96,0,6956,22268,88,29650,55280,18,339,21,4088,2290,25,241080,141,2211,796,184,23,328,122,3105,78332,0,0,327,503,0,43781,84054,15574,391,1455,863,2109,2226,0,1872,0,916,0,8475,11125,712,1401,16,12314,0,33182,12229,1338,594,39,1774,203,317,0,18,6347,179693,0,1320,23,0,695,176369,5735,0,2834,0,22,0,0,1763,0,2658,990,117,456,12,2646,0,0,3509,1802,95698,17514,120198,0,3404,24112,16617,225435,0,520,16285.0,0,613,6157,887,11065,955,14850,1138,19,1008,911,226,65,82,1541,3945,9,0,0.0,304,0.0,6894,1094,860,553,0,62,332,0,49219,6060,96,136,324,6870,137,16,295,44195,1499,25,904,5959,0,1792,8249,5186,0,40151,0,9606,8,786,92273,12513,18529,29036,0,32604,0,0,0,0,0,16871,281752,0,292,0,15,18,0,17,654,54752,2480,10610,11,505,28038,1494,1466,1421,15515,0.0,230698,981,0,2289,10,30143,30587,58,0,0.0,440,509,3028.0,0,0,24,301,116,1037,149435,0,227,18291,23358,244995,734,1486757.0,2753,0,541,0,320,381,753,44,0
2020-05-18,7072,948,7201,761,50,25,8371,4823,0,7068,16269,3387,96,0,7184,23870,88,30572,55559,18,339,21,4263,2304,25,255368,141,2235,796,191,42,328,122,3529,79411,0,0,327,519,0,46059,84063,16295,412,1538,866,2119,2228,0,1881,0,917,0,8586,11166,712,1518,16,12725,0,33582,12764,1413,719,39,1784,205,352,0,18,6380,180051,0,1432,24,0,701,176551,5735,0,2836,0,22,0,0,1912,0,2796,1032,124,533,12,2798,0,0,3535,1802,100328,18010,122492,0,3554,24200,16643,225886,0,520,16305.0,0,629,6751,912,11078,955,15691,1216,19,1009,931,229,65,82,1547,3947,9,0,0.0,322,0.0,6941,1106,874,558,0,81,332,0,51633,6138,97,140,324,6952,145,16,375,44341,1499,25,909,6175,0,1817,8257,5379,0,42125,0,9726,8,788,94933,12718,18885,29209,0,33969,0,0,0,0,0,17036,290678,0,297,0,15,18,0,17,654,57345,2544,10699,11,519,28343,1495,1466,1455,16433,0.0,231606,992,0,2591,11,30377,30597,58,0,0.0,440,509,3031.0,0,0,24,330,116,1043,150593,0,248,18616,24190,247709,737,1508308.0,2791,0,618,0,324,388,761,46,0
2020-05-19,7653,949,7377,761,52,25,8809,5041,0,7072,16321,3518,96,0,7532,25121,90,31508,55791,18,130,21,4481,2321,25,271885,141,2259,796,193,42,335,122,3529,80493,0,0,366,545,0,49579,84063,16935,420,1629,882,2153,2232,0,1887,0,918,0,8647,11242,712,1618,16,13223,0,34151,13484,1498,825,39,1791,208,365,0,18,6399,180933,0,1502,24,0,707,177778,6096,0,2840,0,22,0,0,2133,0,2863,1038,125,533,12,2955,0,0,3556,1802,106475,18496,124603,0,3611,24251,16659,226699,0,520,16367.0,0,649,6751,963,11110,989,16764,1243,19,1012,954,233,68,82,1562,3958,9,0,0.0,326,0.0,6978,1143,901,569,0,131,332,0,54346,6340,97,140,324,7023,146,16,402,44449,1503,254,914,6401,0,1839,8267,5671,0,43966,0,9867,8,829,99483,12942,19268,29432,0,35606,0,0,0,0,0,17191,299941,0,308,0,15,18,0,17,655,59854,2617,10733,11,534,28794,1495,1467,1502,17200,0.0,232037,1027,0,2728,11,30799,30618,58,0,0.0,440,509,3033.0,0,0,24,338,116,1044,151615,0,260,18876,25063,250138,738,1528568.0,2855,0,749,0,324,391,772,46,0
2020-05-20,8145,964,7542,762,52,25,9283,5271,0,7081,16353,3631,97,0,7888,26738,90,32426,55983,18,130,21,4919,2338,25,291579,141,2292,809,199,42,349,122,3733,81575,0,0,418,565,0,53617,84063,17687,420,1731,897,2231,2234,0,1900,0,922,0,8721,11315,712,1828,16,13477,0,34854,14229,1571,890,39,1794,217,389,0,18,6443,181700,0,1567,24,0,713,178473,6269,0,2850,0,22,0,0,2265,0,2863,1089,125,596,12,2955,0,0,3598,1803,112028,19189,126949,0,3724,24315,16667,227364,0,529,16367.0,0,672,6969,1029,11122,989,17568,1270,19,1016,961,238,69,82,1577,3971,9,0,0.0,371,0.0,7009,1186,931,584,0,141,332,0,56594,6553,97,140,324,7133,156,16,427,44647,1503,254,920,6677,0,1858,8281,6043,0,45898,0,9977,8,833,104020,13221,19739,29660,0,37097,0,0,0,0,0,17387,308705,0,314,0,15,18,0,18,656,62545,2714,10833,11,570,29364,1496,1468,1573,18003,0.0,232555,1028,0,2728,11,31523,30658,58,0,0.0,440,509,3034.0,0,0,24,340,116,1045,152587,0,264,19230,26004,249619,746,1551853.0,2939,0,824,0,324,398,832,48,0
2020-05-21,8676,969,7728,762,58,25,9931,5606,0,7095,16404,3749,97,0,8174,28511,90,33371,56235,18,135,21,5187,2350,29,310087,141,2331,812,199,42,356,123,4288,82742,0,0,436,588,0,57581,84063,18330,469,1835,903,2301,2237,0,1908,0,923,0,8754,11380,712,2047,16,13657,0,35306,15003,1640,903,39,1800,220,399,0,18,6493,181951,0,1567,24,0,721,179021,6269,0,2853,0,22,0,0,2512,0,3067,1109,127,734,12,3204,0,0,3641,1803,118226,20162,129341,0,3877,24391,16683,228006,0,534,16424.0,0,684,7234,1109,11142,1003,18609,1313,19,1025,1024,240,71,82,1593,3980,9,0,0.0,405,0.0,7059,1216,947,599,0,173,332,0,59567,6704,97,140,324,7211,162,18,457,44900,1504,279,924,7016,0,1898,8309,6370,0,48091,0,10116,8,836,108769,13434,20143,29912,0,38651,0,0,0,0,0,17585,317554,0,320,0,15,18,0,18,658,65077,2812,10919,11,585,29812,1502,1468,1594,19137,0.0,233037,1055,0,3138,11,32172,30694,58,0,0.0,440,509,3037.0,0,0,24,354,116,1046,153548,0,160,19706,26898,252246,749,1577147.0,2964,0,882,0,324,423,866,51,0
