FIPS,Lat,Long_
45001,34.22333378,-82.46170658
22001,30.2950649,-92.41419698
51001,37.76707161,-75.63234615
16001,43.4526575,-116.2415516
19001,41.33075609,-94.47105874
21001,37.10459774,-85.28129668
29001,40.19058551,-92.60078167
40001,35.88494195,-94.65859267
8001,39.87432092,-104.3362578
16003,44.89333571,-116.4545247
17001,39.98815591,-91.18786813
18001,40.7457653,-84.93671406
28001,31.47669768,-91.35326037
31001,40.5244942,-98.50117804
39001,38.84541072,-83.4718964
42001,39.87140411,-77.21610347
53001,46.98299757,-118.5601734
55001,43.96974651,-89.76782777
50001,44.03217337,-73.14130877
45003,33.54338026,-81.63645384
27001,46.60962049,-93.4116826
12001,29.67866525,-82.35928158
37001,36.0434701,-79.39976137
6001,37.64629437,-121.8929271
8003,37.57250606,-105.7885451
36001,42.60060306,-73.97723916
56001,41.65498705,-105.7235415
51003,38.02080697,-78.55481085
26001,44.6846864,-83.59507875
28003,34.88084463,-88.57996173
17003,37.18049267,-89.32910838
37003,35.9223796,-81.17751948
51510,38.814003,-77.08183073
40003,36.73090616,-98.32408495
19005,43.28383218,-91.37860922
26005,42.59147037,-85.89102866
24001,39.62357628,-78.69280486
36003,42.25748406,-78.02750466
37005,36.49360862,-81.12857041
51005,37.78636074,-80.00222498
42003,40.46809875,-79.98167747
18003,41.09194313,-85.06800636
21003,36.75197631,-86.19457544
22003,30.65385745,-92.82442028
39003,40.77285242,-84.10802343
45005,32.98837386,-81.35321066
26007,45.03477666,-83.62212411
6003,38.59678594,-119.8223594
6005,38.44583082,-120.65696
51007,37.34081025,-77.98584649
51009,37.60308293,-79.14548696
28005,31.17467303,-90.80501621
2020,61.14998174,-149.1426986
20003,38.21413251,-95.29272815
21005,38.00671029,-84.99171713
45007,34.51828081,-82.63959517
47001,36.12684348,-84.19965764
48001,31.81534745,-95.65354823
29003,39.98492163,-94.80163024
48003,32.30468633,-102.6376548
23001,44.1664747,-70.20380627
48005,31.25457347,-94.60901487
24003,39.00670238,-76.60329337
27003,45.27476015,-93.24604565
37007,34.97403241,-80.09953279
31003,42.17695516,-98.0666283
26009,44.99690221,-85.15503082
4001,35.39465006,-109.4892383
19007,40.74324454,-92.86865906
13001,31.74847232,-82.28909114
51011,37.37569884,-78.81340003
48007,28.10556197,-96.9995047
8005,39.64977461,-104.3353617
8007,37.19474156,-107.0476867
26011,44.0636262,-83.89277559
5001,34.29145151,-91.37277296
51013,38.8767675,-77.10139853
42005,40.81665618,-79.46290811
48011,34.96507426,-101.3574874
23003,46.65926321,-68.59841248
31005,41.56896142,-101.6959559
22005,30.20406249,-90.9132841
37009,36.43296207,-81.49862729
39005,40.84772277,-82.27280781
55003,46.31956891,-90.67837132
5003,33.19153461,-91.7698471
39007,41.70860332,-80.74830218
53003,46.18894415,-117.2022851
22007,29.89946234,-91.06461642
48013,28.89333001,-98.52730485
20005,39.53185661,-95.30870026
29005,40.43238737,-95.42970639
39009,39.33425634,-82.04278644
13003,31.29633502,-82.87545866
34001,39.47538693,-74.65848483
40005,34.37366573,-96.03802487
28007,33.08658803,-89.57838564
29007,39.215877,-91.84242683
19009,41.6844628,-94.90581859
39011,40.55998859,-84.2242143
51015,38.16404586,-79.12461614
46003,43.71757685,-98.56050467
48015,29.88548725,-96.27736949
1001,32.53952745,-86.64408227
22009,31.07796211,-92.00079449
8009,37.31940883,-102.5603223
13005,31.55456473,-82.45936528
48017,34.06854817,-102.8299707
12003,30.33060121,-82.28467476
13007,31.32669878,-84.44218806
41001,44.70915557,-117.6749883
1003,30.72774991,-87.72207058
13009,33.06882326,-83.24701748
21007,37.05842757,-88.99427697
24005,39.45784712,-76.62911955
24510,39.30211911,-76.61151012
45009,33.21927586,-81.05659969
48019,29.74619598,-99.24598147
13011,34.35607081,-83.49644388
16005,42.67002716,-112.2233311
26013,46.6720582,-88.36363591
20007,37.2288586,-98.68460053
1005,31.868263,-85.3871286
54001,39.1307219,-80.00350858
38003,46.93579637,-98.06605978
25001,41.72980578,-70.28854339
45011,33.26679302,-81.43584352
21009,36.96469836,-85.93338945
55005,45.42372701,-91.84833627
13013,33.99148694,-83.71436292
26015,42.59513984,-85.30834519
29009,36.70978521,-93.82919888
18005,39.20744865,-85.89558181
20009,38.47889676,-98.75636726
13015,34.23732119,-84.83887523
48021,30.10370699,-97.31206354
29013,38.25271289,-94.34113157
21011,38.14735938,-83.74588932
51017,38.05852573,-79.73912095
5005,36.28784385,-92.33782872
12005,30.26548745,-85.62122584
26017,43.70639106,-83.98731479
55007,46.52868768,-91.19716729
46005,44.41464384,-98.27858469
,41.52106798,-113.0832816
37013,35.48531943,-76.84325809
45013,32.39226291,-80.72619758
22011,30.64836518,-93.34173616
40007,36.7496847,-100.4758872
42007,40.6825484,-80.34921611
30001,45.13434354,-112.8984694
27005,46.93479392,-95.67158144
40009,35.26862449,-99.68128023
42009,40.00522157,-78.48998442
47003,35.51123746,-86.45549096
51019,37.3080028,-79.5281964
48025,28.41761668,-97.74215593
33001,43.51637314,-71.41684235
48027,31.03736027,-97.4785025
39013,40.01625942,-80.9924051
27007,47.97373527,-94.93732139
13017,31.76095874,-83.22145359
50003,43.03519828,-73.09048868
38005,48.0683985,-99.35916363
8011,37.95474293,-103.0720195
5007,36.33644656,-94.25680817
18007,40.60626947,-87.31093999
19011,42.08011739,-92.06463573
27009,45.69804958,-93.99514135
28009,34.81681228,-89.18945516
29015,38.29503305,-93.28756116
41003,44.49167306,-123.4316987
47005,36.07110411,-88.06849355
53005,46.23946995,-119.5120834
26019,44.63899297,-86.01608482
34003,40.96010917,-74.07164325
45015,33.20222596,-79.94654523
54003,39.46704621,-78.02414609
42011,40.41570541,-75.92457766
25003,42.37428441,-73.20524838
35001,35.05163625,-106.6703554
13019,31.27590016,-83.2252992
26021,41.95447397,-86.4131308
37015,36.0688473,-76.96545943
2050,60.90980451,-159.8561831
48029,29.44928723,-98.52019748
1007,32.99642064,-87.1251146
13021,32.80904227,-83.70489165
22013,32.34569994,-93.05398492
30003,45.42335905,-107.492347
56003,44.52405055,-107.9960365
27011,45.42712824,-96.41403739
16011,43.2167288,-112.3978437
19013,42.4704581,-92.30524729
18009,40.47388153,-85.32499702
37017,34.61296243,-78.56180059
16013,43.4085812,-113.9752658
40011,35.87518314,-98.43307003
42013,40.47961444,-78.34917412
48031,30.26640707,-98.3999852
51021,37.13128068,-81.13599391
13023,32.43829035,-83.33035166
47007,35.59942968,-85.20611967
1009,33.98210918,-86.56790593
47009,35.68938198,-83.92847788
27013,44.03554215,-94.06699781
28011,33.79696941,-90.87372121
29017,37.32449052,-90.02725304
46009,42.98914167,-97.88592746
17005,38.88829622,-89.43534887
16017,48.29996017,-116.6017932
16019,43.38713372,-111.6161537
5009,36.3084504,-93.09374925
17007,42.32359279,-88.82345779
18011,40.0509304,-86.46841646
19015,42.03657094,-93.9313999
21015,38.97065142,-84.72615357
29019,38.99186229,-92.30723575
31011,41.70759415,-98.06737183
54005,38.01974191,-81.69888019
48035,31.89978581,-97.63613524
22015,32.67932307,-93.60460152
51023,37.55531756,-79.80982182
8013,40.09313619,-105.3546767
16021,48.76684761,-116.4630179
20011,37.85508555,-94.84865997
21017,38.2054607,-84.21827874
48037,33.44626922,-94.41834132
38011,46.11285362,-103.5203343
31013,42.22079243,-103.0878834
21019,38.36176608,-82.68652187
21021,37.62680923,-84.8633779
21023,38.69158994,-84.08532444
12007,29.95079741,-82.16611613
42015,41.78869215,-76.51570822
5011,33.46755808,-92.15980837
47011,35.15739424,-84.857186
26023,41.91600556,-85.05929476
13025,31.19576557,-81.97743999
54007,38.70036159,-80.72011184
48039,29.18757369,-95.44563172
48041,30.6636448,-96.30205577
21025,37.52333168,-83.31959161
21027,37.77377239,-86.42885017
19017,42.77461496,-92.31795937
12009,28.29409504,-80.73091022
48043,29.81008251,-103.2520326
48045,34.53026962,-101.2084947
25005,41.79228404,-71.10872211
44001,41.71018079,-71.28652315
51520,36.6163024,-82.16359122
30007,46.33277565,-111.4955813
54009,40.27367263,-80.57915332
46011,44.36974375,-96.79079945
13027,30.83922642,-83.58303423
48047,27.03103197,-98.21808402
36007,42.15903158,-75.81326086
8014,39.95998787,-105.0566324
12011,26.15184651,-80.48725556
17009,39.96209138,-90.75068024
18013,39.19605589,-86.22868909
20013,39.82652589,-95.56421698
27015,44.24205652,-94.72562874
39015,38.93416837,-83.86788395
46013,45.58994323,-98.35165355
48049,31.77430356,-98.99907113
55009,44.4526553,-88.00411844
46015,43.71756379,-99.08118954
37019,34.070565,-78.22814204
51025,36.76366949,-77.8593436
13029,32.00979311,-81.44002948
40013,33.96472458,-96.25903472
19019,42.4709188,-91.83510825
29021,39.65816401,-94.80138942
51027,37.26818323,-82.03749726
51029,37.57242268,-78.52518834
42017,40.33682119,-75.10836643
19021,42.73545875,-95.15100162
51530,37.73484642,-79.35296097
31019,40.85486962,-99.07500296
46017,44.07657829,-99.20814467
55011,44.37835084,-91.75332578
21029,37.97162523,-85.68955617
13031,32.39577406,-81.74811421
1011,32.10030533,-85.71265535
37021,35.61113393,-82.53305
17011,41.40385234,-89.5283051
13033,33.05917989,-81.99928721
37023,35.74989637,-81.70755735
38013,48.79094471,-102.5182117
38015,46.97847375,-100.4645214
48051,30.49273808,-96.62158484
34005,39.87681124,-74.66927768
48053,30.78801353,-98.181887
31021,41.85056773,-96.32605633
1013,31.75300095,-86.68057478
19023,42.73172833,-92.79015971
20015,37.78134351,-96.83878537
21031,37.20946153,-86.68748787
29023,36.71462476,-90.40421163
31023,41.22703692,-97.13106306
39017,39.44012838,-84.57388716
42019,40.91152759,-79.91351055
6007,39.66727762,-121.6005252
46019,44.90608745,-103.5079318
13035,33.2830945,-83.9543504
37025,35.3877799,-80.55267168
54011,38.42424062,-82.23855912
22017,32.57991587,-93.88375652
40015,35.17364557,-98.37534464
6009,38.20537103,-120.552913
22019,30.22931235,-93.35400434
21033,37.14749129,-87.86948214
22021,32.0902519,-92.11752148
29025,39.65620858,-93.98308093
37027,35.95204977,-81.54799522
48055,29.83668859,-97.61814775
50005,44.46548598,-72.10314651
1015,33.77483727,-85.82630386
12013,30.40666734,-85.19394153
13037,31.53169785,-84.62725131
17013,39.16840183,-90.66330078
19025,42.38521079,-94.64046046
26025,42.24633834,-85.00493569
28013,33.93683395,-89.33686647
45017,33.66926881,-80.77722168
48057,28.47048236,-96.61633945
48059,32.29760619,-99.37326312
29027,38.83674754,-91.92186505
21035,36.62093411,-88.2731593
55015,44.0816316,-88.21780273
24009,38.53961642,-76.56820632
16025,43.46665742,-114.8065892
42021,40.49527404,-78.71377428
13039,30.92951916,-81.66601818
29029,38.02199522,-92.76083747
34007,39.80343818,-74.96388753
37029,36.33804939,-76.15568396
22023,29.87592238,-93.19310676
42023,41.43625568,-78.20376845
48061,26.14524221,-97.48140372
48063,32.97195142,-94.97790104
21037,38.94384345,-84.37875208
47013,36.40355516,-84.1510856
51031,37.20553386,-79.09678609
56005,44.24886082,-105.5474404
40017,35.5426055,-97.98465569
13043,32.40209349,-82.07702563
47015,35.80990797,-86.05738983
16027,43.61970148,-116.7095499
29031,37.38489388,-89.6843587
34009,39.15008829,-74.80170244
30009,45.22850116,-109.0274047
42025,40.91545395,-75.7068525
56007,41.69357844,-106.9326084
16029,42.77149116,-111.5597683
21039,36.85372876,-88.9669222
27017,46.59180601,-92.67601019
24011,38.87172293,-75.82904158
51033,38.02679129,-77.34901405
5015,36.3403856,-93.54270261
13045,33.58138199,-85.07976677
17015,42.06823429,-89.93395545
18015,40.5807832,-86.56198812
19027,42.03617207,-94.86032705
21041,38.66599534,-85.12601074
24013,39.56453592,-77.02373735
28015,33.44834567,-89.91994479
29033,39.42762566,-93.50626255
33003,43.87498583,-71.20430216
39019,40.5789686,-81.09178213
47017,35.97366108,-88.45189331
51035,36.73066666,-80.73455942
48065,35.40365929,-101.3542669
32510,39.15509045,-119.7480219
21043,38.31690743,-83.05092385
29035,36.94160441,-90.96051322
40019,34.25103751,-97.28552485
47019,36.28969086,-82.12588974
37031,34.8932941,-76.54120135
27019,44.82017001,-93.8009918
30013,47.30797024,-111.3467922
21045,37.32533118,-84.92726209
17017,39.96991073,-90.24734436
18017,40.76135835,-86.34830753
19029,41.33149454,-94.92792482
26027,41.91522292,-85.99405727
27021,46.95043611,-94.32603968
29037,38.64789422,-94.353399
31025,40.90899107,-96.13971217
38017,46.93201724,-97.2444719
48067,33.07499881,-94.34646905
16031,42.28347888,-113.6012409
48069,34.53016752,-102.2617243
37033,36.39312665,-79.33353281
22025,31.66778967,-91.84526385
37035,35.66211129,-81.2132617
13047,34.89872298,-85.13757014
35003,33.91514144,-108.4046587
36009,42.24778241,-78.67923096
36011,42.91261714,-76.55731592
24015,39.56647682,-75.94627411
19031,41.77233777,-91.13246684
29039,37.72391475,-93.85445441
31027,42.5988851,-97.25311951
,39.37231946,-111.5758676
42027,40.92058903,-77.82200624
19033,43.08177563,-93.2612239
8015,38.74745778,-106.1926573
1017,32.91360079,-85.39072749
48071,29.70972016,-94.67154501
17019,40.13919438,-88.20046615
39021,40.13923427,-83.76875242
29041,39.51499357,-92.9629191
24017,38.51092331,-76.98580666
51036,37.35358063,-77.05634116
46023,43.20660134,-98.58856175
45019,32.82487866,-79.96512315
26029,45.37790017,-85.19614053
12015,26.90131002,-81.92949121
51037,37.01909701,-78.66314092
51540,38.03527919,-78.48569588
13049,30.78371028,-82.13951596
20017,38.30292938,-96.59563862
13051,32.00043026,-81.12489526
37037,35.70394416,-79.25541492
13053,32.34341231,-84.78809239
13055,34.47197698,-85.34535662
20019,37.14994405,-96.2454192
36013,42.2276921,-79.36691763
35005,33.36406072,-104.4665365
47021,36.26136216,-87.08903581
26031,45.44787015,-84.50122149
53007,47.87046092,-120.6173956
36015,42.13891056,-76.7638805
36017,42.49430041,-75.60887553
1019,34.17805983,-85.60638968
13057,34.24393976,-84.47431861
19035,42.73538914,-95.62389402
20021,37.16928494,-94.8462897
37039,35.1349263,-84.05970864
40021,35.90692775,-94.99980896
45021,35.05122251,-81.61828622
48073,31.837258,-95.16559897
31031,42.54502621,-101.1244332
51550,36.67670048,-76.30545744
33005,42.92015988,-72.25311043
42029,39.97291773,-75.74768357
45023,34.69249168,-81.1583216
47023,35.42527478,-88.6095842
45025,34.64137396,-80.1564014
51041,37.37373208,-77.5868014
8017,38.82777431,-102.6032558
20023,39.78580976,-101.7318201
31033,41.21999357,-102.9941693
19037,43.06001295,-92.31773347
28017,33.91983202,-88.9481545
5017,33.26458973,-91.29539209
48075,34.5293041,-100.2077916
1021,32.85044126,-86.7173256
26033,46.29552653,-84.54353449
27023,45.02343421,-95.56403693
55017,45.06939744,-91.28068855
27025,45.5021011,-92.90861945
50007,44.46322849,-73.08359212
1023,32.02227341,-88.2656443
28019,33.34598242,-89.24809382
40023,34.02807439,-95.54771129
37041,36.12908077,-76.60118385
17021,39.54581621,-89.27780482
21047,36.89267803,-87.49055367
29043,36.9711783,-93.18537118
32001,39.58105744,-118.3394607
35006,34.91131525,-107.998876
40025,36.74817177,-102.5173885
12017,28.84804315,-82.47614748
41005,45.18787398,-122.2179634
22027,32.82308512,-92.99526883
28021,31.97061673,-90.90702196
47025,36.48319149,-83.65947309
53009,48.04754642,-123.9226319
26035,43.98794227,-84.8481986
45027,33.66610974,-80.21647898
42031,41.19265812,-79.42413524
5019,34.04613432,-93.17484713
17023,39.33425789,-87.78705622
18019,38.48015445,-85.70510334
20025,37.23577007,-99.81883015
21049,37.9689263,-84.14615986
29045,40.41040752,-91.73661677
32003,36.21458855,-115.0130241
39023,39.91592258,-83.78498252
46025,44.85834507,-97.72925109
53011,45.77568046,-122.4829204
55019,44.73483377,-90.61207486
1025,31.68099859,-87.83548597
13059,33.95436462,-83.37124007
19039,41.02868181,-93.78499767
28023,32.04158545,-88.6889622
51043,39.11271747,-77.99199425
41007,45.99712889,-123.660711
1027,33.26984193,-85.85836077
5021,36.36826212,-90.4148172
12019,29.98319144,-81.85609986
13061,31.62221166,-84.97713865
17025,38.75388572,-88.48914513
18021,39.39561833,-87.11723506
19041,43.08247182,-95.15096481
20027,39.34948772,-97.16518128
21051,37.16451126,-83.712575
27027,46.89289518,-96.48761922
28025,33.65358105,-88.77784255
29047,39.31132056,-94.41850862
31035,40.52439441,-98.05126296
37043,35.05704275,-83.74353633
46027,42.91296147,-96.97656917
47027,36.55151008,-85.53930419
48077,33.78686685,-98.20771198
54015,38.46231092,-81.07652217
13063,33.54187245,-84.35594188
19043,42.84443388,-91.34133693
8019,39.68864463,-105.6463118
42033,41.00110782,-78.47592663
27029,47.57992111,-95.37790562
1029,33.67679204,-85.52005899
5023,35.53864922,-92.02640019
39025,39.04847534,-84.15375786
5025,33.89723187,-92.18537045
37045,35.33553364,-81.55204486
40027,35.20413532,-97.32519562
13065,30.91395822,-82.70432472
17027,38.60704876,-89.42385254
18023,40.30319754,-86.47277257
19045,41.89981633,-90.53275096
21053,36.72581156,-85.13377529
26037,42.94400871,-84.60145248
29049,39.6013098,-94.40465394
36019,44.74530905,-73.67875352
39027,39.41485808,-83.80852286
42035,41.23255967,-77.63785995
20029,39.48028352,-97.64925343
28027,34.22772299,-90.60415045
13067,33.94243204,-84.5761255
4003,31.87934684,-109.7516088
48079,33.60425307,-102.8284499
47029,35.9278914,-83.11828725
4005,35.83883429,-111.7707178
46029,44.97788119,-97.18827677
1031,31.39932826,-85.98901039
13069,31.54892966,-82.8549206
47031,35.49090731,-86.07311784
20031,38.2365018,-95.73379515
48081,31.88911733,-100.5297533
1033,34.69847452,-87.80168544
29051,38.50455671,-92.27860244
48083,31.76736834,-99.45240766
17029,39.51949084,-88.22358557
31037,41.57486951,-97.0868542
35007,36.60569702,-104.6472674
45029,32.87582989,-80.67641292
12021,26.11091986,-81.34687065
48085,33.18820114,-96.57264368
48087,34.96489496,-100.2700111
51570,37.26420587,-77.39609676
48089,29.622098,-96.5273805
13071,31.18810588,-83.7677946
5027,33.21230701,-93.22642793
12023,30.22509788,-82.62160164
13073,33.54534185,-82.263524
36021,42.24819348,-73.63089095
41009,45.94464254,-123.0890898
42037,41.04821986,-76.40565017
53013,46.29442881,-117.9051983
55021,43.46492199,-89.33589004
39029,40.76932373,-80.78094576
37047,34.26744084,-78.65801424
6011,39.17881957,-122.2331726
48091,29.80811278,-98.27647225
40031,34.65973764,-98.47195055
48093,31.94854689,-98.55876441
48095,31.32635934,-99.86473038
22029,31.44817835,-91.63814433
1035,31.43401703,-86.99320044
8021,37.201606,-106.1917488
6013,37.91923498,-121.9289527
56009,42.97272268,-105.5081848
5029,35.26205537,-92.70506566
13075,31.16068491,-83.42947229
17031,41.84144849,-87.81658794
48097,33.63979567,-97.21240912
29053,38.844478,-92.80896081
33007,44.69063265,-71.30633239
41011,43.17406868,-124.0594514
1037,32.93690146,-86.24847739
28029,31.86977774,-90.44565118
46031,45.70889983,-101.1970473
36023,42.59509207,-76.07048931
48099,31.39078397,-97.79936155
39031,40.30096166,-81.91729018
8023,37.27732493,-105.4276548
48101,34.07783319,-100.2785062
40033,34.28845626,-98.37053567
27033,44.00715262,-95.18138802
1039,31.2477854,-86.45050893
28031,31.63225413,-89.55389939
51580,37.7824656,-79.98631446
13077,33.35334302,-84.76129976
20035,37.23781842,-96.83776647
53015,46.19074721,-122.6782231
40035,36.76268118,-95.20916602
51045,37.48133648,-80.21072274
5031,35.83018283,-90.63235729
48103,31.43052248,-102.5143314
37049,35.11833364,-77.08398081
5033,35.58928601,-94.2446814
13079,32.71391813,-83.98061238
17033,39.0032229,-87.75954624
18025,38.28814402,-86.44518825
19047,42.03718237,-95.3819718
20037,37.50675523,-94.85245778
26039,44.68255561,-84.61006219
29055,37.97663738,-91.30528104
39033,40.85065156,-82.91989099
42039,41.68447709,-80.10760592
55023,43.23870316,-90.93073686
40037,35.90230551,-96.37086028
1041,31.72941803,-86.31593104
13081,31.92289565,-83.76811843
5035,35.21247318,-90.30839406
21055,37.35839237,-88.0882609
47033,35.81830662,-89.14916269
41013,44.14230227,-120.356297
56011,44.58855102,-104.5697705
48107,33.61431553,-101.3000364
5037,35.29631396,-90.77185818
27035,46.48096553,-94.06755609
8025,38.32608609,-103.7844965
1043,34.13020303,-86.86888037
51047,38.48199985,-77.9563087
17035,39.27432424,-88.2401158
21057,36.78926125,-85.39050034
23005,43.8370751,-70.37226999
34011,39.37199394,-75.10712559
37051,35.04762133,-78.82623165
42041,40.1625372,-77.26130755
47035,35.95271721,-84.99840585
51049,37.51328851,-78.24398086
31039,41.91637624,-96.78730772
37053,36.36123664,-75.95876401
35009,34.57421077,-103.3468876
41015,42.45911325,-124.157282
8027,38.10883162,-105.3683478
16037,44.24186819,-114.2855494
31041,41.39374521,-99.72805369
40039,35.63853802,-99.00170785
39035,41.424119,-81.65918339
13083,34.8549167,-85.50490424
27037,44.67172617,-93.06299363
31043,42.39040144,-96.56656425
1045,31.43037123,-85.61095742
48111,36.27787176,-102.6020725
1047,32.32688101,-87.1086671
5039,33.97042763,-92.65167437
19049,41.68560356,-94.04127625
29059,37.6811355,-93.02127031
48113,32.76670599,-96.7779605
55025,43.06601594,-89.41733797
51590,36.58022376,-79.40395668
37055,35.66520691,-75.71767334
39037,40.13412966,-84.6194517
45031,34.33358335,-79.96027485
42043,40.41377078,-76.77993242
37057,35.79115496,-80.21256572
47037,36.17007426,-86.78646056
37059,35.93099927,-80.54496571
18027,38.70186039,-87.07185406
21059,37.73028906,-87.0901948
29061,39.96145298,-93.98519678
19051,40.74773536,-92.41005468
49011,40.99001837,-112.1139997
46035,43.67490933,-98.14458906
31045,42.71985036,-103.1313774
13085,34.44244079,-84.16964071
31047,40.87028216,-99.8201461
48115,32.74255572,-101.9477242
46037,45.367281,-97.60737498
35011,34.34274529,-104.4117842
22031,32.05457447,-93.74130302
17039,40.17514519,-88.90959682
1049,34.45946862,-85.80782906
13089,33.76944049,-84.22396017
17037,41.89373302,-88.76958483
18033,41.39804622,-84.99906934
29063,39.89201062,-94.40476508
47041,35.97616272,-85.83689361
12027,27.18677893,-81.80941373
28033,34.87625235,-89.99091418
48123,29.08101855,-97.3568117
48117,34.96522957,-102.6054267
18029,39.14647946,-84.97333539
13087,30.87967778,-84.57619536
18031,39.30712658,-85.50087166
19053,40.73742757,-93.78645949
47039,35.60048904,-88.11043779
30023,46.05953325,-113.073353
39039,41.32398837,-84.49076944
6015,41.74228275,-123.8974063
18035,40.22787247,-85.39732772
19055,42.47104597,-91.3664492
36025,42.19837623,-74.96709306
39041,40.27942393,-83.00457058
40041,36.40823634,-94.80325046
42045,39.91680171,-75.40243663
8029,38.86246243,-107.8631342
26041,45.9048491,-86.9080745
48119,33.38570922,-95.66921122
48121,33.20521901,-97.11691153
8031,39.76018276,-104.8725695
19057,40.92012606,-91.18326592
41017,43.91570171,-121.2289121
5041,33.83011025,-91.25500948
46039,44.75994309,-96.66943645
40043,35.98772922,-99.00730714
46041,45.15639647,-100.8709139
48125,33.61616822,-100.7788855
51051,37.12560977,-82.35124171
19059,43.37787725,-95.1510206
20041,38.86600962,-97.15532383
26043,46.00999672,-87.86961634
47043,36.14669837,-87.35891709
45033,34.39007791,-79.37741872
48127,28.42270064,-99.75645095
51053,37.07544585,-77.63451754
11001,38.90417773,-77.01655992
38023,48.8149387,-103.4873611
12029,29.60631086,-83.15724673
31051,42.49188363,-96.86782408
13091,32.17265114,-83.16948926
27039,44.02238415,-92.86244324
31053,41.58071748,-96.65598179
55027,43.41576662,-88.70928178
35013,32.35275771,-106.8329387
20043,39.79067154,-95.14056866
48129,34.96517499,-100.8140093
13093,32.15630737,-83.79746561
55029,44.95856458,-87.30002707
24019,38.45413522,-76.02752426
45035,33.0794369,-80.40502652
13095,31.53328528,-84.21722377
8035,39.33133796,-104.930001
13097,33.70291126,-84.77026156
17041,39.76768052,-88.21854195
20045,38.88503636,-95.2925121
27041,45.93348491,-95.45335469
31055,41.29518299,-96.15085305
32005,38.912862,-119.6171333
41019,43.27941273,-123.167291
46043,43.38520741,-98.36978007
53017,47.7361335,-119.692937
55031,46.43222285,-91.91595768
5043,33.59035001,-91.71777921
17043,41.85116968,-88.08642662
18037,38.36597551,-86.8792417
19061,42.46815349,-90.88181925
,41.40674725,-70.68763497
29069,36.27167174,-90.09122243
38025,47.35423935,-102.6160468
55033,44.94562799,-91.8962481
37061,34.93449805,-77.93140529
37063,36.03638492,-78.87608331
36027,41.7648606,-73.74356679
12031,30.33225875,-81.66976468
48131,27.68184592,-98.50864568
47045,36.05931946,-89.41542855
8037,39.62754308,-106.6933637
13099,31.32155345,-84.90255207
22033,30.53842039,-91.09777565
22035,32.73926954,-91.23425694
22037,30.84425359,-91.04976723
48133,32.32743996,-98.83243566
26045,42.59599185,-84.83740035
55035,44.726614,-91.28609183
13101,30.71101099,-82.89687287
48135,31.86898877,-102.5429428
35015,32.47167456,-104.3053527
38027,47.71701474,-98.90432337
37065,35.91230639,-77.59436892
45037,33.77221995,-81.96231108
21061,37.21218923,-86.23955613
20047,37.88735543,-99.31263309
13103,32.36616021,-81.34280942
17049,39.05935711,-88.58969584
6017,38.77965956,-120.5233166
8041,38.83240149,-104.5251411
48141,31.76980765,-106.2363275
8039,39.28656773,-104.1358721
13105,34.11302332,-82.83936148
20049,37.45338105,-96.24369667
42047,41.42822061,-78.64524744
18039,41.59761169,-85.85875695
32007,41.14531606,-115.3577619
20051,38.91458712,-99.31751551
48139,32.34894117,-96.79371841
20053,38.69677695,-98.20462799
1051,32.59785413,-86.14415284
16039,43.3507101,-115.4701578
13107,32.59221302,-82.30239915
19063,43.37782951,-94.67858943
26047,45.52625509,-84.89083249
38029,46.28398398,-100.2389766
51595,36.69455571,-77.53406129
48143,32.23602653,-98.21773417
36029,42.76249024,-78.73063652
39043,41.36796058,-82.62904521
42049,41.99253829,-80.03301954
1053,31.1256789,-87.15918694
12033,30.67652764,-87.37284571
25009,42.6687626,-70.94687179
34013,40.78681335,-74.24657979
36031,44.11630765,-73.77297842
50009,44.72736416,-71.73579864
51057,37.93357639,-76.94230311
1055,34.04567266,-86.04051873
32011,39.98100864,-116.2683204
22039,30.72985248,-92.39915924
13109,32.15328841,-81.8870105
2090,64.80726247,-146.5692662
51059,38.83677558,-77.27565836
51600,38.85157547,-77.2977964
9001,41.26809896,-73.3881171
39045,39.75107189,-82.63088163
45039,34.39287073,-81.1195624
46047,43.23929297,-103.5275691
48145,31.25350609,-96.93630086
51610,38.88485255,-77.17560759
13111,34.86430205,-84.316964
48147,33.59564294,-96.10751083
27043,43.67381499,-93.94787458
46049,45.07082625,-99.14535601
5045,35.14719007,-92.33717519
51061,38.73564842,-77.80647472
1057,33.72076938,-87.73886638
13113,33.41357794,-84.49089434
17051,39.00072038,-89.02452658
18041,39.63684962,-85.17797541
19065,42.86271799,-91.8441231
21067,38.0368225,-84.45576892
39047,39.56021306,-83.4562016
42051,39.92041012,-79.64291195
47047,35.19615831,-89.41399032
48149,29.87788372,-96.92076062
54019,38.02974928,-81.08286634
,,
47049,36.38128818,-84.92870012
30027,47.26331584,-109.2245206
53019,48.4711431,-118.5154041
27045,43.67394126,-92.08980382
31059,40.52458567,-97.59646937
20055,38.04340344,-100.7381938
12035,29.45933576,-81.31508595
30029,48.29575866,-114.0520569
21069,38.36758311,-83.69657514
45041,34.02361754,-79.70189312
55037,45.84963535,-88.39804137
13115,34.26268279,-85.21577392
18043,38.32117957,-85.90385377
19067,43.0600053,-92.78940097
21071,37.56213922,-82.74750924
48153,34.07227468,-101.3031546
51063,36.9302126,-80.36738849
51065,37.84157909,-78.27715475
55039,43.75354908,-88.48885325
17053,40.59706922,-88.22350769
20057,37.69200114,-99.88825298
42053,41.51095103,-79.23229292
55041,45.66678019,-88.77084892
28035,31.18961454,-89.25832496
13117,34.22604035,-84.1231513
37067,36.12859861,-80.25459052
48157,29.52704478,-95.77219463
38031,47.4571084,-98.88279923
18045,40.12361933,-87.24217689
1059,34.44235334,-87.84289505
5047,35.51202821,-93.89299569
12037,29.83791238,-84.82731662
13119,34.37525597,-83.23159927
17055,37.99189086,-88.92567818
18047,39.4142482,-85.06062647
19069,42.73270384,-93.26256925
20059,38.56443815,-95.28644341
21073,38.2379395,-84.87962551
22041,32.13675181,-91.67589857
23007,44.97330019,-70.44381045
25011,42.58119713,-72.58602547
28037,31.47786634,-90.89672989
29071,38.41127108,-91.07522826
31061,40.17636348,-98.95299073
36033,44.59040891,-74.29926032
37069,36.081519,-78.28708884
39049,39.96995815,-83.01115755
42055,39.92956518,-77.72157791
47051,35.15634626,-86.09201039
48159,33.17653242,-95.21917243
50011,44.85627605,-72.91249563
51067,36.99536167,-79.88023649
53021,46.53351425,-118.9018212
51620,36.6831435,-76.93859681
24021,39.47296601,-77.39999394
51069,39.20172582,-78.25974949
51630,38.2977863,-77.4922454
27047,43.67385583,-93.34884422
48161,31.70422788,-96.15072516
8043,38.47362326,-105.4399667
16043,44.22800938,-111.4809943
19071,40.7454272,-95.60129045
56013,43.04183996,-108.6296893
6019,36.75733899,-119.6466953
48163,28.86751206,-99.10804207
31063,40.52993007,-100.3924658
5049,36.38177105,-91.81729127
13121,33.79216944,-84.46319413
17057,40.47289135,-90.20862357
18049,41.0469907,-86.26252745
21075,36.55238827,-89.20140068
36035,43.11363907,-74.41798804
39051,41.60213491,-84.12571393
42057,39.92913544,-78.11163677
31065,40.17642064,-99.91247454
12039,30.57796289,-84.61915825
31067,40.26186809,-96.68946704
48165,32.74055318,-102.6353295
51640,36.66601852,-80.91703124
17059,37.76430935,-88.22953869
21077,38.75398691,-84.8558382
30031,45.54486106,-111.1692571
39053,38.82708533,-82.31647569
48167,29.40167322,-94.90469073
8045,39.59921777,-107.902708
40047,36.3791334,-97.78265517
53023,46.43197502,-117.5454032
5051,34.57692074,-93.14921604
21079,37.6388668,-84.53289319
24023,39.52786077,-79.27355126
40049,34.70418038,-97.30811132
48169,33.17969345,-101.2984114
29073,38.43947277,-91.50847147
37071,35.29373559,-81.17477045
37073,36.44667547,-76.69749701
20061,38.99871131,-96.7577178
39055,41.49952319,-81.17935342
16045,44.06482372,-116.398376
26049,43.02244215,-83.70589709
36037,43.0022601,-78.19135193
1061,31.09389027,-85.83572839
29075,40.21097916,-94.40944419
28039,30.86259065,-88.64436789
45043,33.43443342,-79.33202141
18051,38.30393723,-87.58054938
47053,35.99438059,-88.93358327
4007,33.80190085,-110.8132779
12041,29.72856978,-82.79880657
47055,35.20222469,-87.03992678
51071,37.31234791,-80.70636931
48171,30.31824095,-98.94676915
13123,34.69316688,-84.45802506
54021,38.9251277,-80.85952723
8047,39.85646523,-105.5252597
30035,48.70513576,-112.9934235
12043,26.95635849,-81.18996211
26051,43.98901072,-84.38774817
13125,33.22879932,-82.61297636
48173,31.86942909,-101.5207776
6021,39.59875897,-122.3938452
34015,39.71581067,-75.13995546
51073,37.40809042,-76.53524337
13127,31.23279254,-81.53811412
26053,46.40862701,-89.69377193
30037,46.3816474,-109.1768522
48175,28.65696592,-97.42760647
48177,29.45634206,-97.49424032
51075,37.71714806,-77.90381514
27049,44.40849741,-92.7234195
16047,42.96927962,-114.8108306
13129,34.50487351,-84.87296253
56015,42.08798185,-104.3534743
31073,40.51481965,-99.83020279
20063,38.91588178,-100.4829321
13131,30.87454847,-84.23418364
40051,35.0167709,-97.88339847
33009,43.93779815,-71.82057197
4009,32.93166885,-109.8882178
37075,35.3506925,-83.83369267
47057,36.27469206,-83.51254721
8049,40.10603347,-106.1178042
38035,47.92093639,-97.45450447
50013,44.7975824,-73.29679772
26055,44.69565625,-85.55585247
5053,34.29017991,-92.42320562
18053,40.51587228,-85.65468702
20067,37.56227336,-101.3079758
21081,38.64962758,-84.62415957
22043,31.59882456,-92.56124347
27051,45.93424769,-96.01139609
35017,32.73911281,-108.3827845
38037,46.35821257,-101.6390013
40053,36.796297,-97.78638765
41023,44.49024544,-119.0068631
46051,45.1723937,-96.77002276
53025,47.20753737,-119.4500749
54023,39.10314817,-79.19440518
55043,42.8671731,-90.7063218
37077,36.30337451,-78.65184241
26057,43.29265605,-84.60505416
21083,36.72292505,-88.65143315
20069,37.73836671,-100.4369088
48179,35.40081878,-100.8129222
53027,47.14003705,-123.7820567
21085,37.46231118,-86.34248968
48181,33.62744998,-96.67753461
51077,36.65677234,-81.23215889
31077,41.56742671,-98.52150266
21087,37.26484328,-85.5540745
55045,42.6794956,-89.60243287
55047,43.80025981,-89.04679553
54025,37.9463652,-80.45335881
1063,32.85504247,-87.95684022
5055,36.1173546,-90.55832668
13133,33.5769205,-83.17139104
17061,39.35907414,-90.388865
18055,39.03630547,-86.96223202
19073,42.03614551,-94.39658081
28041,31.21444233,-88.63922281
29077,37.2575872,-93.34230916
36039,42.275797,-74.12384884
37079,35.48544173,-77.67578087
39057,39.69116283,-83.89032084
42059,39.85746531,-80.22357106
47059,36.17470125,-82.84691273
51079,38.29545894,-78.46525378
4011,33.21498827,-109.2405279
51081,36.67878901,-77.56351439
21089,38.54332505,-82.9215658
45045,34.89502264,-82.37295012
20073,37.8774388,-96.23250453
45047,34.15272415,-82.12715789
40055,34.93535801,-99.5605612
48183,32.47940482,-94.81591935
28043,33.77036166,-89.80245083
48185,30.54579585,-95.98902499
17063,41.28569601,-88.41905692
19075,42.40183723,-92.78829551
47061,35.38433717,-85.72142731
35019,34.86319296,-104.790669
48187,29.58165339,-97.94786822
39059,40.05026529,-81.49248905
37081,36.07959451,-79.78824948
12045,29.93543004,-85.2427099
8051,38.66611652,-107.0320729
19077,41.68378965,-94.50111014
13135,33.96044201,-84.02137802
13137,34.63331566,-83.53094677
1065,32.76039258,-87.63284988
48189,34.07044901,-101.8268114
37083,36.25669272,-77.6556109
51083,36.76654925,-78.93512622
13139,34.32207823,-83.81896936
31079,40.87257079,-98.50218293
47063,36.21990035,-83.26586179
12047,30.49673973,-82.94998918
17065,38.08163641,-88.53883373
18057,40.07306535,-86.05244729
19079,42.38382428,-93.70197703
20075,37.99978709,-101.7921066
31081,40.87349452,-98.02099117
36041,43.66146647,-74.49721957
39061,39.19673558,-84.54502924
47065,35.17670231,-85.16652245
48193,31.70470573,-98.11083887
46057,44.67385954,-97.18829593
25013,42.13440424,-72.63235561
25015,42.33997957,-72.65898478
54027,39.32103553,-78.60826476
45049,32.77419582,-81.13845571
51650,37.03513786,-76.35879121
13141,33.2721566,-82.99766919
17067,40.40423981,-91.16313899
18059,39.82304555,-85.77566351
19081,43.08178477,-93.73454884
21091,37.83766422,-86.78280584
23009,44.59816444,-68.38401854
28045,30.41830223,-89.48851033
39063,41.00250487,-83.66838948
47067,36.52692871,-83.22375847
54029,40.51943859,-80.57461608
46059,44.54708407,-99.00386459
51085,37.7583355,-77.49464673
48195,36.27743284,-101.3545796
13143,33.79602175,-85.21005667
12049,27.49293939,-81.80956574
47069,35.20772017,-88.99161161
17069,37.51810645,-88.26873022
19083,42.38353877,-93.23654611
21093,37.6976111,-85.96319251
39065,40.66015414,-83.65929931
47071,35.19732531,-88.18593755
48199,30.33364686,-94.38931817
35021,35.85751555,-103.8220938
54031,39.00683177,-78.85855301
24025,39.55010644,-76.3077594
21095,36.85699301,-83.21899516
37085,35.36731853,-78.87243571
41025,43.06422669,-118.9666306
20077,37.19175361,-98.07578384
40059,36.78836519,-99.6679804
13145,32.73709786,-84.90538572
48201,29.86,-95.39
18061,38.19467379,-86.10948271
19085,41.68330137,-95.81558439
21097,38.44188174,-84.32869741
28047,30.51359752,-89.12467576
29081,40.35570088,-93.99222144
39067,40.29380509,-81.09068544
48203,32.54935988,-94.36934071
54033,39.2853852,-80.37919577
51660,38.43542574,-78.87536254
13147,34.34626973,-82.96567682
21099,37.29943898,-85.88461055
9003,41.80283011,-72.73103891
48205,35.84008013,-102.6029022
20079,38.04293782,-97.42747573
20081,37.5620394,-100.8710738
40061,35.222576,-95.11513306
15001,19.60121157,-155.5210167
47073,36.44355426,-82.94885298
48209,30.05669873,-98.02944344
37087,35.55269063,-82.98196486
47075,35.58332824,-89.28536625
13149,33.29686567,-85.12886832
48211,35.83764858,-100.2703577
5057,33.73325583,-93.66935133
17071,40.81908672,-90.92491462
21101,37.79344553,-87.57392021
37089,35.33788927,-82.4766782
47077,35.65581134,-88.38600175
48213,32.21128872,-95.85846587
18063,39.76719009,-86.51037283
12051,26.55386945,-81.16469006
27053,45.00761521,-93.47694895
51087,37.53460572,-77.39326555
1067,31.51148016,-85.24267944
13151,33.4533428,-84.1481466
17073,41.3533994,-90.13296166
18065,39.93029017,-85.39625719
19087,40.98767962,-91.54436349
21103,38.44942688,-85.11587507
29083,38.38482826,-93.79293734
39069,41.3339642,-84.06830637
47079,36.33160906,-88.30121797
51089,36.68542395,-79.87634026
36043,43.42034246,-74.96145307
12053,28.55364461,-82.42700204
37091,36.3607755,-76.98104134
21105,36.6794808,-88.97875928
47081,35.80609681,-87.47643507
35023,31.91383467,-108.7151824
48215,26.39418217,-98.18299696
39071,39.1839264,-83.60331456
51091,38.35799465,-79.56124594
12055,27.34254618,-81.34071957
30041,48.62879827,-110.1129252
48217,31.99045053,-97.13423143
12057,27.9276559,-82.32013172
33011,42.91537785,-71.7200253
26059,41.88753639,-84.59312019
28049,32.2656285,-90.44435448
8053,37.82247444,-107.3004345
31087,40.17609175,-101.0416477
39073,39.49537927,-82.47991446
48219,33.60771256,-102.3431676
37093,35.01888303,-79.23651674
12059,30.86747479,-85.81319222
28051,33.12345854,-90.08923538
39075,40.56163713,-81.92635677
29087,40.09799248,-95.2163888
31089,42.45522056,-98.78402558
15003,21.45803166,-157.9712182
48221,32.42990927,-97.83242024
41027,45.51872811,-121.6552036
31091,41.91586243,-101.1354293
51670,37.29186313,-77.29754684
21107,37.30939025,-87.54670406
48223,33.14875072,-95.56351139
45051,33.9212828,-78.99555293
5059,34.31709259,-92.95396325
56017,43.71930657,-108.4423174
26061,46.89988536,-88.68495385
1069,31.15197924,-85.29939599
13153,32.45802497,-83.66879087
27055,43.67129565,-91.49143057
47083,36.28872054,-87.71878828
48225,31.31925973,-95.42226208
5061,34.09007427,-93.9934871
18067,40.48527731,-86.11351892
19089,43.35671042,-92.31702714
24027,39.25305293,-76.93126208
29089,39.1435761,-92.69756691
31093,41.2200529,-98.5166499
48227,32.30621324,-101.4356444
29091,36.77383887,-91.88683935
34017,40.73766234,-74.07515667
8055,37.68473101,-104.9612585
46065,44.39091534,-99.99661148
6023,40.69923009,-123.876044
19091,42.7764426,-94.20722537
32013,41.40692186,-118.1109427
28053,33.12825718,-90.52252707
47085,36.03958805,-87.77992872
48231,33.12351514,-96.08551032
34019,40.56335249,-74.91284156
42061,40.42162652,-77.97673273
18069,40.82907273,-85.48822092
26063,43.83353985,-83.04078453
39077,41.14651175,-82.59867951
46067,43.33449012,-97.75536441
48233,35.84006574,-101.3546643
37095,35.42017674,-76.15180542
46069,44.54747703,-99.48572582
22045,29.86803617,-91.75871777
22047,30.25734305,-91.3499598
16049,45.84721541,-115.4634436
6025,33.0393082,-115.3669042
5063,35.74242707,-91.57001641
12061,27.69308961,-80.60556721
42063,40.65241041,-79.08963285
26065,42.59716886,-84.37472069
6027,36.51112084,-117.4111978
26067,42.94502238,-85.07413319
26069,44.35486835,-83.63484895
19095,41.68630265,-92.0643373
55049,43.00050278,-90.13469017
37097,35.80950511,-80.8743128
29093,37.55487945,-90.7735296
55051,46.26302338,-90.24295041
17075,40.74717633,-87.82466784
13155,31.60213036,-83.27501387
26073,43.64060976,-84.84664923
27059,45.56181234,-93.29487636
53029,48.14713305,-122.5216407
51093,36.90579348,-76.70842863
27061,47.51009045,-93.63092229
28057,34.27993475,-88.3606733
5065,36.09604046,-91.90847954
48237,33.23377248,-98.17283469
1071,34.78144169,-85.99750489
5067,35.59802983,-91.21494602
12063,30.7954597,-85.21500423
13157,34.13794553,-83.56814788
17077,37.78595185,-89.38232563
18071,38.9091582,-86.03851889
19097,42.17178824,-90.57354837
20085,39.41673394,-95.79356799
21109,37.41866422,-83.99825483
22049,32.30251776,-92.55692092
26075,42.24807035,-84.42258681
27063,43.67423373,-95.15398258
28059,30.54020656,-88.64184064
29095,39.01002188,-94.34724536
37099,35.28814273,-83.14093385
39079,39.01914254,-82.6181856
40065,34.58781741,-99.41138784
41029,42.43201126,-122.7289309
47087,36.36380466,-85.67239905
48239,28.95472367,-96.57749563
54035,38.84263974,-81.68148753
55053,44.31864893,-90.80566792
51095,37.31156958,-76.76950618
13159,33.31535543,-83.68844964
17079,39.01054275,-88.15437049
18073,41.02078733,-87.11553319
19099,41.68576082,-93.05567785
28061,32.01922104,-89.11786866
29097,37.20351921,-94.34050458
45053,32.43171982,-81.02487495
48241,30.74685667,-94.02667579
18075,40.43781032,-85.00576229
13161,31.80405727,-82.6372487
1073,33.55554728,-86.895063
5069,34.26767081,-91.92619839
8059,39.58635604,-105.2517692
12065,30.43669112,-83.89442308
13163,33.05867328,-82.41609057
16051,43.82078483,-112.3131749
17081,38.29980057,-88.9240025
18077,38.78576239,-85.43633383
19101,41.03192394,-91.94849466
20087,39.2347941,-95.38289232
21111,38.18664655,-85.65931031
22051,29.74075478,-90.11115756
28063,31.73397872,-91.03764977
29099,38.25926778,-90.53870896
30043,46.14907081,-112.094396
31095,40.17584531,-97.142601
36045,44.04200959,-75.94653457
39081,40.38614126,-80.76259514
40067,34.11130184,-97.83182974
41031,44.62806839,-121.17832
42065,41.12913106,-78.9986361
47089,36.04818632,-83.45148924
48245,29.8832777,-94.16434171
53031,47.75003077,-123.5609704
54037,39.30776166,-77.86014147
55055,43.02054068,-88.77529134
22053,30.26896765,-92.81210004
28065,31.56884708,-89.8267099
13165,32.79248718,-81.96040187
18079,38.99588883,-85.62710784
46073,44.06637798,-98.62965972
16053,42.68891267,-114.2655033
17083,39.08869046,-90.35393073
21113,37.87119786,-84.58252003
20089,39.78470589,-98.21820662
48247,27.04453923,-98.6968187
48249,27.73103938,-98.0904705
17085,42.36542373,-90.21094405
5071,35.56759135,-93.46036368
13167,32.70211082,-82.66166794
17087,37.45939802,-88.88165419
18081,39.48994426,-86.10149107
19103,41.67169354,-91.58754744
20091,38.88548175,-94.82250877
21115,37.85106355,-82.8264322
29101,38.74719601,-93.80691168
31097,40.39257596,-96.26522753
47091,36.4552395,-81.84886538
48251,32.37877812,-97.36615819
56019,44.04057166,-106.5845174
37101,35.51745004,-78.36622717
40069,34.31440473,-96.66011537
13169,33.02512137,-83.56019163
19105,42.12118609,-91.13139641
28067,31.62257767,-89.168969
37103,35.02254606,-77.35870791
48253,32.73997145,-99.87861576
41033,42.3665549,-123.5561938
2110,58.45031811,-134.200436
55057,43.92456975,-90.11120239
42067,40.53358749,-77.3997513
26077,42.24542231,-85.53038622
26079,44.68512729,-85.09085699
27065,45.9459309,-93.29275192
54039,38.33860077,-81.52857054
27067,45.1526059,-95.00586446
17089,41.93842729,-88.42861412
17091,41.13746989,-87.86205334
,39.0997,-94.5786
48255,28.90705334,-97.85960149
15007,22.03935037,-159.5966786
48257,32.5991417,-96.28734728
40071,36.81799745,-97.14421435
31099,40.50663314,-98.94877182
20093,38.00017981,-101.321681
31101,41.19930341,-101.6620164
28069,32.75462946,-88.64105766
2122,60.24429722,-151.5388884
17093,41.59081014,-88.42869583
48259,29.94414155,-98.7113588
23011,44.40759555,-69.76738544
55059,42.57639354,-88.04051686
10001,39.08646628,-75.56884914
24029,39.24976208,-76.04741541
26081,43.03197711,-85.54934642
44003,41.67106337,-71.57641596
21117,38.93950319,-84.53241199
19107,41.33649833,-92.1785067
6029,35.34329425,-118.7277796
48265,30.06040006,-99.34930144
45055,34.33988254,-80.58763164
2130,55.57445008,-130.975561
55061,44.51727459,-87.61468386
31105,41.19774275,-103.7148131
48267,30.48678918,-99.74856473
53033,47.49137892,-121.8346131
51099,38.26818502,-77.15852768
51101,37.70965316,-77.09384941
51097,37.71044922,-76.88689628
40073,35.94530008,-97.94193268
6031,36.07409056,-119.8159973
46077,44.36956169,-97.4913945
20097,37.55848695,-99.2856537
40075,34.91671958,-98.97720696
8063,39.30497777,-102.6022199
53035,47.63479026,-122.6436061
53037,47.12521214,-120.679439
27069,48.77754106,-96.78317184
41035,42.68762984,-121.6496461
48273,27.42435506,-97.69894948
53039,45.87325839,-120.7913598
21119,37.35388197,-82.94981134
17095,40.93148779,-90.2133034
18083,38.68861576,-87.4194665
21121,36.89225732,-83.85403396
23013,44.11486325,-69.10529169
31107,42.63758421,-97.89178836
39083,40.39830217,-82.42027563
47093,35.99508821,-83.94635435
48275,33.60519951,-99.7422906
2150,57.65529415,-153.7493579
27071,48.24539665,-93.78352843
16055,47.67282258,-116.7020872
18085,41.24521668,-85.86312322
19109,43.20405458,-94.20691791
55063,43.90632465,-91.11451093
4012,33.72854224,-113.9810029
8067,37.28632032,-107.8429014
48283,28.34453111,-99.09908775
18087,41.64232188,-85.42674232
18091,41.54366008,-86.74072188
17099,41.3442613,-88.88633881
22059,31.67884782,-92.15907765
20099,37.19113093,-95.29849679
27073,44.9973857,-96.17488219
42069,41.43564672,-75.60379201
29105,37.65896829,-92.5888493
5073,33.24116713,-93.60677071
12067,29.98484137,-83.18166636
22055,30.2049055,-92.06959876
28071,34.35687874,-89.48490961
29107,39.06986886,-93.78076396
55065,42.66005229,-90.1317729
22057,29.52470226,-90.40976986
6033,39.10124298,-122.7536244
8065,39.20278823,-106.3555697
12069,28.76202069,-81.7125123
17097,42.3224907,-88.00367925
18089,41.41874274,-87.38277575
26085,43.99050893,-85.802173
27075,47.64270764,-91.44557998
30047,47.64514965,-114.0898013
39085,41.69710807,-81.23676539
46079,44.02193107,-97.12926365
47095,36.3418017,-89.48921915
1075,33.77995024,-88.09668032
13171,33.07841647,-84.14263877
28073,31.20572971,-89.5077704
48277,33.66981763,-95.57404777
48279,34.06859623,-102.3516289
50015,44.60353043,-72.64356694
48281,31.19531316,-98.24206613
31109,40.78416049,-96.68777155
42071,40.03904563,-76.24770128
45057,34.68270843,-80.70513032
51103,37.71889653,-76.46400482
32015,39.9332233,-117.0397075
41039,43.93727035,-122.847753
13173,31.0382857,-83.06472457
26087,43.09052506,-83.22153148
56021,41.3070252,-104.6887497
8069,40.66671597,-105.4625784
21123,37.54567114,-85.70138352
8071,37.3153406,-104.0376458
16057,46.81587887,-116.7113698
40077,34.87844729,-95.25215049
1077,34.90171875,-87.65624729
28075,32.40419769,-88.66229662
47097,35.75893438,-89.6301591
21125,37.10975748,-84.11321779
13175,32.46325233,-82.92221316
45059,34.48244419,-82.00490796
48285,29.38508402,-96.93186692
1079,34.52041498,-87.31069453
5075,36.04188196,-91.10867198
17101,38.71987914,-87.72884035
18093,38.84112637,-86.48361629
21127,38.07136018,-82.72882223
28077,31.55147224,-90.10841127
29109,37.10626634,-93.83293097
39087,38.59743452,-82.53466552
42073,40.99206278,-80.33393706
46081,44.35919441,-103.7929428
47099,35.21675201,-87.39787695
40079,34.89851864,-94.70392124
27079,44.37136597,-93.72844721
35025,32.79215361,-103.4123733
28079,32.7536828,-89.52402044
20103,39.20183497,-95.03620809
42075,40.36680311,-76.45651841
1081,32.60154883,-85.35132246
5077,34.78498904,-90.78383866
12071,26.58410348,-81.88399313
13177,31.7793306,-84.14324253
17103,41.74583951,-89.29977132
19111,40.64181461,-91.48183025
28081,34.2918775,-88.68149954
37105,35.47623147,-79.17569362
45061,34.16393091,-80.25690731
48287,30.31120597,-96.97045773
51105,36.70586667,-83.12606515
26089,44.94430054,-85.80150326
28083,33.55545125,-90.29900733
42077,40.6154815,-75.59435245
16059,44.9438088,-113.9309747
26091,41.89475156,-84.06603727
37107,35.2403259,-77.64245615
12073,30.45955727,-84.27491114
48289,31.29872538,-95.9936328
21131,37.09246661,-83.37999606
21133,37.12306748,-82.85346474
12075,29.31829741,-82.74007147
16061,46.23315327,-116.434146
21135,38.53184419,-83.37735618
29111,40.09673161,-91.72070156
36049,43.7844157,-75.44903992
47101,35.52853208,-87.49022694
53041,46.57756476,-122.3925769
54041,38.9947249,-80.49988181
30049,47.12610041,-112.394698
45063,33.89665987,-81.27146426
51678,37.78258621,-79.44262866
12077,30.23766008,-84.8829258
13179,31.82588896,-81.49251135
30051,48.56084317,-111.024307
48291,30.15152688,-94.81205615
39089,40.09136236,-82.48185785
1083,34.81185586,-86.98310072
48293,31.5454767,-96.58095444
5079,33.95317155,-91.74002806
8073,38.98749519,-103.5136649
13181,33.79201475,-82.45024131
16063,43.0012336,-114.1358773
21137,37.45475628,-84.6565327
22061,32.6003154,-92.6659741
23015,44.05996956,-69.54227124
27081,44.41311883,-96.26688165
28085,31.53288662,-90.45391915
29113,39.05345619,-90.95588181
30053,48.54265777,-115.4046155
31111,41.04658298,-100.7475374
32017,37.64268459,-114.8790388
35027,33.74526079,-105.4586166
37109,35.48508185,-81.21740317
40081,35.70270942,-96.8812462
41041,44.64252874,-123.869912
46083,43.27841182,-96.7203905
47103,35.13738622,-86.58910106
53043,47.57705241,-118.4194388
54043,38.172154,-82.07017953
55069,45.33737523,-89.73411273
56023,42.26376367,-110.6563997
19113,42.07923082,-91.59809485
20107,38.21267844,-94.84254089
29115,39.87001769,-93.10704106
41043,44.48899494,-122.5373154
48295,36.27783108,-100.2733151
9005,41.7937534,-73.2451475
48297,28.35101362,-98.1246786
17105,40.89188292,-88.55784752
21139,37.21137452,-88.34797529
22063,30.44143993,-90.73061664
26093,42.60302282,-83.91297209
29117,39.78110272,-93.54645978
36051,42.72596275,-77.77966158
48299,30.70645047,-98.68475262
5083,35.21413234,-93.71951016
8075,40.7249637,-103.110817
17107,40.12581572,-89.36638784
21141,36.85949479,-86.877635
31113,41.56650314,-100.4817851
39091,40.38996525,-83.76784341
40083,35.91899576,-97.44352845
54045,37.8299889,-81.93528571
13183,31.75218791,-81.74952375
5085,34.75392199,-91.88742357
39093,41.29553751,-82.15083537
35028,35.86631386,-106.3134985
6037,34.30828379,-118.2282411
47105,35.73939663,-84.31145275
51107,39.08990083,-77.63481877
19115,41.21842119,-91.26102611
51109,37.97850256,-77.96274807
40085,33.95273467,-97.23906784
1085,32.1597283,-86.65158371
13185,30.83568832,-83.27056716
28087,33.47386518,-88.4419153
48303,33.61008596,-101.8204789
39095,41.62101218,-83.65468618
26095,46.47227431,-85.54471223
13187,34.57286511,-84.00425681
35029,32.18179341,-107.7508826
51111,36.94618528,-78.24133319
42079,41.17823008,-75.98447579
42081,41.34310539,-77.06629984
46085,43.89522709,-99.85201878
51680,37.40021399,-79.19888138
48305,33.17657705,-101.8162849
19119,43.38107862,-96.20926845
20111,38.45576156,-96.15275715
21143,37.02080035,-88.07886257
27083,44.41327865,-95.83806103
32019,39.01777974,-119.1870479
26097,46.07028979,-85.04980537
26099,42.69158356,-82.92752801
1087,32.38759944,-85.69267724
13193,32.35207048,-84.04234127
17115,39.86064913,-88.96342505
29121,39.83049768,-92.56453089
37113,35.14867843,-83.41696617
47111,36.53157855,-86.00778595
17117,39.26119767,-89.92424028
6039,37.21513971,-119.7665589
1089,34.76327133,-86.55069633
5087,36.01038185,-93.72524943
12079,30.44396917,-83.47398594
13195,34.12920917,-83.21218732
16065,43.78141028,-111.6538474
17119,38.83042506,-89.90422563
18095,40.16143691,-85.71964711
19121,41.33081904,-94.01554631
21151,37.71659336,-84.27220275
22065,32.36918118,-91.23973355
28089,32.63389156,-90.03513564
29123,37.47865134,-90.3467143
30057,45.30080065,-111.9173017
31119,41.91676024,-97.6005481
36053,42.91653905,-75.67266639
37115,35.85402722,-82.71346418
39097,39.89381073,-83.40178317
47113,35.61181957,-88.84076036
48313,30.96694679,-95.93003775
51113,38.41531222,-78.28220331
19123,41.33521503,-92.64083907
27087,47.32557075,-95.80921485
39099,41.01631101,-80.77287029
40093,36.31149996,-98.53467076
41045,43.1937027,-117.6227395
51683,38.7464321,-77.48509905
51685,38.77058531,-77.44399307
12081,27.47196942,-82.31831044
26101,44.33352407,-86.05626916
55071,44.11946801,-87.80928853
55073,44.89792533,-89.75863384
1091,32.24767634,-87.78796182
4013,33.34835867,-112.4918154
29125,38.16193985,-91.92249662
6041,38.07122463,-122.7210631
55075,45.38553432,-88.033246
1093,34.13697363,-87.88704173
5089,36.26844485,-92.68451899
12083,29.21227113,-82.05803627
13197,32.3483402,-84.52733571
17121,38.64963204,-88.91899208
18097,39.78163624,-86.13826325
19125,41.33445101,-93.09934783
20115,38.35855394,-97.0985251
21155,37.55218078,-85.26898542
28091,31.23132643,-89.8209217
29127,39.80601912,-91.62203062
39101,40.58610662,-83.15736305
41047,44.90287942,-122.5815117
45067,34.07859748,-79.36400756
47115,35.12997174,-85.62265895
48315,32.79868409,-94.3566123
54049,39.50984542,-80.24244659
6043,37.57978556,-119.9073334
45069,34.59905577,-79.67561152
26103,46.4338914,-87.64043701
55077,43.81911946,-89.40073763
1095,34.36975964,-86.30486727
17123,41.0327901,-89.34510444
18099,41.32467367,-86.26185087
19127,42.03586837,-92.9990819
21157,36.8800707,-88.32803576
27089,48.35825983,-96.37017407
28093,34.76216286,-89.50299462
40095,34.02311222,-96.76855464
46091,45.75870838,-97.59855639
47117,35.45798777,-86.76420988
54051,39.86064362,-80.66591062
12085,27.0772071,-80.43109784
18101,38.7099921,-86.80373186
21159,37.79990579,-82.51247478
27091,43.67429718,-94.55099908
37117,35.84326734,-77.10860251
48317,32.30600051,-101.9513518
51690,36.68212094,-79.86352771
17125,40.23917274,-89.91824452
21161,38.59471935,-83.82151043
26105,43.99509218,-86.24988902
48319,30.71780434,-99.22629416
53045,47.35007586,-123.1863685
54053,38.77071799,-82.02524219
17127,37.22078441,-88.71036614
48321,28.81955746,-96.01230294
2170,62.31305045,-149.5741743
51115,37.44164146,-76.34098896
15009,20.86399628,-156.5689097
47119,35.6187413,-87.07462444
48323,28.7429195,-100.3157686
40097,36.30179091,-95.23175116
40087,35.01123903,-97.44572302
46087,43.6742571,-97.36863144
45065,33.90161443,-82.30794338
21145,37.05350953,-88.70445755
21147,36.73874143,-84.48102924
48307,31.1925468,-99.34682807
40089,34.11664328,-94.77222373
29119,36.62869595,-94.34867205
17109,40.45674722,-90.67775541
37111,35.67736232,-82.0482425
54047,37.38002939,-81.65083669
13189,33.47851918,-82.48252774
17111,42.32451172,-88.45248227
38049,48.23104458,-100.6324822
13191,31.49683595,-81.40163426
38051,46.11182017,-99.44145858
40091,35.37235506,-95.66599306
42083,41.80938602,-78.56478358
38053,47.7413337,-103.395905
35031,35.5800772,-108.262245
17113,40.48996987,-88.84621113
21149,37.5301951,-87.26803443
38055,47.60766714,-101.3182418
48309,31.55255453,-97.20217694
27085,44.82367677,-94.27287017
47107,35.42812616,-84.61520715
47109,35.17468549,-88.5647812
20113,38.39184858,-97.64769869
31117,41.56797682,-101.0599362
46089,45.76626028,-99.22118798
20119,37.23859987,-100.364831
21163,37.96163597,-86.21028219
46093,44.56676791,-102.7162741
30059,46.59907074,-110.8898557
37119,35.24469268,-80.8317671
51117,36.67882005,-78.36131056
26107,43.64064262,-85.32463223
39103,41.11770589,-81.8998621
48325,29.3557301,-99.11030298
27093,45.12328869,-94.52839455
39105,39.09224872,-82.0305041
47121,35.51558739,-84.81482914
17129,40.02742725,-89.80246001
6045,39.4381191,-123.3911313
21165,37.94090733,-83.59985712
26109,45.58038692,-87.55370409
55078,45.00422544,-88.70950714
6047,37.18922369,-120.7209035
17131,41.20596782,-90.74290052
21167,37.81474237,-84.87488475
34021,40.28047017,-74.70479631
38057,47.31213126,-101.8318399
39107,40.54043046,-84.62912742
42085,41.30248872,-80.25816981
54055,37.40481169,-81.11023142
13199,33.04163534,-84.68859732
31121,41.16624273,-98.0374887
33013,43.29662971,-71.6811573
8077,39.01787888,-108.469799
21169,36.99459295,-85.63123699
18103,40.76940965,-86.04525048
20121,38.56383358,-94.83832189
39109,40.0543329,-84.22871271
12086,25.6112362,-80.55170587
,,
9007,41.45949668,-72.53714864
25017,42.48607732,-71.39049229
34023,40.43629879,-74.41426991
51119,37.63191998,-76.55064617
26111,43.64330771,-84.38804374
48329,31.86904128,-102.0315682
42087,40.61116939,-77.61070738
48331,30.7858183,-96.97718698
27095,45.93705297,-93.63236823
5091,33.31403423,-93.89285258
13201,31.16568912,-84.73151117
29131,38.21450288,-92.42610898
19129,41.03299766,-95.61920963
55079,43.00486062,-87.96733172
46097,44.02197882,-97.60992207
8079,37.66954283,-106.9281698
32021,38.53841696,-118.4344506
54057,39.41561583,-78.94104895
54059,37.73048351,-82.13338365
16067,42.85518524,-113.6357257
46099,43.67441641,-96.7910885
26113,44.33772443,-85.09256478
5093,35.76271485,-90.0519437
29133,36.82516239,-89.29505753
30063,47.03728583,-113.9213508
13205,31.22483255,-84.19381821
19131,43.35638371,-92.78887719
20123,39.39331582,-98.20906732
37121,36.01059309,-82.1582442
48335,32.30623474,-100.9212058
1097,30.78472347,-88.20842409
8081,40.61810999,-108.2070876
4015,35.70471703,-113.7577902
29135,38.63571781,-92.57976951
34025,40.26549699,-74.22240686
6051,37.93899289,-118.8872409
19133,42.05220391,-95.95743843
54061,39.63218457,-80.04766838
1099,31.56729412,-87.36995001
5095,34.6815935,-91.20540287
12087,25.20904673,-81.07812416
13207,33.014289,-83.92097166
17133,38.27594376,-90.17761038
18105,39.16130004,-86.52414358
19135,41.02988815,-92.8690667
21171,36.71225341,-85.71596443
26115,41.92734151,-83.53749864
28095,33.89236763,-88.4808438
36055,43.14638895,-77.69322942
39111,39.72984936,-81.08464734
42089,41.05934058,-75.34031025
47123,35.44550387,-84.24902965
54063,37.56274716,-80.54577965
55081,43.94641218,-90.618819
48337,33.67521893,-97.72500958
26117,43.31082541,-85.15252824
6053,36.21862405,-121.2413397
8083,37.33859579,-108.5958857
1101,32.2206831,-86.20969272
5097,34.53704874,-93.65824478
13209,32.17201038,-82.53527476
17135,39.23198845,-89.47809254
18107,40.04034823,-86.89335024
19137,41.03018714,-95.15642896
20125,37.19236568,-95.74329258
21173,38.03253032,-83.9145241
24031,39.13676329,-77.20358245
28097,33.49419589,-89.61729103
29139,38.94022054,-91.47000721
36057,42.90123494,-74.44011632
37123,35.33155144,-79.90416657
39113,39.75394919,-84.29050975
42091,40.21053671,-75.36652296
47125,36.49609412,-87.38550661
48339,30.30079133,-95.50572772
51121,37.17746986,-80.37868691
26119,45.0275929,-84.12696227
42093,41.03023987,-76.66345939
8085,38.40214114,-108.2639022
46101,44.02266214,-96.67081159
37125,35.30885257,-79.48474178
47127,35.27724699,-86.36230578
48341,35.83769242,-101.8930281
22067,32.81686191,-91.80421614
1103,34.45500589,-86.85475946
8087,40.2627981,-103.8093302
13211,33.59232073,-83.49129491
17137,39.71654544,-90.20255104
18109,39.47899078,-86.44573375
21175,37.92465657,-83.25558245
29141,38.4181765,-92.88791859
39115,39.62081738,-81.85308173
47129,36.13248031,-84.64880098
54065,39.55439028,-78.26311676
31123,41.71711774,-103.0061405
20127,38.68827511,-96.65128437
34027,40.86095313,-74.5455371
48343,33.11304005,-94.73255695
27097,46.01265363,-94.27341528
39117,40.5236356,-82.7892599
41049,45.41846568,-119.584546
20129,37.19141121,-101.7992519
38059,46.71681782,-101.2822377
48345,34.07408766,-100.779722
17139,39.64187451,-88.62099969
38061,48.20197971,-102.3555315
27099,43.67142874,-92.75234549
21177,37.21425819,-87.14632053
41051,45.54747959,-122.4169351
13213,34.78897608,-84.74993177
27101,44.02216709,-95.76328482
40099,34.48116015,-97.06826283
19139,41.48370744,-91.1121697
13215,32.50931999,-84.87142262
26121,43.29123859,-86.15176712
39119,39.96575964,-81.94363275
40101,35.61318461,-95.37802952
30065,46.49684637,-108.39498
48347,31.62017125,-94.61803994
31125,41.39750195,-97.99327291
6055,38.50735751,-122.332839
37127,35.96575634,-77.98422508
12089,30.61037141,-81.80297522
36059,40.74066522,-73.58941873
22069,31.72321584,-93.09816516
56025,42.96180148,-106.797885
4017,35.3997715,-110.3218983
48349,32.04620681,-96.47428766
21179,37.80335779,-85.4657193
38063,47.9226426,-98.19038437
51125,37.78790447,-78.88498513
20131,39.78345387,-96.01392079
31127,40.38514847,-95.85433992
20133,37.55862897,-95.30670046
28099,32.75339664,-89.11726492
5099,33.66340119,-93.30632432
6057,39.30394768,-120.7627281
10003,39.57992638,-75.64054974
37129,34.25758282,-77.87075626
9009,41.4080325,-72.93620426
51127,37.50694406,-76.99828634
9011,41.48896435,-72.10430976
29143,36.59666326,-89.66070007
36061,40.7672726,-73.97152637
26123,43.554374,-85.80070107
45071,34.28629098,-81.59935761
44005,41.5642026,-71.26569799
51700,37.08166899,-76.51754109
5101,35.91947491,-93.21612969
13217,33.55514538,-83.8454714
18111,40.95610449,-87.39635768
28101,32.40021118,-89.11843336
29145,36.90519407,-94.3394104
48351,30.78548982,-93.74408813
16069,46.32638236,-116.7500975
36063,43.19898042,-78.74777412
21181,38.33342292,-84.01889177
54067,38.29617706,-80.79759588
27103,44.35291112,-94.24710352
56027,43.05607708,-104.4758896
18113,41.39672484,-85.41966713
39121,39.76818851,-81.45937183
40103,36.38953329,-97.22928674
27105,43.67434621,-95.75329576
29147,40.36079813,-94.88133008
48353,32.30365282,-100.4060208
2180,64.90320724,-164.0353804
25021,42.16073095,-71.20530408
51710,36.89934014,-76.26420872
27107,47.32628443,-96.45620947
37131,36.41736238,-77.39769443
42095,40.75182733,-75.30471829
51131,37.34062933,-75.87751591
42097,40.84785433,-76.70798222
51133,37.89202088,-76.41949732
20137,39.78443827,-99.90286639
51720,36.93357076,-82.62750411
51135,37.1435975,-78.05065922
40105,36.79843529,-95.61902331
28103,33.11009499,-88.56949061
48355,27.736286,-97.5433285
32023,38.04264256,-116.4722702
19141,43.08310673,-95.62474482
26125,42.66090111,-83.38595416
47131,36.35732446,-89.14921589
34029,39.8895449,-74.28089251
26127,43.64124435,-86.26726673
48357,36.27829105,-100.8158184
13219,33.83749973,-83.43679568
45073,34.75225169,-83.06742317
55083,45.02715345,-88.26807503
26129,44.33481032,-84.12725175
46102,43.33749164,-102.5555498
17141,42.04165196,-89.32184679
13221,33.8786296,-83.08278123
18115,38.955305,-84.96515993
21183,37.47751843,-86.85368087
54069,40.0955451,-80.62203992
12091,30.69143028,-86.59267105
53047,48.54855019,-119.7387224
12093,27.3863362,-80.88944347
40107,35.46485198,-96.32639984
40109,35.55140095,-97.40716948
40111,35.64661916,-95.96432828
28105,33.42491685,-88.87905132
21185,38.39791089,-85.448222
48359,35.40425596,-102.6027606
38065,47.11530482,-101.3406158
27109,44.00374114,-92.40209944
36065,43.24375382,-75.43710392
55085,45.70677897,-89.51944105
36067,43.00491923,-76.19971155
37133,34.72607366,-77.42908179
36069,42.85145728,-77.30874425
26131,46.6652262,-89.31390481
6059,33.70147516,-117.7645998
12095,28.51367621,-81.31799498
18117,38.5411892,-86.49523093
36071,41.40337468,-74.30240757
37135,36.06092947,-79.12167935
48361,30.11879481,-93.89412775
50017,44.00470222,-72.37640104
51137,38.24530219,-78.015604
45075,33.4391073,-80.79886287
29149,36.68710164,-91.4033755
22071,30.06971951,-89.92660315
36073,43.2516977,-78.2320066
50019,44.82964024,-72.24562697
20139,38.65235984,-95.72707998
29151,38.46036182,-91.8613635
40113,36.62888819,-96.39635704
20141,39.3503437,-98.76753828
12097,28.06312234,-81.14882926
19143,43.37824276,-95.62422844
26133,43.98992088,-85.32566756
26135,44.68192279,-84.12939244
36075,43.42778894,-76.14635194
8089,37.9014485,-103.7173385
35035,32.61348406,-105.7417604
31131,40.64843556,-96.13374142
26137,45.02085831,-84.59898295
36077,42.63492579,-75.03151402
20143,39.13237408,-97.65020313
26139,42.95996803,-85.9969107
39123,41.53781826,-83.0940185
40115,36.83532655,-94.81011909
27111,46.40846929,-95.70835255
5103,33.58839816,-92.87795984
22073,32.47645559,-92.15704172
8091,38.14717457,-107.7675136
80008,,
80013,,
80015,,
80017,,
80026,,
80040,,
80047,,
55087,44.41578887,-88.46565023
47133,36.34117832,-85.28989535
18119,39.31145587,-86.83900724
21187,38.51679143,-84.82404619
21189,37.42823949,-83.68811419
16073,42.58016894,-116.1693871
23017,44.49952995,-70.75682123
55089,43.38352225,-87.94625009
53049,46.55418369,-123.7285716
19145,40.7393172,-95.1497813
51139,38.61807452,-78.48797204
12099,26.64676272,-80.46536002
19147,43.08193849,-94.67824621
48363,32.75310985,-98.31319001
37137,35.15253315,-76.66559823
28107,34.36398677,-89.95064249
48365,32.1639596,-94.30552481
8093,39.120926,-105.7182065
30067,45.48965095,-110.5264394
56029,44.52157546,-109.5852825
18121,39.77202286,-87.20375833
48367,32.77757172,-97.80500621
48369,34.52993409,-102.7844668
12101,28.30810945,-82.40227529
37139,36.26723798,-76.25134778
34031,41.03238628,-74.29954144
51141,36.6801638,-80.2865648
13223,33.91969522,-84.86848792
39125,41.11676341,-84.5801017
40117,36.31743373,-96.7033176
16075,44.00545243,-116.7647695
40119,36.07695283,-96.97584944
13225,32.56934316,-83.82937
28109,30.77090935,-89.58677275
48371,30.78097267,-102.7241261
38067,48.76623521,-97.5523809
29155,36.2130572,-89.78742322
53051,48.53234021,-117.2741804
37141,34.52265624,-77.90352133
21191,38.69607718,-84.35599463
54071,38.68314479,-79.35084086
27113,48.06642577,-96.0370814
46103,44.0025835,-102.8240777
23019,45.40194593,-68.65020455
17143,40.78702156,-89.76078901
55091,44.58307413,-91.99949611
37143,36.17847453,-76.40603143
1105,32.64048341,-87.29770589
5105,34.9459153,-92.94372564
17145,38.08510853,-89.36856219
18123,38.07809328,-86.63741946
21193,37.25023553,-83.22922731
28111,31.17161885,-88.99281835
29157,37.70660776,-89.82741088
39127,39.73508655,-82.23804971
42099,40.40206612,-77.26297447
47135,35.63708728,-87.86139634
32027,40.44003782,-118.4005641
37145,36.38989032,-78.97217358
2195,57.13978948,-132.9540995
51730,37.20530399,-77.39368102
29159,38.72798918,-93.28471706
29161,37.87736118,-91.79351727
31137,40.51156033,-99.41461667
42101,40.00338507,-75.1379271
5107,34.43268455,-90.84800154
8095,40.59414277,-102.3577703
20147,39.78465501,-99.34668865
17147,40.01360584,-88.59319339
39129,39.64170392,-83.0243386
1107,33.28094866,-88.08818103
13227,34.46589159,-84.46406611
45077,34.88807695,-82.72791551
47137,36.55606529,-85.077633
13229,31.35928155,-82.21598442
31139,42.26434853,-97.60122773
38069,48.24977025,-99.96407787
53053,47.03892768,-122.1405958
55093,44.71850291,-92.4224416
1109,31.80396383,-85.9408295
5109,34.16250414,-93.65789349
13231,33.09310242,-84.38790389
17149,39.62265059,-90.8877017
18125,38.40112197,-87.23574907
21195,37.47088263,-82.39487445
28113,31.17507789,-90.40392572
29163,39.34310674,-91.16980779
39131,39.07634001,-83.06769584
42103,41.33155042,-75.03208106
4019,32.0971334,-111.7890033
4021,32.90525627,-111.3449483
27115,46.12105238,-92.74070188
12103,27.93130349,-82.72239666
27117,44.02301619,-96.25841142
23021,45.83839062,-69.2860223
8097,39.21720112,-106.9310027
37147,35.59535426,-77.37353178
40121,34.92065823,-95.7513432
51143,36.81980341,-79.39731264
6061,39.06167234,-120.7240569
22075,29.42245447,-89.60322085
29165,39.38154439,-94.77068479
31141,41.57246836,-97.52144359
56031,42.13299116,-104.966331
54073,39.37091679,-81.16771771
6063,40.00355989,-120.8395236
19149,42.737633,-96.21366621
25023,41.94070556,-70.80802823
19151,42.73420133,-94.67862564
54075,38.32758728,-80.00993811
5111,35.57433534,-90.66268713
22077,30.71409502,-91.60209535
5113,34.48254879,-94.22728802
12105,27.95027105,-81.69732947
13233,34.00267074,-85.18677781
19153,41.68679484,-93.57767461
27119,47.77372465,-96.40134647
29167,37.6162296,-93.39828174
31143,41.18813488,-97.56630712
37149,35.27820615,-82.16812354
41053,44.90322804,-123.4128888
47139,35.12245443,-84.52075859
48373,30.79472531,-94.8276624
55095,45.46130348,-92.44182875
30073,48.22773388,-112.2252703
28115,34.226046,-89.03636807
40123,34.72959848,-96.68337199
5115,35.44871474,-93.03212219
17151,37.41391284,-88.56152109
27121,45.58606667,-95.44451209
51735,37.14259351,-76.35798148
39133,41.16793482,-81.19735782
55097,44.47558711,-89.50152965
18127,41.45986947,-87.06848888
51740,36.85914825,-76.35971629
18129,38.02097333,-87.86480429
20149,39.37925655,-96.34564657
40125,35.20614018,-96.94923008
19155,41.33640314,-95.53907776
42105,41.74471626,-77.89559864
48375,35.40133773,-101.893964
21197,37.83218794,-83.82553961
16077,42.69254894,-112.8395742
19157,41.68625425,-92.53155731
51145,37.55016038,-77.91267882
5117,34.83624419,-91.55162157
20151,37.64780729,-98.73922153
39135,39.7420247,-84.64787018
28117,34.61810501,-88.51986294
26141,45.34018577,-83.91498656
54077,39.46770987,-79.66712803
55099,45.68051754,-90.3609888
51147,37.22554789,-78.43597949
51149,37.18497668,-77.22922187
24033,38.83070039,-76.8496441
51153,38.70916224,-77.48713689
2198,55.76261984,-133.0511621
44007,41.87064746,-71.57753536
8099,37.95544985,-102.3926052
8101,38.17359144,-104.5127437
5119,34.77054088,-92.31355101
13235,32.23334561,-83.4754996
17153,37.22631423,-89.13085001
18131,41.04166107,-86.69890683
21199,37.10466131,-84.57629079
29169,37.82462075,-92.20783203
51155,37.06474963,-80.71229738
40127,34.41635232,-95.37603505
12107,29.60779729,-81.74230285
13237,33.32056115,-83.37552891
18133,39.66437981,-86.84517605
36079,41.42630093,-73.74965532
39137,41.02094889,-84.1336111
47141,36.14005459,-85.50646123
54079,38.50782345,-81.9082131
35037,35.10403332,-103.5481727
24035,39.06198912,-76.03530977
13239,31.86728114,-85.01773177
28119,34.25157572,-90.28908
13241,34.88389445,-83.40304637
55101,42.74753117,-88.05941254
51750,37.12222899,-80.5602732
48379,32.87109387,-95.79232691
54081,37.76936795,-81.2456041
29173,39.52817427,-91.51838643
27123,45.01625271,-93.09872295
38071,48.26886249,-98.72223879
48381,34.96585996,-101.8971322
1111,33.29526734,-85.45708831
5121,36.3415714,-91.02455531
13243,31.76622818,-84.75732369
17157,38.05095369,-89.82512254
18135,40.15734772,-85.01139319
29175,39.44007257,-92.4971374
37151,35.71015088,-79.80570339
54083,38.769899,-79.87919615
28121,32.26469147,-89.94537876
38073,46.45621782,-97.65742504
22079,31.19778499,-92.52997303
51157,38.68295619,-78.15826963
30081,46.08520862,-114.1189164
29177,39.3537468,-93.98905745
27125,47.87197525,-96.09561104
22081,32.09530039,-93.34213308
48387,33.61886692,-95.04841765
31145,40.1755688,-100.476998
27127,44.40555844,-95.25207021
48389,31.32323325,-103.6903896
48391,28.3238976,-97.15766311
20155,37.95230263,-98.08607292
36083,42.71348136,-73.51089874
27129,44.72836381,-94.94553734
38075,48.71982533,-101.6603912
20157,39.82799632,-97.65036709
29179,37.36085952,-90.97009925
47143,35.60536161,-84.93076643
20159,38.34616184,-98.19992118
27131,44.3543376,-93.29658715
17159,38.71240969,-88.08475366
22083,32.41391005,-91.76634876
30083,47.78668011,-104.5610786
38077,46.26440649,-96.94852979
39139,40.77180308,-82.5379961
45079,34.01791263,-80.90267209
55103,43.3762778,-90.43012729
13245,33.35777107,-82.07026432
37153,35.00417719,-79.74491009
51159,37.937575,-76.72920628
51760,37.53255773,-77.47966921
20161,39.28935726,-96.73420026
35039,36.51072137,-106.6931674
8103,39.97913541,-108.2179009
8105,37.5836865,-106.3847838
18137,39.10235626,-85.26212744
29181,36.65460667,-90.85990261
54085,39.18094587,-81.06356878
6065,33.74314981,-115.9933578
47145,35.84923189,-84.52458689
54087,38.71622686,-81.35243568
51161,37.26865804,-80.06396753
51770,37.27791025,-79.96189766
46109,45.62975048,-96.94672673
48393,35.83809685,-100.813175
47147,36.52454807,-86.87346725
48395,31.02539637,-96.51272246
37155,34.64244496,-79.1025053
27133,43.67482683,-96.25296832
55105,42.67151616,-89.071479
17161,41.46613806,-90.57042164
51163,37.81204314,-79.44605905
21203,37.36642393,-84.31176452
13247,33.65145002,-84.02202167
33015,42.98499744,-71.12883377
37157,36.39593137,-79.77504841
51165,38.51006137,-78.87260325
36087,41.15027894,-74.02560498
48397,32.89779518,-96.40771592
40131,36.37004357,-95.60406759
38079,48.77245354,-99.84097493
20163,39.35022773,-99.32484567
30085,48.29607488,-105.0079268
35041,34.02097406,-103.4799493
26143,44.33473082,-84.61067651
27135,48.77501878,-95.81079919
39141,39.33705391,-83.06000914
8107,40.48596505,-106.9905548
21205,38.19484205,-83.42088935
37159,35.64003916,-80.52446628
48399,31.8314342,-99.97616148
18139,39.62002287,-85.4655599
48401,32.10773545,-94.76176432
55107,45.47498854,-91.1333012
1113,32.28725256,-85.18415324
21207,36.99308373,-85.06070117
51167,36.9302832,-82.10095486
37161,35.40114178,-81.92112099
47149,35.84591405,-86.4107263
50021,43.57723578,-73.03741676
22085,31.56388699,-93.55433981
48403,31.34318809,-93.85440451
19161,42.38624071,-95.10547892
6067,38.45106826,-121.3425374
23023,43.95415864,-69.85074999
26145,43.33433923,-84.0513121
8109,38.08054629,-106.282466
34033,39.58719656,-75.3469663
51775,37.2836193,-80.06219455
5125,34.64916145,-92.67583224
17165,37.75332999,-88.54119706
20169,38.78369175,-97.65185177
29195,39.13734288,-93.20259964
31151,40.52418865,-97.14085859
49035,40.66616532,-111.9216011
45081,34.00795823,-81.72713237
37163,34.98820368,-78.36914061
48405,31.39457611,-94.17000399
6069,36.60308176,-121.069975
6071,34.84060306,-116.1774685
6073,33.03484597,-116.7365326
6075,37.75215114,-122.4385672
48407,30.57933681,-95.16260304
6077,37.93433732,-121.2730061
8111,37.76248981,-107.6763289
35045,36.50838318,-108.320437
49037,37.62762978,-109.8033714
53055,48.60182783,-122.96745
6079,35.38822029,-120.4039028
6081,37.4228808,-122.3275546
8113,38.00450883,-108.4020725
35047,35.48014807,-104.8163562
48409,28.00880118,-97.51763891
46111,44.02351092,-98.0909816
35043,35.68862401,-106.8687803
39143,41.35624126,-83.137872
17167,39.75836914,-89.65872023
26151,43.42406072,-82.82055898
6083,34.65329488,-120.0188492
6085,37.23104908,-121.6970462
4023,31.52508998,-110.8479088
6087,37.05580291,-122.0066524
35049,35.50708973,-105.9774716
12113,30.6934145,-87.02458128
12115,27.18546175,-82.33174248
36091,43.10904162,-73.86653895
38081,46.10830372,-97.63217159
31153,41.11314181,-96.11156432
55111,43.42574087,-89.94966132
31155,41.2278103,-96.63773905
55113,45.87931905,-91.14504927
36093,42.81668777,-74.05278291
13249,32.2654021,-84.31258912
36095,42.58831742,-74.4433903
26153,46.19235734,-86.19972234
17169,40.1571798,-90.61114163
36097,42.39184015,-76.8773299
42107,40.70497338,-76.2150785
39145,38.80270163,-82.98907345
29199,40.45214695,-92.14709064
37165,34.8386299,-79.4757978
5127,34.85588887,-94.0632176
18143,38.68672078,-85.74627859
19163,41.63935978,-90.61959493
20171,38.48222076,-100.9066539
21209,38.29622293,-84.5816631
27139,44.6490231,-93.53340251
28123,32.4067041,-89.53789439
29201,37.05588075,-89.56474493
47151,36.42325673,-84.50360494
51169,36.71466456,-82.60171704
31157,41.85070896,-103.7080986
13251,32.74976524,-81.60779441
48415,32.74613808,-100.9162664
5129,35.9109364,-92.69936482
5131,35.19605503,-94.27162713
20173,37.6842718,-97.4608198
12117,28.7158582,-81.24060348
13253,30.93464824,-84.86823924
40133,35.16478725,-96.61686741
36099,42.78081007,-76.82497064
39147,41.12351311,-83.12783209
47153,35.36979721,-85.41022136
40135,35.49447108,-94.75463785
5133,33.99780401,-94.2424869
47155,35.78077323,-83.52244332
20175,37.19324632,-100.8507201
31159,40.87241834,-97.139673
48417,32.73587756,-99.35401337
28125,32.88149103,-90.8159538
5135,36.16258158,-91.47819342
6089,40.76391419,-122.0396884
55115,44.78902246,-88.76443896
20177,39.04100763,-95.7557264
55117,43.72099677,-87.94579284
1117,33.26879845,-86.66232561
17173,39.39133527,-88.80611122
18145,39.52305623,-85.7915857
19165,41.6850066,-95.31015553
21211,38.21476019,-85.194223
29205,39.79742518,-92.07634971
39149,40.33163494,-84.20258189
47157,35.1864775,-89.89692423
48419,31.79211404,-94.14550696
51171,38.85905135,-78.56813762
27141,45.44447208,-93.77617511
20179,39.35018161,-100.4418259
56033,44.79048913,-106.8862389
20181,39.35147699,-101.7197624
31163,41.22045983,-98.97588642
41055,45.41501554,-120.6827834
48421,36.27751473,-101.8933156
26155,42.953928,-84.14585902
27143,44.5796592,-94.23164924
35051,33.13028233,-107.1925893
30093,45.90018933,-112.6620092
21213,36.74058474,-86.58047435
28127,31.91282117,-89.91716179
19167,43.08221074,-96.1767568
38085,46.11323337,-101.0440149
6093,41.59198861,-122.5407434
2220,57.24124555,-135.3206587
53057,48.48171488,-121.766131
53059,46.02408726,-121.9164403
38087,46.44737738,-103.4601547
20183,39.78516566,-98.78566062
28129,32.01744532,-89.50644846
47159,36.25359775,-85.95411046
48423,32.37474036,-95.2717568
51173,36.84455636,-81.53344948
53061,48.04615983,-121.7170703
42109,40.77129231,-77.06840691
35053,34.00715494,-106.9298354
6095,38.26827353,-121.9357113
23025,45.51229767,-69.95995554
24039,38.1163542,-75.75118623
34035,40.56465737,-74.61683016
42111,39.97172723,-79.02699593
6097,38.52746429,-122.8862506
51175,36.72231125,-77.10642712
2240,63.87692095,-143.2127643
,38.99617072,-110.7013958
90049,37.85447192,-111.4418764
13255,33.26310031,-84.28013991
45083,34.92960077,-81.99225984
18147,38.01519732,-87.0079644
21215,38.03223971,-85.32749335
46115,44.93837606,-98.34626602
53063,47.62113146,-117.4046494
51177,38.18574462,-77.655399
22087,29.87761636,-89.51887093
22089,29.90709658,-90.35555967
29183,38.77875681,-90.66662425
1115,33.71902176,-86.31029372
17163,38.46996033,-89.93063427
26147,42.92655373,-82.67937954
29185,38.03699437,-93.77631447
55109,45.03437474,-92.45000068
5123,35.02201976,-90.74828138
29187,37.81214171,-90.47598685
22091,30.82210324,-90.71013176
22093,30.02531716,-90.80212061
22095,30.12597499,-90.4753503
12109,29.90096506,-81.43589967
18141,41.61756781,-86.29040834
26149,41.91441767,-85.52797979
22097,30.59724262,-92.00135806
36089,44.4976179,-75.06550039
27137,47.6048407,-92.46879855
29189,38.6377004,-90.4458375
29510,38.63555736,-90.24349225
12111,27.37763908,-80.47106649
22099,30.13112107,-91.61403569
22101,29.69262097,-91.44702164
24037,38.30058422,-76.6062928
22103,30.40942847,-89.95642711
20185,38.03100851,-98.71762001
51179,38.41758738,-77.45917053
6099,37.55862499,-120.9970722
46117,44.41381872,-100.7349153
37167,35.31647813,-80.25093221
20187,37.56304714,-101.7843534
31167,41.9169835,-97.19394708
17175,41.09309773,-89.79745866
38089,46.80851182,-102.6576326
39151,40.81482476,-81.36437305
18149,41.27890281,-86.64686895
48427,26.56150059,-98.73892358
51790,38.15965544,-79.05979937
29186,37.89090059,-90.1949941
27145,45.55192576,-94.61078221
27147,44.02240351,-93.22627088
13257,34.55151201,-83.29405315
40137,34.48556989,-97.85141892
48429,32.73553157,-98.83631615
17177,42.35129217,-89.662598
18151,41.64423868,-85.00101094
36101,42.2689144,-77.3829924
20189,37.1923008,-101.3118967
27149,45.58613007,-96.00163705
53065,48.40035475,-117.8542701
13259,32.07996777,-84.83208037
47161,36.50235092,-87.83920548
30095,45.67071407,-109.3950061
29207,36.85571651,-89.9444155
37169,36.4017975,-80.23893369
5137,35.86251946,-92.15684085
28131,30.79187949,-89.11547539
29209,36.75000327,-93.45256475
32029,39.44875482,-119.5250207
19169,42.03621213,-93.46499005
33017,43.291833,-71.02336013
38093,46.97962541,-98.95637318
56035,42.76558279,-109.9130922
25025,42.3279514,-71.07850442
36103,40.88320119,-72.8012172
51800,36.70155394,-76.63603554
18153,39.08952258,-87.41414469
29211,40.2099105,-93.11150106
33019,43.36094111,-72.22203125
36105,41.71579493,-74.76394559
42113,41.44634738,-76.51246591
47163,36.51240691,-82.30412917
46119,44.71571812,-100.1278092
54089,37.65390597,-80.86009693
8117,39.63803232,-106.1150762
39153,41.12464734,-81.53123079
49043,40.86688146,-110.9535882
20191,37.23682549,-97.47721621
47165,36.46824103,-86.45917204
1119,32.59117397,-88.19916205
12119,28.70181754,-82.0794267
13261,32.03650571,-84.19821492
45085,33.91826534,-80.37942316
28133,33.60192578,-90.58882684
37171,36.41689489,-80.69102283
51181,37.11781893,-76.88450012
42115,41.82147784,-75.80071959
10005,38.66143781,-75.39031349
34037,41.13891592,-74.69118243
51183,36.92432914,-77.25791182
6101,39.03417539,-121.6945899
12121,30.19746066,-82.9909967
37173,35.48665845,-83.48748932
56037,41.65943896,-108.8827882
27151,45.2829032,-95.68264092
48437,34.53028891,-101.7349174
18155,38.82767338,-85.03022429
13263,32.69642758,-84.53351366
24041,38.76618159,-76.10882561
13265,33.56543317,-82.88136816
1121,33.37823223,-86.16886178
28135,33.95339918,-90.1729398
1123,32.86698258,-85.79833053
19171,42.07991767,-92.53266945
29213,36.65465345,-93.04075153
22105,30.62888673,-90.40664996
35055,36.58006022,-105.6310198
48439,32.77143818,-97.29101614
28137,34.65133709,-89.94485778
13267,32.04785085,-82.05539188
12123,30.04848048,-83.60445406
13269,32.55792548,-84.25077141
19173,40.73710579,-94.69778563
21217,37.3677562,-85.3329931
48441,32.30163422,-99.89007449
54091,39.33602617,-80.0421439
17179,40.50716185,-89.51404662
51185,37.12191123,-81.56685568
6103,40.12570935,-122.2370171
13271,31.92829517,-82.93491155
8119,38.88133511,-105.1614893
22107,32.00760749,-91.32915234
22109,29.37343766,-90.82626855
13273,31.77527543,-84.44069698
48445,33.17402785,-102.3354521
16081,43.75303583,-111.2056773
56039,43.93522482,-110.5890801
29215,37.31728859,-91.96564727
40139,36.74777635,-101.4889765
13275,30.86392347,-83.91847289
31171,41.91358968,-100.5556632
31173,42.15725356,-96.54157099
53067,46.9291895,-122.8290656
13277,31.45743864,-83.5236119
41057,45.46248721,-123.712066
40141,34.37288446,-98.92426619
36107,42.16852837,-76.30835812
42117,41.77255149,-77.25433032
28139,34.76872156,-88.90988194
18157,40.38872739,-86.89413959
18159,40.31123252,-86.05234925
47167,35.501942,-89.73694895
28141,34.74023475,-88.23917219
48449,33.21339719,-94.96797273
21219,36.8381152,-87.17878374
27153,46.06996226,-94.89785296
46121,43.19338568,-100.7195503
9013,41.85853803,-72.3308481
48451,31.40464436,-100.462443
36109,42.44945765,-76.47229843
49045,40.44862644,-113.1295715
30101,48.65577551,-111.6942414
13279,32.12059861,-82.32957247
35057,34.64048375,-105.8508949
13281,34.91369188,-83.7410746
38097,47.45367788,-97.16323288
37175,35.20383864,-82.79638423
27155,45.77298854,-96.47062949
48453,30.33432034,-97.7853562
55121,44.30360275,-91.35893614
13283,32.40422134,-82.56904553
,40.12491499,-109.5174415
21221,36.80767017,-87.87333656
21223,38.61056487,-85.33775972
6105,40.6491767,-123.114713
48455,31.0879489,-95.1367187
13285,33.03349196,-85.02812115
47169,36.39026213,-86.16087954
39155,41.31735028,-80.76109643
54093,39.11240885,-79.57053576
6107,36.22026558,-118.8020203
40143,36.11939621,-95.94013939
28143,34.64967704,-90.37481167
6109,38.02644018,-119.9525093
13287,31.71612656,-83.62069378
46125,43.3109081,-97.14865776
1125,33.28726072,-87.52556818
39157,40.44214695,-81.47226262
26157,43.46606813,-83.41897025
13289,32.67435595,-83.43078662
16083,42.35440512,-114.6685381
48457,30.77031716,-94.37690895
54095,39.46811972,-80.88772676
37177,35.87147226,-76.17055253
56041,41.2878183,-110.5475782
36111,41.89027881,-74.26252104
41059,45.59073056,-118.7353826
90001,,
90002,,
90004,,
90005,,
90006,,
90008,,
90009,,
90010,,
90012,,
90013,,
90015,,
90016,,
90017,,
90018,,
90019,,
90020,,
90021,,
90022,,
90023,,
90024,,
90025,,
90026,,
90027,,
90028,,
90029,,
90030,,
90031,,
90032,,
90033,,
90034,,
90035,,
90036,,
90037,,
90038,,
90039,,
90040,,
90041,,
90042,,
90044,,
90045,,
90046,,
90047,,
90048,,
90049,,
90050,,
90051,,
90053,,
90054,,
90055,,
90056,,
47171,36.10890856,-82.43709629
5139,33.16887091,-92.59746952
12125,30.04412971,-82.37497443
13291,34.82995757,-83.98967069
17181,37.47119609,-89.25548938
18161,39.62550777,-84.92497066
19175,41.0277278,-94.24234847
21225,37.66166713,-87.94300009
22111,32.83121059,-92.3749373
28145,34.49162015,-89.00776006
34039,40.65835409,-74.30680092
35059,36.48126404,-103.4709624
37179,34.98960527,-80.52955873
39159,40.30016061,-83.37239023
41061,45.30915495,-118.0068979
42119,40.96188846,-77.05996014
45087,34.68835752,-81.61730349
46127,42.83112163,-96.6557828
47173,36.28590426,-83.83651902
48459,32.73706798,-94.93999853
54097,38.89285061,-80.23689136
13293,32.87920671,-84.30024826
49049,40.1166722,-111.6657662
48463,29.35739637,-99.76229172
48465,29.89149232,-101.1525205
35061,34.71669834,-106.8103733
16085,44.76728382,-115.5676773
31175,41.56730777,-98.98197724
5141,35.58095779,-92.51295036
19177,40.75326764,-91.95017958
26159,42.25190229,-86.01939087
47175,35.69864497,-85.45221699
39161,40.8554138,-84.591117
48467,32.56483801,-95.83766469
37181,36.36880673,-78.40670845
18163,38.02658833,-87.58763124
42121,41.40323442,-79.75845449
6111,34.44465746,-119.0910613
17183,40.18417171,-87.73384359
22113,29.83517605,-92.30292538
18165,39.8523352,-87.46160542
22115,31.10884837,-93.18153838
29217,37.8457799,-94.34127305
55123,43.59422667,-90.8324691
48469,28.79780988,-96.96813006
18167,39.42944561,-87.39169027
55125,46.05467334,-89.51719204
39163,39.25208988,-82.4831444
51810,36.73285734,-76.04566934
12127,29.05858895,-81.18263252
17185,38.44272901,-87.84922065
18169,40.84704239,-85.79328272
27157,44.28424356,-92.23121312
20197,38.95471985,-96.20350509
27159,46.58589171,-94.96968506
40145,35.96024096,-95.51911308
53069,46.2918004,-123.4250831
37183,35.78879266,-78.65249174
12129,30.16548905,-84.39895211
23027,44.4858305,-69.12061935
1127,33.80270512,-87.30027177
13295,34.73376362,-85.30165174
48471,30.73872995,-95.57440968
53071,46.23040051,-118.4775539
48473,30.01058447,-95.99011759
41063,45.57894064,-117.183538
38099,48.36876964,-97.72574783
28147,31.14971548,-90.10446654
12131,30.64204028,-86.16935664
13297,33.78017694,-83.73552314
46129,45.43019636,-100.0307514
55127,42.66858202,-88.54163073
19179,41.03064984,-92.40954728
38101,48.22390169,-101.5436763
13299,31.05449097,-82.42224148
13301,33.41146451,-82.67795848
17187,40.84925021,-90.6147432
18171,40.34728141,-87.35602659
19181,41.33559454,-93.56007641
21227,36.99903045,-86.42672751
28149,32.35810271,-90.83352619
29219,38.76529479,-91.16124662
34041,40.85951833,-74.99556527
36113,43.56173026,-73.8433699
37185,36.39728256,-78.10652228
39165,39.42581994,-84.16557457
42123,41.81304978,-79.26969577
47177,35.6728299,-85.77969117
51187,38.90847745,-78.20280433
18173,38.08922676,-87.2716085
49051,40.33110236,-111.1691419
41065,45.16292781,-121.1670954
27161,44.02211116,-93.58720034
56043,43.90451606,-107.680187
55129,45.89838588,-91.79050449
1129,31.4092794,-88.20689944
5143,35.976844,-94.21800746
8121,39.97015535,-103.202587
12133,30.61359259,-85.66002461
13303,32.96711864,-82.79357039
16087,44.45275475,-116.7847688
17189,38.35309213,-89.40982703
18175,38.60219804,-86.1049363
19183,41.33577126,-91.71725711
20201,39.78420784,-97.0875323
21229,37.75599461,-85.17407732
22117,30.85288548,-90.03866652
23029,45.01607142,-67.62813524
24043,39.60835778,-77.82002295
27163,45.03864533,-92.88429635
28151,33.28392041,-90.94196237
29221,37.96130078,-90.87948158
31177,41.52815707,-96.22019892
36115,43.31153794,-73.43043448
37187,35.83810081,-76.57299037
39167,39.45690571,-81.49121382
40147,36.71380786,-95.90514104
41067,45.55972701,-123.0955257
42125,40.19208869,-80.24582867
44009,41.45961631,-71.61435303
47179,36.29472368,-82.4945472
48477,30.21498498,-96.40946246
50023,44.27343241,-72.61604978
51191,36.72341572,-81.95666289
55131,43.36863664,-88.22974712
40149,35.29071824,-98.99180434
32031,40.66562265,-119.6631594
26161,42.253105,-83.83853204
37189,36.23103603,-81.70033724
27165,43.97823903,-94.61413846
55133,43.01833055,-88.30431188
55135,44.47068056,-88.96534501
55137,44.11324419,-89.24317107
13305,31.5521809,-81.91894878
17191,38.42955355,-88.42586459
18177,39.8633444,-85.01044989
19185,40.73969028,-93.32752197
21231,36.80310688,-84.8251971
26163,42.28098405,-83.281255
28153,31.64135687,-88.69573913
31179,42.20934475,-97.11926964
36117,43.15494365,-77.02976528
37191,35.36438125,-78.00027268
39169,40.82925852,-81.88844833
42127,41.64938475,-75.29956506
47181,35.23868267,-87.78644456
54099,38.14901357,-82.42287994
51820,38.06451466,-78.90293905
47183,36.29896232,-88.71990865
48479,27.7610369,-99.33237355
,41.27116049,-111.9145117
13307,32.04066113,-84.54742852
19187,42.42853483,-94.17987389
21233,37.52168356,-87.67989953
22119,32.70847669,-93.33121835
28155,33.61300486,-89.28392912
29225,37.2813734,-92.876329
31181,40.17642643,-98.50019851
8123,40.55499405,-104.3929621
18179,40.72934187,-85.22132966
38103,47.58614526,-99.65904998
22121,30.46058217,-91.30989571
22123,32.78550125,-91.461201
22125,30.87882871,-91.4148538
36119,41.16278376,-73.75741653
42129,40.3137798,-79.46615476
51193,38.11021557,-76.80213247
54103,39.6065771,-80.6401654
26165,44.33853602,-85.57712739
48481,29.27765923,-96.22319248
53073,48.82227976,-121.7490018
30107,46.46652491,-109.8464636
13309,32.12009104,-82.72574721
48483,35.40114335,-100.2699514
5145,35.25688493,-91.74908296
13311,34.64624278,-83.74905525
17193,38.08706198,-88.17657461
18181,40.74911165,-86.86492015
47185,35.92929884,-85.45591799
32033,39.44157041,-114.899966
17195,41.75509713,-89.91556058
13313,34.80987459,-84.96093476
18183,41.13863784,-85.50791236
21235,36.75700531,-84.14541217
53075,46.90022523,-117.5241763
48485,33.98842886,-98.7041034
24045,38.37301947,-75.62705831
48487,34.07945812,-99.24178437
1131,31.98773215,-87.30891118
13315,31.97496928,-83.43438555
13317,33.78290391,-82.74286107
37193,36.2084135,-81.16232895
27167,46.35721532,-96.4684375
13319,32.80291082,-83.17140684
28157,31.16078225,-91.31018819
17197,41.44619267,-87.97862712
48489,26.47411727,-97.61535848
38105,48.34522353,-103.4793387
39171,41.56052014,-84.58429552
45089,33.62190129,-79.72767442
51830,37.28131268,-76.70905141
17199,37.73033511,-88.92994027
47187,35.89099229,-86.89281867
48491,30.64655664,-97.6004854
20205,37.55937174,-95.74323255
37195,35.70625477,-77.917978
47189,36.15496772,-86.29775884
48493,29.1732598,-98.08693082
51840,39.17054517,-78.17325058
9015,41.82972709,-71.98182316
50025,42.986982,-72.71268875
50027,43.58010937,-72.58595157
48495,31.85008651,-103.0485163
22127,31.94449367,-92.63789413
17201,42.33641854,-89.16085327
19189,43.37751174,-93.73407298
55139,44.06886922,-88.64477096
19191,43.29094334,-91.84422722
27169,43.98772283,-91.78081305
1133,34.15030532,-87.37325922
28159,33.08747908,-89.03391385
54105,39.02775007,-81.37473928
48497,33.21570665,-97.65460265
51195,36.9746148,-82.62410519
39173,41.36224827,-83.62285108
48499,32.78722382,-95.38236368
54107,39.20967886,-81.5162836
55141,44.45537896,-90.04158336
19193,42.38979414,-96.0459439
17203,40.78579374,-89.20973757
21239,38.04178222,-84.7417556
5147,35.18902527,-91.2439489
40151,36.76705782,-98.86573064
20207,37.8865336,-95.74006277
40153,36.42316318,-99.26283045
24047,38.21274277,-75.33200012
25027,42.35026951,-71.90493363
13321,31.55162306,-83.85090513
19195,43.37750768,-93.26087602
29227,40.47945588,-94.42328751
19197,42.73305373,-93.73515113
27171,45.17297924,-93.96234781
29229,37.27029221,-92.46914488
39175,40.84339621,-83.30734173
20209,39.11727348,-94.76378225
36121,42.70145109,-78.22199579
42131,41.51955538,-76.01074915
54109,37.612327,-81.54511071
51197,36.91582035,-81.07834059
37197,36.16222629,-80.66239436
53077,46.45738486,-120.7380126
28161,34.02824175,-89.7076205
41071,45.23330449,-123.3086963
37199,35.90079156,-82.31237181
46135,43.00924485,-97.39467635
36123,42.63505484,-77.10369919
4025,34.59933926,-112.5538588
28163,32.77890365,-90.39656148
5149,35.00292371,-93.41171338
27173,44.71710183,-95.86842453
30111,45.93955949,-108.2691486
48501,33.17320212,-102.8276433
6113,38.68278902,-121.9018288
23031,43.47808377,-70.71052375
31185,40.87272618,-97.59710186
42133,39.9210089,-76.73040131
45091,34.97281497,-81.18085944
51199,37.24374789,-76.54412815
48503,33.17659707,-98.68790885
6115,39.26255932,-121.3535644
2290,65.50815459,-151.3907387
4027,32.76895712,-113.9066674
8125,40.00346839,-102.4258673
48505,27.00156391,-99.16987152
48507,28.86617238,-99.76050829
46137,44.97881876,-101.6654622
,53.9333,-116.5765
,18.2206,-63.0686
,31.8257,117.2264
,12.5211,-69.9683
,-35.4735,149.0124
,40.1824,116.4142
,32.3078,-64.7505
,12.1784,-68.2385
,53.7267,-127.6476
,18.4207,-64.64
,19.3133,-81.2546
,49.3723,-2.3644
,30.0572,107.874
,12.1696,-68.99
,,
88888,,
,-51.7963,-59.5236
,61.8926,-6.9118
,4,-53
,-17.6797,-149.4068
,26.0789,117.9874
,37.8099,101.0583
,36.1408,-5.3536
,,
99999,,
,71.7069,-42.6043
,16.265,-61.551
66,13.4443,144.7937
,23.3417,113.4244
,23.8298,108.7881
,26.8154,106.8748
,19.1959,109.7453
,39.549,116.1306
,47.862,127.7615
,33.882,113.614
,22.3,114.2
,30.9756,112.2707
,27.6104,111.7088
,44.0935,113.9448
,54.2361,-4.5481
,32.9711,119.455
,27.614,115.7221
,43.6661,126.1923
,41.2956,122.6085
,22.1667,113.55
,53.7609,-98.8139
,14.6415,-61.0242
,-12.8275,45.166244
,16.742498,-62.187366
,46.5653,-66.4619
,-20.904305,165.618042
,-33.8688,151.2093
,53.1355,-57.6604
,37.2692,106.1655
69,15.0979,145.6739
,-12.4634,130.8456
,64.8255,-124.8457
,44.682,-63.7443
,51.2538,-85.3232
,46.5107,-63.4168
72,18.2208,-66.5901
,35.7452,95.9956
,52.9399,-73.5491
,-27.4698,153.0251
,,
,,
,-21.1151,55.5364
,17.9,-62.8333
,46.8852,-56.3159
,52.9399,-106.4509
,35.1917,108.8701
,36.3427,118.1498
,31.202,121.4491
,37.5777,112.2922
,30.6171,102.7103
,18.0425,-63.0548
,-34.9285,138.6007
,18.0708,-63.0501
,-42.8821,147.3272
,39.3054,117.323
,31.6927,88.0924
,21.694,-71.7979
,-37.8136,144.9631
78,18.3358,-64.8963
,-31.9505,115.8605
,41.1129,85.2401
,64.2823,-135
,24.974,101.487
,29.1832,120.0934
,33.93911,67.709953
,41.1533,20.1683
,28.0339,1.6596
,42.5063,1.5218
,-11.2027,17.8739
,17.0608,-61.7964
,-38.4161,-63.6167
,40.0691,45.0382
,47.5162,14.5501
,40.1431,47.5769
,25.025885,-78.035889
,26.0275,50.55
,23.685,90.3563
,13.1939,-59.5432
,53.7098,27.9534
,50.8333,4.469936
,17.1899,-88.4976
,9.3077,2.3158
,27.5142,90.4336
,-16.2902,-63.5887
,43.9159,17.6791
,-22.3285,24.6849
,-14.235,-51.9253
,4.5353,114.7277
,42.7339,25.4858
,12.2383,-1.5616
,21.9162,95.956
,-3.3731,29.9189
,16.5388,-23.0418
,11.55,104.9167
,3.848,11.5021
,6.6111,20.9394
,15.4542,18.7322
,-35.6751,-71.543
,4.5709,-74.2973
,-11.6455,43.3333
,-4.2634,15.2832
,-4.322447,15.307045
,9.7489,-83.7534
,7.54,-5.5471
,45.1,15.2
,21.521757,-77.781167
,35.1264,33.4299
,49.8175,15.473
,56.2639,9.5018
,,
,11.8251,42.5903
,15.415,-61.371
,18.7357,-70.1627
,-1.8312,-78.1834
,26.820553,30.802498
,13.7942,-88.8965
,1.6508,10.2679
,15.1794,39.7823
,58.5953,25.0136
,-26.5225,31.4659
,9.145,40.4897
,-17.7134,178.065
,61.92411,25.748151
,46.2276,2.2137
,-0.8037,11.6094
,13.4432,-15.3101
,42.3154,43.3569
,51.165691,10.451526
,7.9465,-1.0232
,39.0742,21.8243
,12.1165,-61.679
,15.7835,-90.2308
,9.9456,-9.6966
,11.8037,-15.1804
,4.860416,-58.93018
,18.9712,-72.2852
,41.9029,12.4534
,15.2,-86.2419
,47.1625,19.5033
,64.9631,-19.0208
,20.593684,78.96288
,-0.7893,113.9213
,32.427908,53.688046
,33.223191,43.679291
,53.1424,-7.6921
,31.046051,34.851612
,41.87194,12.56738
,18.1096,-77.2975
,36.204824,138.252924
,31.24,36.51
,48.0196,66.9237
,-0.0236,37.9062
,35.907757,127.766922
,42.602636,20.902977
,29.31166,47.481766
,41.20438,74.766098
,19.85627,102.495496
,56.8796,24.6032
,33.8547,35.8623
,6.428055,-9.429499
,26.3351,17.228331
,47.14,9.55
,55.1694,23.8813
,49.8153,6.1296
,,
,-18.766947,46.869107
,-13.254308,34.301525
,4.210484,101.975766
,3.2028,73.2207
,17.570692,-3.996166
,35.9375,14.3754
,21.0079,-10.9408
,-20.348404,57.552152
,23.6345,-102.5528
,47.4116,28.3699
,43.7333,7.4167
,46.8625,103.8467
,42.708678,19.37439
,31.7917,-7.0926
,-18.665695,35.529562
,-22.9576,18.4904
,28.1667,84.25
,52.1326,5.2913
,-40.9006,174.886
,12.865416,-85.207229
,17.607789,8.081666
,9.082,8.6753
,41.6086,21.7453
,60.472,8.4689
,21.512583,55.923255
,30.3753,69.3451
,8.538,-80.7821
,-6.314993,143.95555
,-23.4425,-58.4438
,-9.19,-75.0152
,12.879721,121.774017
,51.9194,19.1451
,39.3999,-8.2245
,25.3548,51.1839
,45.9432,24.9668
,61.52401,105.318756
,-1.9403,29.8739
,17.357822,-62.782998
,13.9094,-60.9789
,12.9843,-61.2872
,43.9424,12.4578
,0.18636,6.613081
,23.885942,45.079162
,14.4974,-14.4524
,44.0165,21.0059
,-4.6796,55.492
,8.460555,-11.779889
,1.2833,103.8333
,48.669,19.699
,46.1512,14.9955
,5.152149,46.199616
,-30.5595,22.9375
,6.877,31.307
,40.463667,-3.74922
,7.873054,80.771797
,12.8628,30.2176
,3.9193,-56.0278
,60.128161,18.643501
,46.8182,8.2275
,34.802075,38.996815
,23.7,121
,38.861034,71.276093
,-6.369028,34.888822
,15.870032,100.992541
,-8.874217,125.727539
,8.6195,0.8248
,10.6918,-61.2225
,33.886917,9.537499
,38.9637,35.2433
,1.373333,32.290275
,48.3794,31.1656
,23.424076,53.847818
,55.3781,-3.436
,-32.5228,-55.7658
,41.377491,64.585262
,6.4238,-66.5897
,14.058324,108.277199
,31.9522,35.2332
,24.2155,-12.8858
,15.552727,48.516388
,-13.133897,27.849332
,-19.015438,29.154857