,Cases 0-4 years,Hospital 0-4 years,Deaths 0-4 years,Cases 5-14 years,Hospital 5-14 years,Deaths 5-14 years,Cases 15-24 years,Hospital 15-24 years,Deaths 15-24 years,Cases 25-34 years,Hospital 25-34 years,Deaths 25-34 years,Cases 35-44 years,Hospital 35-44 years,Deaths 35-44 years,Cases 45-54 years,Hospital 45-54 years,Deaths 45-54 years,Cases 55-64 years,Hospital 55-64 years,Deaths 55-64 years,Cases 65-74 years,Hospital 65-74 years,Deaths 65-74 years,Cases 75-84 years,Hospital 75-84 years,Deaths 75-84 years,Cases 85+ years,Hospital 85+ years,Deaths 85+ years,Cases Unknown,Hospital Unknown,Deaths Unknown,Cases_smooth,Hospital_smooth,Deaths_smooth,Cases,Hospital,Deaths
2020-04-01,25,1,0,44,2,0,521,12,0,1045,39,1,1046,82,2,1200,128,3,1140,173,8,923,205,22,559,176,31,188,72,20,3,0,0,33501.47239032295,3812.7996849008964,257.5132461467112,31634.73339939165,3743.5919497686205,284.2332901796723
2020-04-02,34,1,0,54,3,0,661,17,0,1340,50,2,1346,108,4,1575,166,3,1520,220,12,1222,279,39,688,230,44,247,93,40,7,0,0,37275.99009502225,4463.743301795783,417.4057331092476,36505.75460110082,4509.833126086603,460.3062462582611
2020-04-03,37,2,0,63,3,0,738,17,0,1549,60,2,1510,123,4,1824,183,4,1723,251,14,1398,316,45,781,263,53,290,116,48,12,0,0,41043.833986206126,5114.6505105310225,577.4900829478444,40601.99995915883,5166.0613173917,605.5591345408261
2020-04-04,43,2,0,74,3,0,829,17,0,1751,65,3,1714,138,5,2057,201,5,1940,266,16,1546,351,50,874,294,63,331,133,53,14,0,0,44804.90453396848,5765.521004311976,737.7696668199685,44709.386366738865,5791.277696676415,749.9945873262675
2020-04-05,51,3,0,78,3,0,880,18,0,1867,71,3,1841,144,7,2205,208,6,2080,280,20,1655,371,54,943,315,70,348,141,61,13,1,0,48559.22774171865,6416.3399133135,898.2395362646788,48350.94673390512,6365.4683983306595,895.6071646550873
2020-04-06,55,3,0,84,3,0,957,18,0,2076,83,3,2037,157,8,2438,228,8,2302,305,26,1835,426,62,1034,337,81,382,159,66,14,1,0,52306.9013079643,7067.084476212287,1058.8892493728501,52451.77688806572,7019.611241491381,1048.3861600617279
2020-04-07,59,3,0,96,3,0,1017,21,0,2237,87,3,2208,174,10,2638,242,10,2501,331,27,1975,472,67,1127,376,100,424,183,79,20,2,0,56048.100841159045,7717.737982202483,1219.7056737717141,56382.043291533984,7682.689768881162,1210.3183650847213
2020-04-08,59,3,0,103,3,0,1096,26,0,2356,95,4,2358,188,11,2811,257,10,2657,364,32,2102,517,70,1202,418,108,468,209,88,22,2,0,59783.03409961029,8368.293420156338,1380.6743331159612,60150.93564419883,8359.696952886326,1357.3893862171774
2020-04-09,68,4,0,114,3,0,1155,28,0,2516,108,4,2538,203,12,3003,291,13,2854,402,35,2236,569,80,1277,456,127,538,232,100,24,2,0,63511.9081615277,9018.752927767004,1541.7794413841307,64071.63023302772,9064.634653827901,1525.583683452878
2020-04-10,72,6,0,124,4,0,1238,31,0,2663,117,4,2702,227,11,3225,322,16,3045,430,41,2389,617,94,1376,492,142,590,248,111,24,2,0,67234.93482940838,9669.124188977426,1703.0050959154178,68023.28709401847,9751.509901664402,1693.8858247890978
2020-04-11,77,6,0,135,4,0,1307,32,0,2783,121,5,2837,235,12,3424,334,17,3250,448,49,2523,645,96,1444,521,152,642,259,115,23,2,0,70952.3357907196,10319.409984232223,1864.3333550938278,71842.03965834036,10351.324154761602,1841.2787389480886
2020-04-12,81,6,0,155,4,0,1385,34,0,2931,125,5,2968,242,12,3595,338,18,3393,455,49,2619,657,101,1509,537,158,673,272,118,28,2,0,74664.30589513754,10969.596292466864,2025.7418108597442,75550.94739406784,10905.061126307159,1976.741596264208
2020-04-13,87,6,0,167,5,0,1467,37,0,3097,131,5,3140,255,12,3818,360,20,3575,487,53,2729,693,107,1563,564,170,724,301,132,27,2,0,78370.5454854381,11619.654365772903,2187.217972680996,79419.62959366142,11562.689518747336,2135.264196622272
2020-04-14,91,6,0,171,5,0,1519,42,0,3156,144,6,3224,277,14,3929,394,21,3683,525,58,2811,738,134,1609,594,189,764,323,149,27,2,0,82067.0080365089,12269.559101591356,2348.8624303581264,82812.82494457069,12260.192063455492,2327.9461059010955
2020-04-15,95,6,0,178,5,0,1577,43,0,3271,156,6,3357,293,14,4086,430,24,3849,560,63,2921,774,144,1693,635,201,811,345,162,27,2,0,85735.16290061995,12919.330885447134,2511.2360097965243,86474.10784330175,12947.650736586342,2492.3243771116254
2020-04-16,101,6,0,191,5,0,1627,46,0,3388,169,7,3478,318,14,4242,463,25,4000,591,72,3026,825,160,1752,665,208,851,370,182,18,0,0,89234.20322462817,13565.021764975507,2676.945965598398,89921.80510151823,13641.798257759876,2670.68308135225
2020-04-17,108,6,0,204,5,0,1736,49,0,3593,187,7,3723,336,14,4492,489,28,4236,636,80,3154,856,172,1848,694,226,931,391,199,41,0,0,92673.48772530838,14208.223083045963,2843.484933334359,93902.5594680044,14315.734818691171,2853.750110518208
2020-04-18,112,6,0,215,5,0,1792,52,0,3703,189,7,3823,348,14,4629,503,30,4362,649,82,3240,874,182,1905,717,229,977,402,204,39,0,0,96050.17366006234,14848.710546858098,3010.835529193047,97170.22715368385,14892.25555512488,3001.49648000117
2020-04-19,113,6,0,223,5,0,1851,53,0,3841,192,8,3924,357,15,4769,510,30,4490,659,84,3331,890,189,1988,731,236,1028,410,212,40,0,0,99362.86215628595,15486.58719606218,3178.99282262075,100455.05732334389,15438.490733622571,3153.909608892616
2020-04-20,119,7,0,236,5,0,1911,56,0,3940,206,9,4038,374,15,4892,539,31,4615,697,87,3412,923,199,2048,756,248,1075,437,234,43,0,0,102611.85371268037,16122.23018230743,3347.9501235823363,103617.85725689384,16101.842029848476,3329.9795531631908
2020-04-21,130,8,0,257,5,0,1947,61,0,4043,213,9,4164,394,18,4996,572,32,4758,736,90,3509,962,212,2134,803,259,1147,472,247,42,0,0,105798.30102708234,16755.967335869307,3517.631146546428,106797.11694770836,16802.651982081887,3501.631273031755
2020-04-22,136,8,0,265,5,0,1999,63,0,4142,226,9,4237,401,21,5108,600,37,4863,780,97,3583,1013,223,2195,858,279,1209,501,261,54,0,0,108924.271413605,17387.929792991727,3687.887818424283,109794.08034222192,17505.060180987,3689.7239117270265
2020-04-23,146,8,0,285,5,0,2083,63,0,4290,235,9,4397,428,22,5301,625,40,5042,805,105,3673,1039,234,2280,896,294,1298,536,283,48,0,0,111992.39593764138,18018.146572247373,3858.6011126098224,113133.39791522303,18162.09285341193,3878.1500299864992
2020-04-24,153,8,0,299,5,0,2183,64,0,4426,243,9,4526,444,21,5439,652,42,5182,832,110,3758,1079,244,2340,933,308,1354,557,312,47,0,0,115005.3613901192,18646.631879842676,4029.6888673125527,116241.55930137227,18809.75404497658,4065.8462248200226
2020-04-25,159,8,0,309,5,0,2203,64,0,4473,243,9,4559,446,21,5495,654,42,5227,838,112,3790,1085,246,2364,938,311,1370,568,314,47,0,0,117965.75046992912,19273.47059911374,4201.10506324327,118733.66922054313,19311.110675196767,4203.792047436237
2020-04-26,161,8,0,323,6,0,2278,65,0,4581,247,10,4687,452,22,5616,669,42,5319,856,114,3848,1099,247,2400,959,321,1406,596,318,61,0,0,120875.88112791597,19898.933783806333,4372.863139218567,121581.32002487958,19887.411137826413,4352.027507742598
2020-04-27,166,8,0,338,7,0,2335,65,0,4656,250,10,4783,454,22,5731,674,44,5414,861,116,3912,1111,247,2471,979,327,1458,601,322,26,0,0,123738.50317025077,20523.461446480025,4545.027673567732,124317.35059129453,20408.071563223028,4495.637497064291
2020-04-28,169,9,0,345,7,0,2371,66,0,4753,256,11,4867,465,23,5835,702,47,5526,906,122,3998,1161,262,2556,1024,355,1545,626,351,21,0,0,126556.86238066043,21147.3226714865,4717.61805422248,127104.02567639411,21087.352059329918,4708.657926055786
2020-04-29,169,10,0,351,9,0,2395,69,0,4780,263,11,4913,481,23,5891,723,49,5577,946,124,4052,1188,275,2586,1063,371,1585,667,365,19,0,0,129335.18818566656,21770.466017128612,4890.514741941848,129494.78318562351,21751.20561627007,4885.990501751256
2020-04-30,174,11,0,367,9,0,2426,70,0,4843,270,12,4980,489,24,5956,744,51,5649,972,128,4114,1227,287,2629,1094,386,1644,703,380,19,0,0,132078.6551313927,22392.695400955887,5063.498641962247,132009.11729120734,22387.442569607174,5066.444630055373
2020-05-01,184,11,0,385,9,0,2522,75,0,5008,278,12,5142,503,26,6131,763,53,5829,1001,133,4233,1266,301,2689,1134,399,1687,727,390,19,0,0,134792.67534814315,23013.807531027076,5236.313711784147,135045.71222728654,23030.863247306923,5242.796436433704
2020-05-02,185,11,0,399,9,0,2588,76,0,5103,282,12,5223,513,27,6259,778,54,5935,1033,137,4336,1304,312,2768,1168,412,1741,771,410,18,0,0,137482.5079997377,23633.776323835165,5408.745306369647,137761.900067226,23673.447162938734,5422.860836779315
2020-05-03,190,11,0,406,9,0,2636,78,0,5186,285,12,5318,515,27,6347,788,55,6016,1046,140,4397,1325,314,2857,1194,418,1793,784,413,12,0,0,140154.1550464366,24252.999091123664,5580.687335802032,140341.70862095844,24227.599075880917,5567.557020056887
2020-05-04,195,12,0,420,10,0,2723,80,0,5314,287,12,5443,521,27,6476,800,56,6138,1060,143,4484,1343,321,2926,1211,423,1838,795,417,12,0,0,142814.07495643018,24872.13038359959,5752.097890271311,143121.63544206,24775.981366291766,5716.869074997095
2020-05-05,203,13,0,431,10,0,2764,86,0,5389,302,12,5493,534,27,6543,821,59,6218,1092,153,4566,1378,335,2975,1261,441,1902,833,444,8,0,0,145468.8046424245,25491.53820037291,5922.862479423862,145611.25612955904,25451.97187362944,5917.719765988402
2020-05-06,205,13,0,443,10,0,2812,90,0,5461,312,12,5567,550,28,6631,845,65,6285,1140,159,4612,1423,347,3033,1310,464,1961,864,464,10,0,0,148124.32110525278,26111.068517836495,6092.806398185731,148108.56182375975,26144.43488637858,6113.974295815091
2020-05-07,210,15,0,454,10,0,2883,96,0,5564,319,12,5680,566,30,6759,870,66,6407,1181,163,4691,1461,360,3119,1340,480,2036,907,489,10,0,0,150785.0261426703,26730.2455535943,6261.756468115469,150876.93659730518,26817.938509388427,6302.484554757046
2020-05-08,213,15,0,461,11,0,2908,100,0,5649,328,12,5732,575,30,6811,893,68,6456,1213,167,4718,1487,373,3137,1369,502,2060,938,517,27,0,0,153453.36578526115,27348.54171505208,6429.556303968658,153218.8356381426,27447.021652075608,6498.103151528631
2020-05-09,223,15,0,475,12,0,2985,103,0,5774,343,14,5842,587,31,6919,911,69,6567,1250,168,4805,1524,382,3203,1388,518,2110,960,533,23,0,0,156131.42528609102,27965.620853243232,6596.096942706012,155964.48831132628,28075.402635714938,6669.719191558079
2020-05-10,228,16,0,480,12,0,3028,105,0,5857,349,14,5918,590,31,7011,915,69,6661,1262,168,4866,1540,382,3264,1404,523,2159,978,534,42,0,0,158821.66031729273,28581.398400014274,6761.370484674714,158554.65665925218,28617.01387940628,6800.317138480152
2020-05-11,230,16,0,484,12,0,3049,105,0,5921,351,14,5974,595,31,7070,921,70,6720,1267,169,4910,1554,383,3293,1416,526,2195,987,542,42,0,0,161526.0522975838,29195.915959380007,6925.390881289938,160942.92431511302,29132.905752548137,6937.912842975865
2020-05-12,237,16,0,510,12,0,3173,111,0,6096,361,14,6096,606,31,7216,937,73,6855,1301,173,5000,1596,393,3356,1451,535,2225,1027,560,40,0,0,164246.0507106889,29809.06814133761,7088.020737020404,163886.80647439207,29789.03699292198,7104.397504691537
2020-05-13,243,16,0,520,12,0,3212,113,0,6170,375,14,6165,623,31,7297,961,73,6932,1332,175,5050,1624,404,3390,1480,549,2252,1059,581,5,0,0,166983.03064688033,30420.22989151584,7248.976513161058,166362.2437713216,30426.891551505243,7273.524993893928
2020-05-14,250,16,0,528,14,0,3286,116,0,6288,381,14,6281,637,31,7424,976,74,7060,1364,179,5132,1649,412,3479,1510,558,2301,1086,607,9,0,0,169738.34931320735,31028.259356673923,7407.924463808597,169225.34861651188,31039.408170919032,7440.996513925623
2020-05-15,260,16,0,559,14,0,3354,119,0,6436,388,14,6422,658,32,7547,1002,74,7183,1406,182,5234,1679,417,3552,1550,577,2380,1127,621,13,0,0,172513.1682535267,31631.958829109033,7564.577162076506,172207.6091122707,31704.41785191049,7600.554364095747
2020-05-16,264,17,0,568,15,0,3407,123,0,6541,391,14,6521,666,33,7658,1035,77,7320,1437,184,5294,1721,432,3598,1587,590,2423,1154,634,13,0,0,175308.2539073522,32230.518047043133,7718.773977435362,174974.75957078394,32342.13829587041,7763.064154550524
2020-05-17,276,17,0,592,16,0,3479,124,0,6651,397,14,6639,672,33,7780,1043,77,7425,1445,184,5373,1736,433,3663,1614,593,2476,1166,639,15,0,0,178124.35684084555,32823.75116066072,7870.5457983477245,177858.12446643988,32872.450556771735,7885.576050082644
2020-05-18,290,17,0,629,16,0,3577,126,0,6812,406,14,6786,678,33,7890,1054,77,7543,1457,184,5439,1747,439,3706,1626,598,2525,1177,652,11,0,0,180962.3199001212,33411.909621763836,8020.126529321142,180841.33489697883,33388.66627819056,8021.322093713501
2020-05-19,305,19,0,656,17,0,3628,128,0,6875,416,13,6874,693,33,7958,1072,77,7596,1494,190,5485,1792,449,3746,1663,617,2555,1200,673,6,0,0,183826.26824576454,33995.24532695232,8167.82782681695,183484.37627833366,34017.04744319616,8186.585350581662
2020-05-20,314,22,0,677,17,0,3681,133,0,6965,425,13,6955,710,34,8048,1100,79,7644,1524,192,5531,1825,457,3795,1697,628,2579,1228,693,8,0,0,186739.4407190141,34573.77828814575,8313.958660333492,186185.2431268642,34638.60463970365,8339.625600043652
2020-05-21,336,23,0,713,19,0,3783,136,0,7134,444,14,7130,733,35,8243,1138,81,7813,1574,197,5654,1870,462,3882,1742,640,2683,1266,715,10,1,0,189770.7456499261,35147.42287293496,8458.782275258962,189576.00173192506,35334.25389723021,8495.658199216534
2020-05-22,355,24,0,733,20,0,3856,142,0,7260,455,13,7253,740,35,8367,1160,83,7936,1602,203,5711,1900,467,3932,1772,648,2737,1301,741,10,1,0,193035.6204942359,35715.99461774248,8602.462471814535,192569.2189534306,35931.819659326815,8648.816310586608
2020-05-23,364,26,0,758,22,0,3933,148,0,7352,464,13,7362,749,36,8476,1181,86,8029,1632,207,5784,1940,476,3980,1806,658,2767,1341,757,9,1,0,196610.7000802077,36279.247657095984,8745.04224002512,195473.95347542164,36547.06755219947,8798.138781399997
2020-05-24,378,27,0,788,23,0,4019,148,0,7481,468,13,7489,759,36,8608,1191,86,8124,1644,207,5840,1955,477,4017,1817,660,2797,1349,758,6,0,0,200449.6407852097,36836.978854642606,8886.541266038063,198463.4481966534,37035.79943440022,8907.653014590716
2020-05-25,389,27,0,828,24,0,4147,148,0,7672,470,13,7646,763,36,8711,1201,86,8234,1651,209,5901,1961,482,4053,1826,664,2813,1353,762,20,0,0,204424.39015605074,37389.214930501126,9027.055605243866,201602.61303225972,37492.016926169315,9027.446730651913
2020-05-26,399,28,0,841,24,0,4204,149,0,7743,471,13,7722,769,36,8795,1207,86,8299,1660,209,5962,1971,484,4089,1839,667,2841,1364,764,21,0,0,208418.66498190092,37936.15323953155,9166.717743454246,204393.05494803903,37958.842071739586,9138.62382381052
2020-05-27,402,30,0,851,25,0,4235,153,0,7816,476,13,7790,781,37,8847,1219,88,8364,1684,210,5990,2018,497,4111,1866,686,2855,1387,788,22,0,0,212404.6079727098,38477.882316026,9305.614342849867,207065.66492435252,38520.284760462935,9302.236872182035
2020-05-28,413,32,0,874,26,0,4303,156,1,7933,488,13,7898,795,39,8933,1241,88,8462,1716,214,6035,2038,504,4150,1894,697,2897,1409,808,20,0,0,216399.37724307022,39014.313198110576,9443.813379887077,210024.27237621258,39076.193431562715,9450.325109348425
2020-05-29,431,33,0,924,27,0,4439,162,1,8166,498,13,8126,816,39,9138,1264,89,8626,1738,220,6101,2074,513,4215,1930,711,2930,1440,827,18,0,0,220427.49718867027,39545.363016536874,9581.373365474683,213606.09573257391,39658.36747916236,9601.925532273472
2020-05-30,447,33,0,970,27,0,4560,170,1,8329,505,13,8295,833,39,9264,1275,90,8766,1761,223,6152,2089,519,4260,1956,715,2965,1463,847,21,1,0,224508.87148043304,40071.29312923477,9718.368437217328,217368.56742208643,40179.74009182167,9738.09568346222
2020-05-31,459,32,0,1015,27,0,4639,170,1,8459,515,13,8415,839,39,9375,1284,90,8870,1778,224,6214,2100,520,4305,1968,716,2989,1476,848,24,1,0,228658.435096415,40593.261127487254,9854.906964863902,222385.05018679332,40642.83193183621,9843.927303957254
2020-06-01,467,32,0,1046,28,0,4734,170,1,8575,515,13,8537,843,39,9474,1287,90,8962,1782,224,6273,2104,523,4334,1980,719,3002,1489,851,11,1,0,232889.261665768,41113.67849082342,9991.191410348725,228575.5804514541,41067.232588743296,9954.59920588765
2020-06-02,480,32,0,1068,29,0,4812,173,1,8668,529,14,8629,864,41,9566,1308,93,9033,1821,230,6325,2135,534,4371,2004,737,3039,1516,880,10,1,0,237219.65369879972,41635.31190517357,10127.417289770154,234523.54748280495,41630.94938736741,10126.277619338252
2020-06-03,505,33,0,1139,29,0,4975,173,1,8928,539,15,8842,876,42,9755,1325,95,9208,1844,233,6424,2150,541,4433,2023,747,3072,1532,892,12,1,0,241686.8667437284,42160.20300601655,10263.693695770291,240644.75870990398,42127.49299619047,10264.03710576966
2020-06-04,536,35,0,1207,31,0,5161,176,1,9185,549,16,9075,892,42,9982,1345,95,9382,1865,237,6538,2169,548,4492,2041,760,3125,1548,908,18,1,0,246364.91693512409,42689.61124270458,10400.061414801026,246561.64369995112,42639.7327419328,10406.893611962198
2020-06-05,564,35,0,1285,32,0,5349,181,1,9389,560,16,9331,913,43,10175,1367,96,9543,1889,241,6624,2191,559,4544,2059,776,3169,1566,928,20,1,0,251465.4623592437,43224.254049455514,10536.500113062228,252235.7147925521,43169.23517775937,10561.808844126273
2020-06-06,605,36,0,1346,33,0,5538,184,1,9648,568,16,9544,924,44,10378,1381,97,9687,1902,243,6698,2208,570,4583,2074,785,3201,1580,932,18,1,0,258664.8685377361,43764.64926361635,10672.973561848452,257851.62702546298,43656.97950972643,10691.725296378705
2020-06-07,630,36,0,1395,33,0,5683,186,1,9890,572,16,9725,929,44,10572,1387,97,9836,1913,245,6778,2214,573,4640,2085,788,3250,1586,936,17,1,0,271456.4403383634,44311.080511623615,10809.510303682517,263419.5960316542,44103.871616557415,10805.609010373553
2020-06-08,663,36,0,1437,33,0,5843,187,1,10089,577,16,9847,938,43,10714,1395,97,9942,1925,246,6851,2227,576,4693,2091,791,3283,1598,942,16,1,0,285202.2229219139,44863.12756942813,10946.284437163693,268839.8296035788,44573.37372313232,10919.492652742663
2020-06-09,688,38,0,1499,33,0,6018,194,1,10291,593,16,10007,954,44,10880,1424,99,10080,1954,250,6910,2250,581,4728,2114,807,3331,1630,967,16,1,0,297405.71532477485,45420.12238186409,11083.618923797778,274435.9583308849,45163.727900443955,11074.470261466957
2020-06-10,713,41,0,1570,33,0,6236,202,1,10584,599,16,10204,970,45,11062,1446,100,10227,1988,252,7012,2272,585,4784,2141,818,3370,1652,984,17,1,0,308815.0699200856,45982.07729869683,11222.046599750844,280358.7920699466,45749.802978301195,11212.726735007831
2020-06-11,753,42,0,1633,35,0,6571,209,1,10932,619,17,10464,983,47,11301,1470,102,10418,2029,255,7108,2312,594,4833,2172,827,3426,1699,1005,17,1,0,319904.62088852294,46549.538990912624,11362.110763093155,286695.80099358514,46416.801508660654,11362.432941624782
2020-06-12,793,43,0,1733,36,0,6897,214,1,11335,628,17,10800,995,47,11557,1494,105,10607,2050,257,7225,2329,599,4907,2200,833,3467,1716,1018,20,1,0,330852.9397745108,47123.317004280165,11504.194547952598,293406.31392285856,47007.39009017062,11494.71563254963
2020-06-13,852,45,0,1827,38,0,7290,217,1,11821,645,17,11173,1008,48,11868,1508,109,10847,2074,261,7356,2363,607,4991,2228,839,3540,1747,1043,24,1,0,341739.4209637975,47704.43783574964,11648.424033793623,301605.581166734,47643.015098503885,11646.650260033855
2020-06-14,883,46,0,1937,38,0,7686,224,1,12273,649,17,11506,1014,48,12173,1520,111,11050,2087,261,7489,2376,609,5056,2233,840,3573,1754,1044,24,1,0,352614.40682886407,48294.22356196178,11794.573650436127,319074.4661032429,48186.973470406956,11757.317403557085
2020-06-15,925,46,0,2014,38,0,8024,228,1,12679,655,17,11786,1023,49,12417,1527,111,11218,2107,261,7592,2389,610,5107,2240,843,3603,1761,1046,23,1,0,363530.9031165205,48894.226370785625,11942.168325778428,338523.2240703178,48740.970236964735,11869.957744390773
2020-06-16,985,47,0,2139,40,0,8451,235,2,13321,669,17,12254,1041,50,12770,1550,113,11532,2133,266,7771,2421,617,5203,2275,855,3675,1795,1073,27,0,0,374547.00311157585,49505.77328174307,12090.994554964762,356517.0530513993,49417.77308555752,12032.20999033483
2020-06-17,1023,48,0,2211,44,0,8945,240,2,13870,691,18,12713,1062,51,13140,1585,114,11809,2155,270,7912,2454,625,5300,2301,858,3723,1809,1080,30,0,0,385713.1634098443,50129.49023634326,12241.066392055445,373733.013789781,50092.64262243618,12167.398005770554
2020-06-18,1074,51,0,2292,44,0,9683,244,2,14612,712,18,13188,1083,51,13594,1620,115,12129,2188,277,8079,2487,633,5397,2327,871,3774,1821,1094,32,0,0,397057.31272376515,50775.58986506426,12392.50321879296,391397.0173974285,50779.769560176115,12325.17852847854
2020-06-19,1143,52,0,2438,45,0,10489,250,2,15519,730,18,13811,1108,52,14087,1658,115,12502,2223,281,8270,2513,642,5500,2354,886,3831,1841,1108,53,0,0,408783.9697300825,51513.27514413847,12545.461942929594,409600.2003124926,51483.56447465123,12488.55336758391
2020-06-20,1212,53,0,2590,46,0,11418,252,3,16446,751,18,14453,1132,54,14597,1680,119,12888,2245,282,8496,2540,648,5615,2381,898,3889,1859,1122,66,0,0,436935.25166597613,52436.918904166596,12700.164428049156,428009.1489604331,52162.773982520026,12654.100291912717
2020-06-21,1272,53,0,2704,46,0,12241,258,3,17274,759,18,15004,1147,55,15060,1691,119,13223,2264,283,8650,2555,652,5704,2393,903,3939,1871,1128,68,0,0,464574.8173697878,53456.51452142408,12857.008022480491,445844.3967667514,52782.607630524726,12800.420754699438
2020-06-22,1385,54,0,2939,46,0,13509,274,3,18736,783,18,15954,1180,55,15947,1736,121,13827,2312,287,8968,2602,672,5907,2426,919,4065,1905,1162,69,0,0,492015.14589454007,54430.71632298991,13016.642512937104,466369.0523274777,53595.2121543689,13007.867067635458
2020-06-23,1474,54,0,3131,49,0,14717,281,3,20092,803,18,16806,1210,58,16673,1775,122,14328,2355,293,9228,2650,681,6045,2469,933,4140,1928,1173,109,0,0,519512.74440641917,55344.977957258874,13179.871390659533,486159.78995416383,54397.02127684367,13184.352430185367
2020-06-24,1565,56,0,3266,51,0,15813,293,4,21350,816,19,17549,1230,59,17377,1808,123,14800,2393,300,9485,2678,693,6185,2498,941,4216,1952,1188,118,0,0,546990.3261363361,56228.04559992452,13347.38225010396,505506.6048275147,55163.12896200852,13363.825748583058
2020-06-25,1705,60,0,3553,52,0,17711,299,5,23495,825,19,19028,1266,59,18573,1838,125,15639,2424,302,9955,2717,701,6417,2519,949,4352,1987,1206,146,0,0,574439.1377778042,57101.37721791022,13524.550355808606,528802.1170541665,55978.182791733256,13537.712013518543
2020-06-26,1886,62,0,3853,53,0,19689,309,5,25815,836,19,20633,1285,59,19879,1858,127,16570,2449,304,10440,2739,708,6664,2544,956,4487,2001,1212,176,0,0,601861.1096542744,57976.155625225816,13741.530475983625,552951.4942913996,56865.84962545156,13698.452780339978
2020-06-27,2031,62,0,4099,53,0,21339,314,5,27760,842,19,22055,1296,59,21105,1878,129,17471,2463,304,10955,2755,713,6895,2561,962,4656,2020,1228,201,0,0,629249.8645964696,58857.13785427271,14013.786484529275,576209.0694845216,57877.68442841692,13866.365435957168
2020-06-28,2131,62,0,4297,54,0,22263,316,5,28940,852,20,22952,1315,59,21893,1895,130,18054,2486,308,11288,2776,715,7040,2571,972,4742,2027,1238,205,0,0,656581.6455787265,59745.17575977853,14292.984961216649,608087.481607833,58901.721569372225,14035.688379994364
2020-06-29,2239,62,0,4478,55,0,23385,321,5,30248,875,20,23928,1337,62,22777,1927,132,18728,2517,315,11700,2818,728,7240,2601,983,4853,2067,1260,205,0,0,683793.7710479809,60639.576549549805,14552.34212874081,640822.4899620018,59991.228154741555,14237.80115482735
2020-06-30,2361,65,0,4748,57,0,24596,329,5,31716,894,20,24990,1363,64,23744,1969,136,19441,2553,316,12091,2868,740,7434,2630,993,4944,2097,1276,223,0,0,710706.4984598062,61539.93702980488,14797.827486395441,674262.8701944232,61065.41213399374,14430.320282082823
2020-07-01,2571,67,0,5136,59,1,26398,350,5,33909,927,20,26682,1397,65,25257,2022,140,20580,2601,323,12694,2926,752,7730,2669,1009,5102,2132,1302,244,0,0,736674.8625348392,62446.66570053076,15038.51264465998,711329.3260870787,62207.2877574396,14648.92960540425
2020-07-02,2745,70,0,5523,59,1,28018,364,7,36055,965,20,28257,1424,68,26633,2080,142,21642,2673,333,13261,2981,765,8056,2712,1026,5258,2163,1322,270,0,0,759427.0550744738,63373.92076715228,15279.647261131984,747894.5214551354,63366.38706341855,14872.247591123474
2020-07-03,2906,73,0,5923,60,1,30261,373,7,38726,981,20,30198,1455,68,28332,2116,143,22889,2717,335,13847,3027,765,8348,2754,1034,5379,2179,1329,281,0,0,787118.5694910736,64432.420798599735,15524.276089304814,786528.741322075,64434.60267271932,15056.233518668916
2020-07-04,3102,73,0,6346,60,1,31990,382,7,40970,989,20,31931,1469,68,29886,2140,146,24029,2752,337,14420,3063,772,8612,2771,1040,5479,2196,1340,311,0,0,822587.0059443059,65715.66675167432,15771.445380270314,823822.3068426965,65419.06456913018,15294.337911244942
2020-07-05,3224,73,0,6623,60,1,32996,388,7,42305,993,21,32987,1488,69,30902,2159,149,24774,2778,342,14852,3085,784,8829,2804,1056,5561,2217,1349,323,0,0,859777.890423171,67045.31526466987,16013.633099573886,857313.2417698792,66374.51867221337,15617.06946029247
2020-07-06,3356,77,0,6910,62,1,34142,391,7,43675,1021,22,34076,1518,70,32065,2209,153,25708,2844,352,15417,3162,793,9165,2876,1073,5749,2265,1370,331,0,0,900923.7495367466,68363.51728031282,16237.353916522485,891305.4428152511,67509.19762975234,15959.004048732257
2020-07-07,3538,78,0,7326,62,1,35712,405,8,45609,1035,22,35699,1551,72,33736,2263,159,26966,2913,359,16066,3225,802,9551,2927,1084,5923,2299,1382,366,0,0,941594.1439167433,69672.32016147875,16436.252671021623,927013.7772669194,68533.39599971843,16261.792912319117
2020-07-08,3679,80,0,7690,63,2,37124,414,9,47463,1063,23,37183,1592,79,35114,2327,166,28095,2998,372,16665,3305,820,9857,2993,1125,6098,2332,1413,399,0,0,981790.0347827821,70975.62018237753,16650.434111221064,959989.4083710085,69675.34930901957,16623.086221586185
2020-07-09,3858,87,0,8117,65,2,38870,431,10,49743,1094,23,38982,1636,83,36980,2384,170,29511,3085,384,17492,3386,837,10331,3067,1150,6385,2367,1443,441,0,0,1021841.5373361922,72275.55173048459,16935.03173139407,994329.6560012712,71026.1364597946,16951.8898645832
2020-07-10,4035,90,0,8564,67,2,40440,440,10,51779,1125,23,40679,1688,86,38650,2432,176,30820,3171,396,18205,3455,852,10743,3138,1174,6585,2417,1478,484,0,0,1061844.1358366716,73573.17544025496,17264.5577115755,1030821.8439942859,72479.02494912616,17280.321226879023
2020-07-11,4211,91,0,9026,69,2,43166,446,11,55097,1143,24,43336,1714,86,41085,2458,178,32712,3206,398,19058,3511,868,11148,3188,1186,6773,2445,1489,507,0,0,1101808.9798856191,74868.78478810492,17603.08874403701,1076959.5106345166,73781.6729718997,17557.88509730039
2020-07-12,4399,94,0,9473,73,2,44962,449,11,57581,1155,25,45543,1738,89,43147,2485,181,34419,3245,400,19958,3550,872,11619,3235,1195,7047,2474,1502,519,0,0,1141737.4129280369,76161.97560829282,17944.744307768626,1121378.8750939523,75070.50555439643,17825.734871357527
2020-07-13,4553,97,0,9867,73,2,46312,461,12,59310,1183,26,47041,1768,93,44618,2524,189,35628,3313,418,20657,3625,900,12024,3304,1231,7213,2533,1538,566,0,0,1181804.517321856,77469.5550317999,18290.564282453706,1162325.9172893516,76523.76406847477,18199.973875730015
2020-07-14,4735,95,0,10279,73,2,47751,478,12,61158,1215,27,48792,1809,96,46331,2588,192,36932,3398,435,21405,3702,920,12448,3391,1265,7456,2585,1572,589,0,0,1221847.8618993983,78777.0688442014,18640.141976416842,1204175.8077034943,78056.7237605844,18554.23235485735
2020-07-15,4935,98,0,10813,74,2,49862,488,12,63915,1242,29,51092,1848,100,48609,2650,197,38730,3488,457,22385,3784,950,12971,3494,1315,7736,2659,1615,592,0,0,1261888.3265782723,80084.99909203121,18991.656327370503,1249668.8560827852,79633.55705005213,18952.63502592311
2020-07-16,5143,100,0,11254,76,2,51577,490,12,65970,1267,30,52978,1881,103,50476,2693,204,40204,3551,470,23284,3861,970,13488,3564,1353,8017,2708,1661,611,0,0,1301932.7133625094,81393.57812007872,19344.06656598899,1292743.5576442727,81088.39043276668,19323.23081045256
2020-07-17,5320,100,0,11713,76,2,53036,498,12,67767,1295,34,54679,1918,104,52195,2740,207,41553,3642,480,24080,3949,986,13963,3651,1382,8286,2763,1688,609,0,0,1341983.3164269046,82703.03996581523,19696.93993361058,1334647.4024643227,82619.81300923327,19656.060282391165
2020-07-18,5583,103,0,12338,78,2,54815,503,12,70030,1315,34,56723,1944,106,54200,2769,209,43194,3706,486,25084,4022,1000,14481,3712,1412,8526,2819,1721,638,0,0,1382041.2459995428,84013.71530078875,20050.105920401893,1378759.1485904367,84050.18529841109,19986.198217476736
2020-07-19,5769,105,0,12786,82,2,56341,517,12,71877,1323,35,58460,1968,109,55856,2806,211,44596,3756,495,25899,4091,1021,14915,3767,1445,8768,2848,1742,632,0,0,1422107.8126008795,85325.93632932098,20403.50795581261,1420744.4106975296,85434.23145493542,20319.72313316751
2020-07-20,5973,108,0,13254,87,2,57634,529,13,73571,1349,35,59969,2002,117,57381,2879,217,45841,3871,510,26661,4189,1043,15312,3849,1480,9001,2917,1789,647,0,0,1462185.5436922926,86639.92028987466,20757.141848136165,1461785.6179596193,87043.86118863375,20697.674423483935
2020-07-21,6149,114,0,13645,88,3,58969,542,13,75245,1377,35,61557,2042,119,58987,2941,225,47236,3956,526,27441,4261,1071,15758,3938,1514,9263,2984,1839,670,0,0,1502277.4007576988,87955.73300642202,21111.027661658907,1503155.6463106687,88600.08372812367,21081.041426030846
2020-07-22,6324,116,0,14106,90,3,60478,547,13,77012,1397,36,63292,2070,120,60678,2999,234,48567,4006,547,28206,4339,1107,16213,4033,1563,9513,3047,1895,702,0,0,1542385.9480447574,89273.33981686883,21465.197091088947,1545018.3068858623,90094.95795930742,21498.804491880182
2020-07-23,6577,121,0,14728,91,3,62230,561,14,79123,1430,39,65377,2117,122,62759,3058,240,50172,4118,564,29197,4459,1142,16789,4139,1598,9814,3131,1931,704,0,0,1582512.6253249678,90592.68409135252,21819.682645361114,1589086.622533854,91770.5616192607,21878.945352434108
2020-07-24,6810,127,0,15267,96,3,63894,579,14,81295,1451,39,67424,2171,124,64825,3122,243,51785,4218,573,30084,4557,1172,17341,4228,1632,10128,3181,1977,732,0,0,1622657.4388720884,91913.7049363749,22174.503479095005,1632888.8612871538,93370.9712239185,22248.446703463782
2020-07-25,7001,132,0,15759,99,3,65134,589,15,83001,1477,40,68967,2197,125,66397,3164,247,53068,4278,578,30738,4631,1196,17717,4278,1650,10296,3219,2000,766,0,0,1662819.8983277115,93236.33819901125,22529.6607537782,1673833.2133382757,94801.22446635868,22571.291920392596
2020-07-26,7156,133,0,16163,99,3,66330,595,15,84508,1494,40,70391,2216,126,67933,3194,249,54323,4324,590,31446,4689,1214,18130,4337,1673,10531,3251,2021,787,0,0,1702999.4326987765,94560.51753268542,22885.13839597324,1714370.5225439114,96166.31014424478,22894.46492202627
2020-07-27,7302,136,0,16542,105,3,67616,615,16,86188,1520,42,71869,2280,132,69498,3275,257,55663,4415,616,32159,4814,1250,18501,4438,1728,10741,3319,2073,788,0,0,,,,,,
