,New York,New Jersey,California,Texas,Florida,Massachusetts,Illinois,Pennsylvania,Michigan,Georgia,Louisiana,Arizona,Connecticut,Ohio,Maryland,Indiana,North Carolina,South Carolina,Virginia,Mississippi,Alabama,Colorado,Washington,Minnesota,Tennessee,Missouri,Nevada,Wisconsin,Iowa,Rhode Island,Kentucky,New Mexico,Oklahoma,Arkansas,District of Columbia,Delaware,Kansas,New Hampshire,Oregon,Utah,Puerto Rico,Nebraska,Idaho,West Virginia,South Dakota,North Dakota,Maine,Montana,Vermont,Hawaii,Wyoming,Alaska
2020-01-22,0,0,0,0,0,0,0,0,0,0,0,0,0,0,0,0,0,0,0,0,0,0,0,0,0,0,0,0,0,0,0,0,0,0,0,0,0,0,0,0,0,0,0,0,0,0,0,0,0,0,0,0
2020-01-23,0,0,0,0,0,0,0,0,0,0,0,0,0,0,0,0,0,0,0,0,0,0,0,0,0,0,0,0,0,0,0,0,0,0,0,0,0,0,0,0,0,0,0,0,0,0,0,0,0,0,0,0
2020-01-24,0,0,0,0,0,0,0,0,0,0,0,0,0,0,0,0,0,0,0,0,0,0,0,0,0,0,0,0,0,0,0,0,0,0,0,0,0,0,0,0,0,0,0,0,0,0,0,0,0,0,0,0
2020-01-25,0,0,0,0,0,0,0,0,0,0,0,0,0,0,0,0,0,0,0,0,0,0,0,0,0,0,0,0,0,0,0,0,0,0,0,0,0,0,0,0,0,0,0,0,0,0,0,0,0,0,0,0
2020-01-26,0,0,0,0,0,0,0,0,0,0,0,0,0,0,0,0,0,0,0,0,0,0,0,0,0,0,0,0,0,0,0,0,0,0,0,0,0,0,0,0,0,0,0,0,0,0,0,0,0,0,0,0
2020-01-27,0,0,0,0,0,0,0,0,0,0,0,0,0,0,0,0,0,0,0,0,0,0,0,0,0,0,0,0,0,0,0,0,0,0,0,0,0,0,0,0,0,0,0,0,0,0,0,0,0,0,0,0
2020-01-28,0,0,0,0,0,0,0,0,0,0,0,0,0,0,0,0,0,0,0,0,0,0,0,0,0,0,0,0,0,0,0,0,0,0,0,0,0,0,0,0,0,0,0,0,0,0,0,0,0,0,0,0
2020-01-29,0,0,0,0,0,0,0,0,0,0,0,0,0,0,0,0,0,0,0,0,0,0,0,0,0,0,0,0,0,0,0,0,0,0,0,0,0,0,0,0,0,0,0,0,0,0,0,0,0,0,0,0
2020-01-30,0,0,0,0,0,0,0,0,0,0,0,0,0,0,0,0,0,0,0,0,0,0,0,0,0,0,0,0,0,0,0,0,0,0,0,0,0,0,0,0,0,0,0,0,0,0,0,0,0,0,0,0
2020-01-31,0,0,0,0,0,0,0,0,0,0,0,0,0,0,0,0,0,0,0,0,0,0,0,0,0,0,0,0,0,0,0,0,0,0,0,0,0,0,0,0,0,0,0,0,0,0,0,0,0,0,0,0
2020-02-01,0,0,0,0,0,0,0,0,0,0,0,0,0,0,0,0,0,0,0,0,0,0,0,0,0,0,0,0,0,0,0,0,0,0,0,0,0,0,0,0,0,0,0,0,0,0,0,0,0,0,0,0
2020-02-02,0,0,0,0,0,0,0,0,0,0,0,0,0,0,0,0,0,0,0,0,0,0,0,0,0,0,0,0,0,0,0,0,0,0,0,0,0,0,0,0,0,0,0,0,0,0,0,0,0,0,0,0
2020-02-03,0,0,0,0,0,0,0,0,0,0,0,0,0,0,0,0,0,0,0,0,0,0,0,0,0,0,0,0,0,0,0,0,0,0,0,0,0,0,0,0,0,0,0,0,0,0,0,0,0,0,0,0
2020-02-04,0,0,0,0,0,0,0,0,0,0,0,0,0,0,0,0,0,0,0,0,0,0,0,0,0,0,0,0,0,0,0,0,0,0,0,0,0,0,0,0,0,0,0,0,0,0,0,0,0,0,0,0
2020-02-05,0,0,0,0,0,0,0,0,0,0,0,0,0,0,0,0,0,0,0,0,0,0,0,0,0,0,0,0,0,0,0,0,0,0,0,0,0,0,0,0,0,0,0,0,0,0,0,0,0,0,0,0
2020-02-06,0,0,0,0,0,0,0,0,0,0,0,0,0,0,0,0,0,0,0,0,0,0,0,0,0,0,0,0,0,0,0,0,0,0,0,0,0,0,0,0,0,0,0,0,0,0,0,0,0,0,0,0
2020-02-07,0,0,0,0,0,0,0,0,0,0,0,0,0,0,0,0,0,0,0,0,0,0,0,0,0,0,0,0,0,0,0,0,0,0,0,0,0,0,0,0,0,0,0,0,0,0,0,0,0,0,0,0
2020-02-08,0,0,0,0,0,0,0,0,0,0,0,0,0,0,0,0,0,0,0,0,0,0,0,0,0,0,0,0,0,0,0,0,0,0,0,0,0,0,0,0,0,0,0,0,0,0,0,0,0,0,0,0
2020-02-09,0,0,0,0,0,0,0,0,0,0,0,0,0,0,0,0,0,0,0,0,0,0,0,0,0,0,0,0,0,0,0,0,0,0,0,0,0,0,0,0,0,0,0,0,0,0,0,0,0,0,0,0
2020-02-10,0,0,0,0,0,0,0,0,0,0,0,0,0,0,0,0,0,0,0,0,0,0,0,0,0,0,0,0,0,0,0,0,0,0,0,0,0,0,0,0,0,0,0,0,0,0,0,0,0,0,0,0
2020-02-11,0,0,0,0,0,0,0,0,0,0,0,0,0,0,0,0,0,0,0,0,0,0,0,0,0,0,0,0,0,0,0,0,0,0,0,0,0,0,0,0,0,0,0,0,0,0,0,0,0,0,0,0
2020-02-12,0,0,0,0,0,0,0,0,0,0,0,0,0,0,0,0,0,0,0,0,0,0,0,0,0,0,0,0,0,0,0,0,0,0,0,0,0,0,0,0,0,0,0,0,0,0,0,0,0,0,0,0
2020-02-13,0,0,0,0,0,0,0,0,0,0,0,0,0,0,0,0,0,0,0,0,0,0,0,0,0,0,0,0,0,0,0,0,0,0,0,0,0,0,0,0,0,0,0,0,0,0,0,0,0,0,0,0
2020-02-14,0,0,0,0,0,0,0,0,0,0,0,0,0,0,0,0,0,0,0,0,0,0,0,0,0,0,0,0,0,0,0,0,0,0,0,0,0,0,0,0,0,0,0,0,0,0,0,0,0,0,0,0
2020-02-15,0,0,0,0,0,0,0,0,0,0,0,0,0,0,0,0,0,0,0,0,0,0,0,0,0,0,0,0,0,0,0,0,0,0,0,0,0,0,0,0,0,0,0,0,0,0,0,0,0,0,0,0
2020-02-16,0,0,0,0,0,0,0,0,0,0,0,0,0,0,0,0,0,0,0,0,0,0,0,0,0,0,0,0,0,0,0,0,0,0,0,0,0,0,0,0,0,0,0,0,0,0,0,0,0,0,0,0
2020-02-17,0,0,0,0,0,0,0,0,0,0,0,0,0,0,0,0,0,0,0,0,0,0,0,0,0,0,0,0,0,0,0,0,0,0,0,0,0,0,0,0,0,0,0,0,0,0,0,0,0,0,0,0
2020-02-18,0,0,0,0,0,0,0,0,0,0,0,0,0,0,0,0,0,0,0,0,0,0,0,0,0,0,0,0,0,0,0,0,0,0,0,0,0,0,0,0,0,0,0,0,0,0,0,0,0,0,0,0
2020-02-19,0,0,0,0,0,0,0,0,0,0,0,0,0,0,0,0,0,0,0,0,0,0,0,0,0,0,0,0,0,0,0,0,0,0,0,0,0,0,0,0,0,0,0,0,0,0,0,0,0,0,0,0
2020-02-20,0,0,0,0,0,0,0,0,0,0,0,0,0,0,0,0,0,0,0,0,0,0,0,0,0,0,0,0,0,0,0,0,0,0,0,0,0,0,0,0,0,0,0,0,0,0,0,0,0,0,0,0
2020-02-21,0,0,0,0,0,0,0,0,0,0,0,0,0,0,0,0,0,0,0,0,0,0,0,0,0,0,0,0,0,0,0,0,0,0,0,0,0,0,0,0,0,0,0,0,0,0,0,0,0,0,0,0
2020-02-22,0,0,0,0,0,0,0,0,0,0,0,0,0,0,0,0,0,0,0,0,0,0,0,0,0,0,0,0,0,0,0,0,0,0,0,0,0,0,0,0,0,0,0,0,0,0,0,0,0,0,0,0
2020-02-23,0,0,0,0,0,0,0,0,0,0,0,0,0,0,0,0,0,0,0,0,0,0,0,0,0,0,0,0,0,0,0,0,0,0,0,0,0,0,0,0,0,0,0,0,0,0,0,0,0,0,0,0
2020-02-24,0,0,0,0,0,0,0,0,0,0,0,0,0,0,0,0,0,0,0,0,0,0,0,0,0,0,0,0,0,0,0,0,0,0,0,0,0,0,0,0,0,0,0,0,0,0,0,0,0,0,0,0
2020-02-25,0,0,0,0,0,0,0,0,0,0,0,0,0,0,0,0,0,0,0,0,0,0,0,0,0,0,0,0,0,0,0,0,0,0,0,0,0,0,0,0,0,0,0,0,0,0,0,0,0,0,0,0
2020-02-26,0,0,0,0,0,0,0,0,0,0,0,0,0,0,0,0,0,0,0,0,0,0,0,0,0,0,0,0,0,0,0,0,0,0,0,0,0,0,0,0,0,0,0,0,0,0,0,0,0,0,0,0
2020-02-27,0,0,0,0,0,0,0,0,0,0,0,0,0,0,0,0,0,0,0,0,0,0,0,0,0,0,0,0,0,0,0,0,0,0,0,0,0,0,0,0,0,0,0,0,0,0,0,0,0,0,0,0
2020-02-28,0,0,0,0,0,0,0,0,0,0,0,0,0,0,0,0,0,0,0,0,0,0,0,0,0,0,0,0,0,0,0,0,0,0,0,0,0,0,0,0,0,0,0,0,0,0,0,0,0,0,0,0
2020-02-29,0,0,0,0,0,0,0,0,0,0,0,0,0,0,0,0,0,0,0,0,0,0,1,0,0,0,0,0,0,0,0,0,0,0,0,0,0,0,0,0,0,0,0,0,0,0,0,0,0,0,0,0
2020-03-01,0,0,0,0,0,0,0,0,0,0,0,0,0,0,0,0,0,0,0,0,0,0,1,0,0,0,0,0,0,0,0,0,0,0,0,0,0,0,0,0,0,0,0,0,0,0,0,0,0,0,0,0
2020-03-02,0,0,0,0,0,0,0,0,0,0,0,0,0,0,0,0,0,0,0,0,0,0,6,0,0,0,0,0,0,0,0,0,0,0,0,0,0,0,0,0,0,0,0,0,0,0,0,0,0,0,0,0
2020-03-03,0,0,0,0,0,0,0,0,0,0,0,0,0,0,0,0,0,0,0,0,0,0,7,0,0,0,0,0,0,0,0,0,0,0,0,0,0,0,0,0,0,0,0,0,0,0,0,0,0,0,0,0
2020-03-04,0,0,1,0,0,0,0,0,0,0,0,0,0,0,0,0,0,0,0,0,0,0,10,0,0,0,0,0,0,0,0,0,0,0,0,0,0,0,0,0,0,0,0,0,0,0,0,0,0,0,0,0
2020-03-05,0,0,1,0,0,0,0,0,0,0,0,0,0,0,0,0,0,0,0,0,0,0,11,0,0,0,0,0,0,0,0,0,0,0,0,0,0,0,0,0,0,0,0,0,0,0,0,0,0,0,0,0
2020-03-06,0,0,1,0,0,0,0,0,0,0,0,0,0,0,0,0,0,0,0,0,0,0,13,0,0,0,0,0,0,0,0,0,0,0,0,0,0,0,0,0,0,0,0,0,0,0,0,0,0,0,0,0
2020-03-07,0,0,1,0,0,0,0,0,0,0,0,0,0,0,0,0,0,0,0,0,0,0,16,0,0,0,0,0,0,0,0,0,0,0,0,0,0,0,0,0,0,0,0,0,0,0,0,0,0,0,0,0
2020-03-08,0,0,1,0,2,0,0,0,0,0,0,0,0,0,0,0,0,0,0,0,0,0,18,0,0,0,0,0,0,0,0,0,0,0,0,0,0,0,0,0,0,0,0,0,0,0,0,0,0,0,0,0
2020-03-09,0,0,1,0,2,0,0,0,0,0,0,0,0,0,0,0,0,0,0,0,0,0,19,0,0,0,0,0,0,0,0,0,0,0,0,0,0,0,0,0,0,0,0,0,0,0,0,0,0,0,0,0
2020-03-10,0,1,2,0,2,0,0,0,0,0,0,0,0,0,0,0,0,0,0,0,0,0,23,0,0,0,0,0,0,0,0,0,0,0,0,0,0,0,0,0,0,0,0,0,0,0,0,0,0,0,0,0
2020-03-11,0,1,3,0,2,0,0,0,0,0,0,0,0,0,0,0,0,0,0,0,0,0,29,0,0,0,0,0,0,0,0,0,0,0,0,0,0,0,0,0,0,0,0,0,1,0,0,0,0,0,0,0
2020-03-12,0,1,4,0,2,0,0,0,0,1,0,0,0,0,0,0,0,0,0,0,0,0,31,0,0,0,0,0,0,0,0,0,0,0,0,0,0,0,0,0,0,0,0,0,1,0,0,0,0,0,0,0
2020-03-13,0,1,4,0,2,0,0,0,0,1,0,0,0,0,0,0,0,0,0,0,0,0,37,0,0,0,0,0,0,0,0,0,0,0,0,0,1,0,0,0,0,0,0,0,1,0,0,0,0,0,0,0
2020-03-14,2,1,5,0,3,0,0,0,0,1,1,0,0,0,0,0,0,0,1,0,0,1,37,0,0,0,0,0,0,0,0,0,0,0,0,0,1,0,0,0,0,0,0,0,1,0,0,0,0,0,0,0
2020-03-15,3,2,6,0,4,0,0,0,0,1,2,0,0,0,0,0,0,0,1,0,0,1,40,0,0,0,0,0,0,0,0,0,0,0,0,0,1,0,1,0,0,0,0,0,1,0,0,0,0,0,0,0
2020-03-16,10,2,7,0,5,0,0,0,0,1,3,0,0,0,0,1,0,1,1,0,0,1,48,0,0,0,1,0,0,0,1,0,0,0,0,0,1,0,1,0,0,0,0,0,1,0,0,0,0,0,0,0
2020-03-17,13,3,12,1,6,0,1,0,0,1,4,0,0,0,0,2,0,1,2,0,0,2,55,0,0,0,1,0,0,0,1,0,0,0,0,0,1,0,1,0,0,0,0,0,1,0,0,0,0,0,0,0
2020-03-18,16,3,13,3,7,0,1,0,0,3,4,0,0,0,0,2,0,1,2,0,0,2,55,0,0,0,1,0,0,0,1,0,0,0,0,0,1,0,2,0,0,0,0,0,1,0,0,0,0,0,0,0
2020-03-19,34,9,18,5,9,0,4,1,3,10,10,0,2,0,1,2,0,1,2,1,0,4,74,0,0,1,1,0,0,0,2,0,1,0,0,0,1,0,3,0,0,0,0,0,1,0,0,0,0,0,0,0
2020-03-20,42,11,23,5,10,1,5,1,3,13,14,0,3,2,1,2,0,1,2,1,0,4,83,0,0,2,1,3,0,0,2,0,1,0,1,0,1,0,3,0,0,0,0,0,1,0,0,0,2,0,0,0
2020-03-21,60,16,24,5,13,1,6,2,5,14,16,1,4,3,2,4,0,3,2,1,0,4,94,1,1,3,2,4,0,0,3,0,1,0,1,0,2,0,5,0,1,0,0,0,1,0,0,0,2,0,0,0
2020-03-22,117,20,30,7,13,5,9,4,9,25,20,2,8,3,3,6,0,3,6,1,0,6,97,1,2,3,2,4,0,0,3,0,2,0,2,0,2,0,5,1,1,0,0,0,1,0,0,0,2,0,0,0
2020-03-23,158,27,39,9,18,9,12,6,15,25,35,2,10,6,3,7,0,5,6,1,0,7,109,1,2,4,4,5,0,0,4,0,2,0,2,0,2,1,5,1,2,0,0,0,1,0,0,0,5,0,0,0
2020-03-24,210,44,50,12,18,11,16,8,24,32,46,5,12,8,4,12,0,5,9,1,0,8,116,1,2,7,4,5,0,0,4,0,3,2,2,0,2,1,8,1,2,0,0,0,1,0,0,0,7,1,0,0
2020-03-25,285,62,65,15,23,15,19,15,43,40,65,6,19,11,4,14,2,7,9,3,1,16,133,1,3,8,6,7,1,0,5,1,5,2,2,0,3,1,10,1,2,0,0,0,1,0,0,0,8,0,0,1
2020-03-26,385,81,81,21,29,25,26,18,61,48,83,8,21,15,4,17,3,9,10,6,1,19,150,2,3,9,10,10,1,0,5,1,7,2,3,1,3,1,11,1,2,0,3,0,1,0,0,0,9,0,0,1
2020-03-27,527,108,94,26,35,35,34,22,92,64,119,13,27,19,5,25,4,13,10,8,4,27,157,4,6,9,10,14,3,0,7,1,8,3,3,2,4,1,12,1,3,0,3,0,1,1,1,1,10,0,0,1
2020-03-28,728,140,110,30,54,44,47,34,111,69,137,15,33,25,5,31,5,15,13,13,4,31,188,5,7,10,10,17,3,2,9,1,15,5,4,5,4,2,13,1,3,2,4,0,1,1,1,1,12,0,0,2
2020-03-29,965,161,124,37,56,48,66,41,132,80,151,17,34,29,10,32,7,16,20,14,10,47,198,9,8,13,15,18,4,3,9,2,16,6,5,6,7,2,13,2,3,2,5,0,1,1,3,1,12,0,0,2
2020-03-30,1218,198,146,45,63,56,73,50,184,87,185,20,36,40,15,35,7,18,15,16,10,47,205,10,14,13,15,20,6,4,11,2,16,7,9,6,8,3,16,4,6,2,6,1,1,2,3,5,12,0,0,3
2020-03-31,1550,267,173,54,85,89,99,63,259,111,239,24,69,55,18,49,12,22,27,20,23,69,225,12,23,15,26,25,7,8,11,4,23,8,9,10,9,3,18,5,8,3,8,1,1,3,5,5,13,0,0,3
2020-04-01,1941,355,199,66,87,122,141,74,335,139,273,29,85,65,31,65,14,26,34,22,27,69,234,17,24,18,31,27,9,10,18,5,30,10,9,11,10,3,19,5,11,4,9,1,2,3,5,6,16,1,0,3
2020-04-02,2373,537,238,77,164,154,163,90,417,163,310,32,112,81,36,78,21,31,41,26,32,80,271,18,36,22,38,38,11,12,31,6,34,12,12,12,12,3,21,7,12,5,9,2,2,3,7,6,17,1,0,3
2020-04-03,2935,646,265,100,170,192,210,102,479,184,370,41,131,91,43,102,27,34,46,29,38,97,291,22,41,25,43,51,11,14,34,10,38,12,15,14,18,5,22,7,15,6,9,2,2,3,9,5,17,3,0,3
2020-04-04,3565,846,289,116,195,216,244,136,540,201,409,52,165,102,54,116,34,40,52,35,44,111,315,24,50,33,46,54,14,17,40,10,42,14,21,14,21,7,22,8,18,6,10,2,2,3,10,6,20,3,0,5
2020-04-05,4159,917,348,136,221,231,274,151,617,211,477,64,189,119,67,127,38,44,52,43,45,140,336,29,53,44,46,74,18,25,45,12,46,16,22,14,22,9,27,8,20,8,10,3,2,3,10,6,22,4,0,6
2020-04-06,4698,1003,380,150,236,260,307,179,727,229,512,65,206,142,91,143,45,48,66,51,49,150,381,30,65,47,46,78,25,27,45,12,51,16,24,15,25,9,27,13,21,9,10,4,4,3,10,6,23,5,0,6
2020-04-07,5489,1232,432,160,283,356,308,247,845,329,582,73,277,167,103,173,53,51,66,60,64,179,400,34,72,65,72,92,25,30,65,13,67,18,22,16,29,9,29,13,23,10,13,4,6,4,12,6,23,5,0,6
2020-04-08,6268,1504,495,189,309,433,462,318,959,362,652,80,326,193,124,203,66,51,66,67,66,193,426,39,80,86,72,100,27,35,65,13,79,18,27,19,34,13,33,13,24,12,15,4,6,4,14,6,23,5,0,7
2020-04-09,7067,1709,544,210,354,503,462,345,1076,379,702,89,380,213,138,245,76,67,109,76,70,193,456,50,94,93,81,111,29,43,73,16,80,21,32,23,42,21,44,13,33,14,18,5,6,5,16,6,23,6,0,7
2020-04-10,7867,1932,583,238,390,599,597,418,1276,416,755,97,448,231,171,300,83,72,121,82,80,226,483,57,98,99,90,128,31,43,90,17,88,21,38,32,42,21,44,17,39,15,24,5,6,6,17,6,24,6,0,7
2020-04-11,8627,2183,604,266,438,686,677,503,1384,429,806,108,494,247,206,330,89,80,130,93,92,250,495,64,106,116,102,137,34,56,90,19,94,25,47,33,55,22,48,18,42,17,25,5,6,7,19,6,25,8,0,8
2020-04-12,9385,2350,640,283,461,756,720,557,1479,433,840,115,554,253,236,343,89,82,141,96,93,289,506,70,106,118,112,144,41,63,97,26,96,27,50,35,56,23,52,18,44,17,27,6,6,7,19,6,27,9,0,8
2020-04-13,10058,2443,714,305,499,844,798,589,1602,465,884,122,602,274,262,350,94,82,149,98,99,306,513,70,109,123,114,154,41,63,113,26,99,29,52,41,62,23,53,13,45,17,27,8,6,8,19,7,28,9,1,8
2020-04-14,10842,2805,767,342,571,844,868,691,1768,525,1013,131,671,324,302,387,112,97,154,111,114,327,530,79,124,149,126,170,49,80,106,31,108,32,67,43,69,25,55,18,45,20,33,9,6,8,20,7,29,9,1,9
2020-04-15,11617,3156,860,375,596,1108,949,779,1921,552,1103,142,868,362,311,436,130,106,195,122,118,328,552,87,124,153,131,183,53,80,115,36,123,33,72,46,71,32,58,20,51,20,39,10,6,9,24,7,29,9,1,9
2020-04-16,14832,3518,956,414,668,1108,1072,841,1996,587,1156,150,971,407,319,477,150,111,208,129,133,355,579,87,136,169,137,197,60,87,129,36,131,37,81,55,80,32,64,20,56,21,41,12,7,9,27,7,33,9,2,9
2020-04-17,17131,3840,1037,451,725,1245,1132,921,2227,650,1213,169,1036,418,334,522,177,116,231,140,148,372,603,111,141,184,142,206,64,118,137,44,136,37,86,61,82,37,70,23,58,24,41,16,7,9,29,8,35,9,2,9
2020-04-18,17671,4070,1140,476,748,1404,1259,1042,2308,673,1267,180,1086,451,421,545,187,119,258,152,153,389,613,121,142,197,151,212,74,137,144,53,136,38,91,67,85,38,72,25,60,24,43,16,7,9,32,10,38,9,2,9
2020-04-19,18298,4362,1177,490,774,1706,1290,1276,2391,687,1296,184,1127,471,461,562,200,120,277,159,157,420,636,134,148,199,158,220,75,150,146,55,140,39,96,67,93,38,74,27,62,28,44,18,7,9,34,10,38,10,2,9
2020-04-20,18611,4496,1225,507,822,1706,1349,1348,2468,775,1328,191,1331,509,582,577,218,123,300,169,163,420,643,143,152,200,159,230,79,155,154,58,143,41,105,72,102,42,75,28,63,33,45,24,7,9,35,10,38,10,2,9
2020-04-21,19104,4753,1282,533,867,1961,1468,1614,2575,798,1405,208,1423,557,652,635,245,124,324,183,183,483,664,160,157,224,163,244,83,171,171,58,164,42,112,82,109,42,78,32,64,33,48,26,8,13,36,12,40,10,2,9
2020-04-22,19413,5150,1421,556,893,2182,1565,1673,2813,848,1473,231,1544,610,698,666,265,140,349,193,196,506,686,179,157,238,172,248,90,181,185,71,170,42,127,89,112,48,78,32,63,38,51,27,9,14,39,14,40,12,6,9
2020-04-23,20973,5426,1533,604,987,2360,1688,1724,2977,881,1599,249,1639,656,748,706,281,150,373,201,202,552,711,200,171,252,195,258,96,189,191,78,179,45,139,92,113,51,83,35,69,47,54,31,9,15,44,14,43,12,7,9
2020-04-24,21411,5683,1621,624,1046,2556,1795,1747,3085,899,1660,266,1767,690,798,741,294,157,411,209,209,674,722,221,169,272,197,263,107,202,200,84,188,47,153,100,118,53,86,39,77,50,54,32,10,15,47,14,44,13,7,9
2020-04-25,22009,5914,1689,638,1055,2730,1875,1793,3155,907,1707,273,1865,711,875,786,305,166,437,221,209,684,737,244,177,281,205,266,112,215,205,93,194,48,165,112,120,53,87,41,83,50,56,32,10,16,47,14,46,13,7,9
2020-04-26,22269,5938,1725,651,1075,2899,1933,1816,3315,916,1729,275,1924,728,910,813,324,174,449,227,219,688,749,272,181,283,206,272,118,226,208,99,195,51,178,120,121,60,92,41,84,56,56,34,11,17,50,14,46,14,7,9
2020-04-27,22668,6044,1779,666,1088,3003,1983,1886,3407,995,1740,275,2012,753,945,844,340,177,460,229,228,706,764,286,184,343,206,281,127,233,213,99,197,51,185,125,126,60,92,41,84,56,56,34,11,19,51,14,47,16,7,9
2020-04-28,22912,6442,1864,719,1171,3153,2125,2046,3568,1036,1801,275,2087,799,1016,901,363,192,492,239,242,736,786,301,188,330,219,300,136,239,225,105,207,57,190,137,127,60,99,41,86,56,60,38,11,19,51,15,47,16,7,9
2020-04-29,23477,6771,1946,754,1218,3405,2215,2373,3670,1101,1845,308,2169,937,1078,964,382,231,522,250,256,766,801,319,195,338,230,308,148,251,234,112,214,57,205,144,134,60,101,45,86,56,60,38,13,19,52,16,47,16,7,9
2020-04-30,23587,7228,2031,812,1268,3562,2355,2475,3789,1132,1905,320,2257,976,1140,1114,406,244,552,261,272,777,814,343,199,350,243,316,162,266,240,123,222,61,224,152,134,72,103,46,92,70,60,41,17,19,53,16,49,16,7,9
2020-05-01,24039,7538,2126,840,1314,3716,2457,2635,3866,1169,1970,330,2339,1003,1080,1175,419,256,581,281,289,821,824,370,204,360,246,327,170,279,246,131,230,64,231,159,140,81,104,46,94,73,63,46,21,23,55,16,50,16,7,9
2020-05-02,24198,7742,2180,863,1364,3846,2559,2695,4021,1177,1993,330,2436,1022,1251,1115,431,267,617,291,288,832,830,394,209,376,255,334,175,296,248,138,238,72,240,168,142,84,109,49,95,73,64,48,21,24,56,16,51,16,7,9
2020-05-03,24708,7871,2216,878,1379,4004,2618,2720,4053,1184,2012,362,2436,1039,1281,1132,434,275,660,303,290,842,834,418,210,381,258,339,184,320,253,151,238,76,251,177,144,86,109,50,97,78,64,48,21,25,57,16,53,17,7,9
2020-05-04,24999,7910,2278,901,1399,4090,2659,2838,4139,1246,2064,362,2556,1057,1317,1151,442,283,684,310,298,851,841,427,219,386,265,340,188,341,261,156,238,80,258,182,156,86,109,50,97,78,64,48,21,25,57,16,52,17,7,9
2020-05-05,25124,8244,2381,925,1471,4212,2834,3179,4183,1299,2115,395,2633,1135,1390,1211,472,296,713,342,315,903,862,455,226,409,270,353,207,355,275,162,247,83,264,187,161,92,113,56,99,78,65,48,24,25,61,16,52,17,7,9
2020-05-06,25623,8549,2464,954,1539,4420,2974,3345,4256,1327,2167,426,2718,1225,1437,1377,492,305,713,374,343,919,870,485,239,428,289,362,219,370,283,169,253,87,277,193,164,92,115,58,99,78,66,50,29,31,62,16,52,17,7,10
2020-05-07,26144,8807,2535,985,1600,4552,3111,3589,4345,1355,2208,450,2797,1271,1503,1414,513,316,769,396,369,944,891,508,238,449,297,374,231,388,294,172,260,87,285,202,165,114,121,61,102,91,67,51,31,31,62,16,53,17,7,10
2020-05-08,26243,8960,2613,1025,1669,4702,3241,3715,4399,1400,2227,517,2874,1306,1560,1447,530,320,812,409,383,960,905,534,242,483,294,384,243,399,298,181,266,88,304,213,168,121,124,61,107,90,67,52,31,33,63,16,53,17,7,10
2020-05-09,26612,9116,2687,1066,1715,4840,3349,3779,4530,1403,2267,532,2932,1331,1614,1490,551,330,827,421,390,967,921,558,242,494,313,398,252,418,304,191,270,88,311,221,174,131,127,66,108,90,67,52,34,35,64,16,53,17,7,10
2020-05-10,26641,9256,2716,1094,1721,4979,3406,3806,4555,1406,2286,536,2967,1341,1644,1508,564,331,839,430,393,971,931,578,243,503,310,400,265,422,304,200,272,91,323,221,174,133,127,67,111,90,67,54,34,35,64,16,53,17,7,10
2020-05-11,26988,9340,2779,1117,1735,5108,3459,3832,4584,1444,2308,542,3008,1357,1683,1540,575,346,850,435,403,987,945,591,251,514,312,409,271,430,311,208,274,94,328,225,180,133,130,68,113,98,70,54,34,36,65,16,53,17,7,10
2020-05-12,27284,9531,2879,1146,1779,5141,3601,3914,4674,1498,2347,562,3041,1436,1756,1578,600,355,892,457,435,1010,962,614,266,529,321,418,289,444,321,219,278,95,336,237,184,142,130,73,114,100,69,58,39,38,65,16,53,17,7,10
2020-05-13,27477,9714,2957,1172,1827,5315,3792,4094,4714,1517,2381,595,3125,1483,1809,1619,625,362,928,465,450,1062,974,638,273,551,331,421,306,462,321,231,278,97,350,247,188,150,134,75,115,103,69,58,39,40,66,16,53,17,7,10
2020-05-14,27641,9946,3052,1235,1875,5482,3928,4288,4787,1545,2417,624,3219,1534,1866,1646,641,371,956,480,473,1086,983,672,287,566,333,434,318,468,328,242,284,98,358,260,189,151,137,75,117,103,72,60,43,40,69,16,53,17,7,10
2020-05-15,27878,10148,3136,1280,1917,5592,4059,4422,4825,1588,2448,651,3285,1581,1911,1691,667,380,978,493,483,1150,991,692,290,581,343,445,336,479,332,253,285,98,368,271,193,151,137,77,122,113,72,64,44,42,69,16,53,17,7,10
2020-05-16,28049,10261,3208,1318,1964,5705,4129,4480,4881,1598,2479,679,3339,1610,1957,1741,676,380,1003,510,485,1192,999,709,295,594,347,453,346,489,334,259,288,98,375,286,195,171,137,78,122,123,73,64,44,42,70,16,53,17,7,10
2020-05-17,28232,10363,3240,1343,1973,5797,4177,4495,4891,1610,2491,680,3408,1625,1992,1751,686,385,1010,521,488,1215,1001,731,298,600,350,453,351,499,334,265,288,98,383,290,195,172,137,80,123,123,73,67,44,43,70,16,54,17,8,10
2020-05-18,28339,10439,3279,1350,1997,5862,4234,4515,4915,1649,2563,687,3450,1657,2023,1765,693,391,1015,527,489,1224,1002,740,301,611,358,459,355,506,346,270,288,100,392,297,198,172,138,80,124,123,74,68,44,44,71,16,54,17,10,10
2020-05-19,28558,10587,3403,1388,2052,5938,4379,4628,5017,1675,2581,705,3472,1720,2081,1824,693,399,1042,554,504,1257,1031,757,305,631,358,467,367,532,366,276,293,102,400,304,199,172,140,88,124,123,74,68,46,45,73,16,54,17,10,10
2020-05-20,28636,10749,3497,1426,2096,6066,4525,4770,5060,1697,2608,747,3529,1781,2123,1864,726,407,1075,570,522,1299,1037,786,305,640,377,481,393,538,376,283,299,107,407,310,202,190,144,90,125,138,77,69,46,49,73,16,54,17,11,10
2020-05-21,28743,10846,3583,1460,2144,6148,4607,4869,5129,1775,2629,764,3583,1837,2159,1913,728,416,1100,580,529,1310,1044,818,313,668,383,487,410,556,386,294,304,110,412,317,204,199,145,92,126,138,77,70,48,51,73,16,54,17,12,10
2020-05-22,28853,10985,3666,1470,2190,6228,4715,5010,5158,1808,2668,775,3637,1872,2207,1941,775,419,1136,595,541,1324,1050,851,315,677,386,496,424,579,391,302,307,113,418,322,205,204,147,93,126,147,79,72,50,52,75,16,54,17,12,10
2020-05-23,29031,11082,3738,1478,2233,6304,4790,5112,5223,1822,2668,801,3675,1956,2243,1964,778,425,1159,616,549,1327,1050,861,329,682,387,507,446,597,391,302,311,115,427,322,205,208,147,97,127,147,79,72,50,52,77,16,54,17,12,10
2020-05-24,29141,11138,3754,1528,2237,6372,4856,5136,5228,1827,2691,801,3693,1969,2277,1976,784,435,1171,625,551,1332,1061,878,336,686,380,510,456,608,391,317,311,116,432,326,205,209,148,97,127,147,79,72,50,53,78,16,54,17,12,10
2020-05-25,29229,11147,3769,1533,2252,6416,4885,5146,5241,1848,2691,807,3742,1987,2302,1984,790,440,1208,635,566,1333,1070,890,338,689,394,514,456,608,391,320,313,117,440,332,207,210,148,98,129,147,79,72,50,54,78,16,54,17,12,10
2020-05-26,29302,11194,3819,1546,2259,6473,4923,5163,5266,1896,2702,810,3769,2002,2333,2004,801,446,1236,652,580,1352,1078,908,343,693,394,517,477,634,394,325,318,119,440,335,210,214,148,101,129,147,79,72,50,54,79,17,54,17,13,10
2020-05-27,29484,11339,3895,1581,2319,6547,5083,5265,5334,1933,2723,834,3803,2044,2392,2030,844,466,1281,670,583,1392,1095,942,353,689,402,539,496,655,400,329,322,120,445,344,213,223,148,105,129,153,81,74,54,56,81,17,54,17,14,10
2020-05-28,29529,11409,3993,1611,2364,6640,5186,5373,5372,1973,2741,860,3826,2098,2428,2068,876,470,1338,693,591,1421,1106,977,356,708,406,550,506,677,409,335,325,125,453,345,214,232,151,106,131,163,82,74,54,57,84,17,55,17,15,10
2020-05-29,29646,11531,4077,1619,2413,6718,5270,5464,5406,1987,2767,886,3868,2131,2466,2110,919,483,1358,710,610,1436,1111,1006,361,730,406,568,524,693,418,344,329,132,460,356,215,238,151,107,132,164,82,74,59,59,85,17,55,17,15,10
2020-05-30,29710,11634,4144,1652,2447,6768,5330,5537,5464,2004,2786,904,3912,2149,2509,2125,929,487,1370,723,618,1443,1118,1036,364,774,417,588,531,711,431,351,334,133,462,361,215,238,153,112,133,170,82,75,62,60,89,17,55,17,16,10
2020-05-31,29784,11698,4172,1675,2451,6846,5390,5555,5491,2053,2791,907,3944,2155,2532,2134,937,494,1375,734,630,1445,1118,1050,364,776,417,592,535,718,431,356,334,133,466,366,215,245,153,113,136,170,82,75,62,61,89,17,55,17,16,10
2020-06-01,29917,11723,4217,1683,2460,7035,5412,5567,5516,2094,2801,918,3970,2207,2552,2143,948,500,1392,739,646,1458,1123,1060,364,776,417,595,555,720,439,362,334,133,468,368,217,245,154,113,136,170,82,76,62,61,89,17,55,17,17,10
2020-06-02,29968,11771,4305,1716,2530,7085,5525,5667,5553,2102,2835,943,3972,2259,2597,2197,961,501,1407,767,653,1474,1129,1082,381,786,417,607,561,732,442,367,339,136,470,373,222,256,157,113,138,170,83,78,62,65,94,17,55,17,17,10
2020-06-03,30019,11880,4374,1744,2566,7152,5621,5742,5570,2123,2870,983,3989,2300,2641,2207,999,501,1428,782,653,1494,1135,1097,388,791,431,616,574,742,450,375,341,142,473,375,226,265,159,117,140,170,83,78,62,66,95,17,55,17,17,10
2020-06-04,30174,11970,4444,1776,2607,7201,5736,5832,5595,2149,2883,999,4007,2340,2668,2231,1006,501,1445,794,653,1512,1138,1126,401,795,430,626,583,756,458,383,344,151,475,386,227,273,159,117,140,187,83,79,64,66,95,17,55,17,17,10
2020-06-05,30236,12049,4529,1812,2660,7235,5795,5898,5854,2174,2912,1015,4038,2357,2702,2258,1015,539,1454,803,676,1524,1149,1159,408,805,436,633,593,772,466,387,345,152,479,388,232,278,161,120,141,187,83,84,64,71,98,18,55,17,17,10
2020-06-06,30280,12106,4607,1833,2688,7289,5864,5931,5894,2178,2925,1043,4055,2372,2740,2292,1028,539,1461,811,689,1527,1153,1181,417,815,437,645,599,772,470,392,347,154,483,390,233,283,161,121,142,187,83,84,65,72,98,18,55,17,17,10
2020-06-07,30374,12176,4632,1841,2700,7316,5904,5943,5898,2180,2936,1051,4071,2379,2749,2303,1032,546,1472,817,692,1527,1157,1197,418,815,438,647,605,772,470,396,348,154,489,398,233,286,163,121,142,187,83,84,65,72,99,18,55,17,17,10
2020-06-08,30417,12214,4657,1848,2712,7353,5924,5953,5916,2208,2944,1053,4084,2406,2776,2316,1041,557,1477,837,718,1543,1161,1208,421,823,442,646,617,799,472,400,348,155,491,398,236,286,164,124,142,188,83,84,65,72,99,18,55,17,17,10
2020-06-09,30458,12303,4745,1867,2765,7408,6018,6014,5943,2285,2957,1076,4097,2423,2811,2339,1068,568,1496,847,729,1553,1176,1228,435,845,446,661,626,808,477,404,354,161,495,410,237,286,169,127,142,189,85,84,68,72,100,18,55,17,17,11
2020-06-10,30542,12377,4854,1905,2801,7454,6095,6062,5955,2329,2968,1101,4120,2459,2844,2355,1090,575,1514,868,744,1572,1176,1267,437,851,449,671,631,812,484,410,356,165,499,413,240,301,169,128,143,191,85,85,69,73,100,18,55,17,18,11
2020-06-11,30580,12443,4934,1930,2848,7492,6185,6113,5985,2375,2987,1135,4146,2492,2875,2380,1106,588,1520,868,755,1582,1194,1280,441,862,459,682,640,823,493,420,358,171,502,414,243,308,171,131,144,212,85,86,73,74,100,18,55,17,18,11
2020-06-12,30758,12489,4978,1956,2877,7538,6260,6162,5990,2418,2996,1156,4159,2510,2900,2396,1121,593,1534,881,769,1582,1204,1305,466,881,461,689,644,833,497,420,360,176,506,414,243,315,173,139,146,215,87,88,74,74,100,18,55,17,18,12
2020-06-13,30795,12621,5076,1971,2925,7576,6289,6211,6013,2447,3004,1189,4186,2556,2926,2413,1127,599,1541,889,773,1597,1213,1314,472,885,462,691,650,833,499,431,359,177,511,419,245,318,173,139,146,215,87,88,75,74,100,18,55,17,18,12
2020-06-14,30825,12659,5099,1984,2931,7624,6308,6215,6016,2451,3014,1191,4201,2559,2939,2422,1132,600,1546,891,773,1598,1217,1329,474,885,463,692,652,833,499,435,359,179,515,422,245,320,173,139,147,215,87,88,75,74,100,19,55,17,18,12
2020-06-15,30856,12708,5114,2001,2938,7647,6326,6243,6018,2494,3018,1203,4204,2575,2947,2433,1140,602,1552,895,774,1605,1220,1335,482,887,465,694,658,851,505,440,359,182,515,423,246,320,180,143,147,220,87,88,75,74,101,19,55,17,18,12
2020-06-16,30909,12792,5200,2049,2993,7664,6398,6276,6034,2529,3042,1228,4210,2599,2982,2447,1169,607,1570,915,785,1617,1231,1344,493,891,467,703,665,865,505,447,363,188,520,424,246,326,182,145,147,231,88,88,77,74,101,19,55,17,18,12
2020-06-17,30939,12835,5271,2089,3018,7733,6485,6319,6036,2575,3062,1249,4219,2611,2996,2475,1181,617,1583,938,790,1631,1226,1357,498,909,473,713,675,876,518,452,364,197,523,426,247,330,183,149,147,234,88,88,78,74,102,20,55,17,18,12
2020-06-18,30974,12869,5355,2129,3061,7769,6537,6361,6061,2605,3062,1283,4226,2633,3016,2491,1194,621,1586,938,810,1638,1245,1376,508,945,475,719,680,885,520,456,366,208,527,431,251,331,187,152,147,239,89,88,78,75,102,20,56,17,18,12
2020-06-19,31015,12902,5426,2158,3104,7799,6580,6399,6067,2636,3084,1321,4238,2667,3030,2516,1203,639,1602,938,822,1643,1255,1393,515,958,479,730,681,894,522,464,367,214,530,433,253,337,188,155,147,244,89,88,81,76,102,20,56,17,20,12
2020-06-20,31083,12924,5494,2183,3144,7827,6625,6419,6087,2642,3104,1346,4251,2697,3052,2536,1215,644,1607,938,838,1647,1265,1404,524,965,486,744,681,894,524,466,368,224,531,434,256,339,188,155,147,244,89,88,81,76,102,20,56,17,20,12
2020-06-21,31125,12939,5515,2191,3161,7857,6647,6423,6090,2643,3105,1349,4260,2700,3066,2540,1223,653,1611,938,839,1647,1270,1412,526,965,487,744,686,894,526,469,369,225,533,435,257,339,188,158,149,244,89,89,81,77,102,20,56,17,20,12
2020-06-22,31176,12974,5566,2207,3173,7873,6671,6426,6097,2648,3117,1351,4263,2704,3074,2553,1278,659,1620,978,841,1651,1276,1416,531,970,489,745,686,903,526,469,369,227,535,435,258,339,192,158,149,249,89,89,81,77,102,21,56,17,20,12
2020-06-23,31232,13025,5626,2236,3238,7889,6707,6464,6109,2695,3134,1396,4277,2735,3092,2569,1296,673,1645,989,864,1665,1284,1425,542,976,489,750,689,906,537,476,371,237,537,504,260,343,192,163,149,256,89,92,83,78,102,21,56,17,20,12
2020-06-24,31257,13076,5725,2270,3281,7937,6770,6518,6114,2698,3152,1467,4287,2755,3108,2578,1325,683,1661,1011,891,1667,1293,1432,556,985,489,757,690,912,538,480,372,240,541,505,260,347,195,163,149,257,89,92,84,78,103,21,56,17,20,12
2020-06-25,31301,14872,5806,2317,3327,7962,6810,6557,6133,2745,3164,1495,4298,2772,3129,2586,1336,693,1675,1016,896,1669,1300,1441,567,987,495,766,696,920,546,485,375,240,543,507,262,357,197,164,151,260,90,92,87,78,103,21,56,17,20,12
2020-06-26,31342,14914,5868,2354,3366,8012,6847,6579,6134,2770,3190,1536,4307,2788,3142,2595,1348,694,1700,1022,907,1673,1304,1446,577,997,498,766,704,927,553,489,377,249,546,507,265,365,202,166,151,266,90,92,88,78,103,22,56,17,20,14
2020-06-27,31368,14948,5899,2388,3390,8040,6873,6603,6153,2776,3190,1580,4311,2804,3157,2616,1353,711,1724,1035,919,1674,1310,1452,584,1004,500,777,704,927,554,491,384,259,548,507,268,367,202,167,152,267,91,93,91,78,104,22,56,18,20,14
2020-06-28,31397,14975,5932,2402,3419,8059,6888,6606,6157,2778,3199,1594,4316,2807,3168,2619,1352,716,1732,1039,919,1676,1310,1460,584,1004,500,777,706,927,558,492,385,264,550,507,269,367,202,167,153,267,91,93,91,79,104,22,56,18,20,14
2020-06-29,31403,14992,5983,2416,3447,8094,6902,6614,6161,2784,3199,1598,4320,2818,3175,2624,1357,720,1740,1059,929,1681,1320,1470,592,1004,504,777,711,946,560,493,385,265,551,507,273,367,204,168,153,269,91,93,91,79,105,22,56,18,20,14
2020-06-30,32032,15035,6082,2455,3505,8053,6923,6649,6193,2805,3221,1645,4322,2863,3190,2640,1380,739,1763,1073,950,1690,1332,1476,604,1005,507,784,716,950,565,497,387,270,551,509,273,371,207,172,153,274,92,93,91,79,105,22,56,18,20,14
2020-07-01,32043,15078,6169,2503,3550,8053,6951,6684,6198,2827,3238,1725,4324,2876,3205,2650,1398,766,1786,1082,972,1697,1339,1482,609,1018,511,786,717,956,572,500,389,277,553,509,277,373,208,173,153,276,92,93,93,80,105,22,56,18,20,14
2020-07-02,32064,15107,6265,2542,3617,8132,6951,6712,6212,2849,3255,1764,4326,2876,3212,2662,1409,784,1816,1092,985,1701,1342,1495,620,1044,525,793,719,959,581,503,395,279,554,510,280,375,209,176,153,282,92,93,97,80,105,22,56,18,20,14
2020-07-03,32137,15164,6315,2592,3684,8149,7005,6746,6215,2857,3278,1798,4335,2903,3223,2681,1419,793,1845,1103,1006,1701,1352,1503,633,1047,528,796,721,960,585,511,398,281,555,512,282,376,209,181,154,284,93,93,97,80,105,23,56,19,20,15
2020-07-04,32157,15189,6334,2607,3702,8172,7014,6749,6218,2857,3278,1817,4335,2907,3236,2687,1422,813,1849,1107,1007,1701,1354,1503,637,1050,530,796,721,960,585,513,398,286,557,512,283,379,213,181,155,284,93,94,97,80,107,23,56,19,20,16
2020-07-05,32206,15211,6373,2628,3731,8183,7020,6753,6218,2860,3288,1825,4335,2911,3243,2693,1423,820,1853,1111,1007,1701,1359,1508,645,1051,534,796,721,960,585,513,398,287,559,512,284,381,215,184,155,284,93,94,97,80,109,23,56,19,20,16
2020-07-06,32219,15229,6441,2677,3778,8198,7026,6754,6221,2878,3296,1829,4338,2927,3246,2698,1432,827,1853,1114,1007,1691,1369,1511,652,1051,537,796,723,960,593,515,399,292,561,512,285,382,215,190,155,283,94,95,97,80,109,23,56,19,20,16
2020-07-07,32243,15281,6573,2778,3841,8213,7273,6787,6251,2899,3319,1927,4338,2970,3266,2717,1446,846,1881,1158,1033,1696,1384,1514,665,1067,548,805,732,969,602,519,404,301,561,514,289,384,220,194,157,282,94,95,98,84,110,23,56,19,21,17
2020-07-08,32251,15332,6718,2875,3889,8243,7309,6812,6262,2922,3339,1963,4343,2991,3275,2732,1462,884,1905,1188,1058,1704,1394,1523,685,1069,553,807,736,971,608,527,407,305,564,515,289,386,224,201,159,282,98,95,98,85,110,23,56,19,21,17
2020-07-09,32283,15448,6859,3006,4009,8268,7329,6848,6271,2930,3355,2038,4348,3006,3288,2739,1477,905,1937,1204,1068,1706,1409,1528,710,1073,571,809,741,974,612,533,410,309,568,517,293,387,230,205,159,284,100,95,101,85,111,25,56,19,21,17
2020-07-10,32331,15479,6955,3062,4102,8296,7345,6880,6285,2965,3380,2082,4348,3032,3303,2748,1497,929,1958,1215,1104,1724,1424,1533,723,1084,579,814,743,976,620,539,416,313,568,517,293,390,232,207,159,286,101,95,107,85,111,28,56,19,21,17
2020-07-11,32343,15525,7027,3138,4197,8310,7369,6897,6313,2996,3403,2151,4348,3036,3310,2756,1513,951,1962,1230,1114,1725,1424,1537,738,1091,592,821,748,976,622,543,421,319,568,517,295,391,232,212,167,285,102,96,109,87,112,29,56,19,21,17
2020-07-12,32350,15525,7051,3216,4242,8325,7388,6904,6314,3003,3416,2237,4348,3058,3319,2760,1522,961,1966,1249,1121,1725,1438,1540,741,1092,593,820,752,976,625,545,422,321,568,517,297,391,234,215,167,285,102,96,109,87,114,29,56,19,21,17
2020-07-13,32395,15560,7089,3276,4277,8330,7394,6911,6321,3026,3423,2246,4371,3064,3325,2762,1529,972,1968,1250,1124,1727,1399,1542,749,1105,593,820,755,984,629,548,424,323,568,517,298,391,237,216,167,288,102,97,109,87,114,32,56,22,21,17
2020-07-14,32408,15582,7250,3362,4409,8340,7419,6931,6326,3054,3445,2337,4372,3069,3334,2775,1571,993,1977,1272,1164,1738,1404,1548,767,1114,612,826,757,985,635,551,428,331,568,518,299,392,244,226,169,286,103,97,109,88,114,34,56,22,22,17
2020-07-15,32427,15634,7375,3498,4521,8368,7427,6957,6330,3091,3461,2434,4380,3075,3341,2785,1589,998,1992,1290,1211,1744,1421,1558,783,1119,618,827,777,987,645,557,432,335,571,521,304,394,247,233,171,291,110,98,111,88,114,34,56,22,22,17
2020-07-16,32446,15665,7489,3657,4677,8380,7452,6984,6348,3105,3485,2492,4389,3103,3347,2795,1607,1070,2007,1308,1230,1745,1427,1566,796,1121,626,831,781,988,650,562,438,341,574,521,305,395,249,234,172,299,114,99,115,89,114,35,56,22,24,17
2020-07-17,32463,15684,7603,3820,4805,8402,7465,7004,6355,3132,3509,2583,4396,3112,3359,2803,1623,1096,2013,1332,1265,1751,1434,1573,815,1125,637,833,785,990,658,565,445,353,577,521,306,395,254,235,177,301,118,100,116,90,115,37,56,23,24,17
2020-07-18,32478,15699,7702,3939,4895,8419,7483,7015,6364,3169,3509,2730,4396,3132,3368,2820,1648,1135,2025,1346,1286,1752,1444,1578,838,1136,646,843,789,990,667,569,451,357,578,523,308,396,257,243,178,301,119,100,116,90,117,37,56,24,24,18
2020-07-19,32495,15706,7715,4012,4982,8431,7488,7022,6366,3174,3543,2761,4396,3174,3377,2822,1652,1155,2027,1355,1287,1752,1447,1581,843,1136,647,844,793,990,670,571,451,357,578,523,309,398,260,243,178,301,119,100,118,92,117,37,56,24,25,18
2020-07-20,32506,15715,7770,4106,5072,8433,7494,7025,6373,3177,3462,2784,4406,3189,3382,2825,1677,1164,2031,1358,1291,1758,1453,1585,847,1138,648,846,798,995,671,578,452,363,579,523,312,398,262,247,180,313,122,100,118,93,117,39,56,24,24,18
2020-07-21,32520,15737,7888,4199,5206,8450,7517,7051,6382,3254,3498,2918,4406,3219,3402,2846,1705,1221,2048,1389,1303,1763,1465,1588,871,1148,676,859,806,996,674,588,461,374,580,525,316,400,269,251,180,310,126,101,118,94,118,40,56,24,25,18
2020-07-22,32558,15707,8047,4439,5345,8468,7540,7077,6388,3335,3558,2974,4406,3235,3405,2863,1732,1285,2051,1423,1364,1771,1468,1592,888,1159,704,865,814,997,677,591,474,380,580,527,321,402,271,260,185,311,135,101,119,96,118,42,56,25,25,19
2020-07-23,32594,15730,8201,4622,5518,8484,7560,7093,6395,3361,3574,3063,4410,3256,3409,2880,1756,1334,2054,1436,1397,1786,1482,1601,925,1189,709,878,820,1001,684,596,477,386,581,529,322,405,273,267,188,316,138,102,121,97,118,43,56,26,25,19
2020-07-24,32596,15765,8337,4790,5653,8498,7577,7116,6400,3443,3715,3143,4413,3297,3422,2884,1789,1385,2067,1463,1438,1790,1495,1606,938,1195,722,878,826,1002,691,601,484,394,581,578,330,407,282,273,191,316,144,103,122,99,118,46,56,26,25,19
2020-07-25,32608,15776,8408,4990,5777,8510,7589,7124,6400,3494,3715,3286,4413,3297,3433,2895,1811,1465,2075,1478,1456,1794,1494,1611,964,1200,732,891,826,1002,696,607,496,399,581,579,329,409,282,274,201,316,144,103,122,99,119,46,56,26,25,20
2020-07-26,32630,15787,8448,5076,5854,8529,7590,7127,6400,3498,3763,3305,4413,3307,3440,2903,1817,1491,2078,1493,1473,1794,1501,1614,967,1209,734,892,829,1002,700,614,496,401,581,579,331,409,289,274,201,316,146,103,123,99,119,46,56,26,25,20
2020-07-27,32645,15804,8494,5713,5931,8536,7608,7131,6405,3509,3786,3304,4418,3344,3447,2906,1838,1506,2082,1498,1491,1799,1518,1616,978,1221,739,893,836,1004,709,619,496,408,582,579,333,409,289,281,201,317,152,104,123,99,119,47,56,26,25,21
2020-07-28,32653,15825,8679,5913,6117,8551,7638,7154,6421,3563,3812,3408,4423,3382,3458,2924,1860,1565,2095,1540,1491,1807,1548,1620,999,1232,759,906,839,1005,719,626,509,428,583,580,340,409,303,286,209,321,160,108,123,100,121,51,56,26,26,22
2020-07-29,32658,15798,8908,6193,6333,8580,7654,7171,6422,3642,3883,3454,4425,3422,3478,2932,1888,1615,2125,1563,1538,1822,1555,1629,1020,1239,780,911,854,1007,724,632,523,434,584,581,349,411,311,292,211,324,173,111,129,102,121,54,56,26,26,22
2020-07-30,32683,15809,9026,6442,6586,8580,7670,7194,6443,3671,3925,3626,4431,3442,3488,2946,1922,1667,2141,1611,1565,1822,1564,1634,1033,1255,801,919,865,1007,731,635,536,442,584,581,357,415,316,300,214,328,177,112,129,103,122,55,57,26,26,23
2020-07-31,32689,15819,9214,6576,6843,8609,7692,7207,6450,3752,3949,3694,4432,3489,3493,2965,1942,1712,2174,1663,1580,1838,1564,1640,1060,1265,830,934,872,1007,735,642,541,453,584,585,358,415,322,304,219,332,188,116,130,103,123,60,57,26,26,23
2020-08-01,32694,15830,9345,6865,7022,8626,7700,7219,6457,3825,3949,3747,4432,3515,3506,2971,1979,1751,2215,1693,1603,1844,1592,1646,1067,1276,832,947,874,1007,740,651,549,458,584,585,358,416,325,310,225,332,197,116,134,103,123,61,57,26,26,24
2020-08-02,32710,15836,9396,6878,7084,8638,7714,7223,6457,3840,4007,3765,4432,3529,3515,2975,1983,1777,2218,1703,1627,1844,1596,1654,1073,1276,832,948,878,1007,742,654,550,464,584,585,361,417,326,311,230,332,197,117,135,105,123,61,57,26,26,24
2020-08-03,32719,15846,9441,7016,7157,8648,7723,7224,6467,3842,4024,3779,4437,3539,3523,2980,2043,1793,2218,1711,1633,1844,1600,1656,1092,1279,847,949,884,1010,744,655,551,475,586,585,367,417,328,314,230,328,200,117,135,105,124,64,57,26,27,25
2020-08-04,32725,15857,9684,7271,7402,8657,7742,7248,6471,3921,4051,3845,4437,3570,3530,2996,2061,1847,2244,1753,1666,1849,1619,1660,1117,1290,862,961,888,1011,751,658,566,490,587,587,368,418,333,321,237,332,210,124,136,107,123,64,57,27,27,25
2020-08-05,32754,15842,9808,7706,7627,8659,7770,7254,6478,3984,4096,3932,4437,3596,3536,3007,2085,1894,2274,1804,1695,1851,1624,1670,1144,1297,890,970,900,1012,752,667,583,508,587,587,372,418,338,327,246,340,217,124,137,108,124,65,57,27,27,25
2020-08-06,32756,15849,10021,8569,7747,8691,7791,7282,6506,4026,4146,4002,4437,3618,3551,3013,2126,1942,2299,1825,1714,1852,1653,1677,1186,1302,900,978,912,1014,760,669,593,515,587,587,378,419,339,330,258,340,223,124,141,109,124,65,58,29,27,25
2020-08-07,32760,15849,10133,8847,7927,8709,7822,7296,6524,4117,4207,4081,4441,3652,3565,3023,2160,1962,2317,1848,1735,1857,1672,1681,1206,1324,920,990,915,1014,764,675,600,521,589,588,379,419,348,335,265,345,229,127,144,110,124,70,58,31,28,25
2020-08-08,32768,15869,10307,9058,8109,8721,7840,7310,6520,4186,4207,4137,4441,3668,3577,3036,2184,2007,2322,1874,1755,1857,1688,1689,1215,1327,949,996,927,1014,772,681,603,535,590,590,380,419,355,335,274,345,235,131,146,112,125,75,58,31,28,26
2020-08-09,32774,15874,10377,9157,8186,8735,7845,7311,6519,4199,4263,4150,4441,3669,3585,3041,2192,2031,2326,1896,1768,1858,1688,1698,1223,1334,957,998,931,1014,773,685,603,544,591,591,380,419,356,336,279,345,237,139,146,112,125,75,58,31,28,26
2020-08-10,32781,15878,10476,9230,8277,8741,7846,7314,6526,4229,4287,4154,4444,3673,3591,3044,2199,2048,2327,1912,1797,1862,1697,1701,1233,1341,963,998,934,1015,775,690,605,555,591,591,386,419,357,345,279,348,239,141,146,113,125,75,58,34,28,26
2020-08-11,32787,15890,10523,9222,8553,8751,7866,7343,6533,4351,4313,4199,4444,3708,3604,3069,2238,2098,2344,1944,1847,1874,1716,1707,1271,1346,981,1006,946,1016,783,693,618,566,593,591,393,419,368,349,287,351,246,147,146,118,126,77,58,34,29,26
2020-08-12,32797,15885,10753,9527,8765,8769,7881,7380,6539,4456,4356,4347,4450,3734,3612,3086,2280,2144,2352,1989,1882,1875,1724,1724,1289,1354,996,1011,953,1018,790,695,627,572,593,592,397,420,375,351,295,356,246,153,147,120,126,80,58,38,29,27
2020-08-13,32805,15893,10870,9771,8913,8790,7905,7395,6555,4538,4402,4383,4450,3755,3620,3105,2287,2184,2363,2011,1890,1882,1736,1731,1313,1356,1030,1018,960,1019,796,697,638,582,594,593,403,422,383,353,306,360,251,153,148,120,126,81,58,40,30,27
2020-08-14,32827,15903,11148,10078,9141,8810,7932,7434,6566,4573,4430,4423,4453,3784,3631,3113,2313,2204,2370,2043,1893,1888,1755,1739,1326,1365,1045,1025,970,1021,804,703,644,587,594,593,404,423,385,360,317,361,265,157,150,121,126,81,58,40,30,27
2020-08-15,32833,15910,11218,10268,9345,8826,7937,7451,6586,4669,4430,4492,4453,3824,3636,3128,2343,2260,2381,2080,1896,1896,1766,1705,1345,1378,1069,1038,975,1021,810,711,657,600,597,593,406,423,386,363,329,361,269,160,152,121,127,82,58,40,30,28
2020-08-16,32840,15912,11243,10396,9452,8838,7955,7453,6592,4702,4507,4506,4453,3826,3639,3133,2347,2269,2381,2084,1898,1896,1781,1752,1366,1383,1072,1039,975,1021,810,714,661,599,597,593,406,423,388,363,335,361,269,160,153,125,127,82,58,40,30,28
2020-08-17,32846,15916,11296,10447,9539,8842,7967,7453,6592,4727,4526,4506,4456,3832,3641,3135,2348,2288,2385,2095,1925,1896,1785,1758,1387,1415,1077,1039,987,1023,818,718,665,603,597,593,406,423,388,364,335,362,273,160,153,126,127,82,58,40,30,28
2020-08-18,32857,15925,11504,10678,9758,8848,7994,7474,6608,4794,4554,4529,4456,3866,3650,3165,2396,2343,2396,2127,1936,1899,1808,1767,1424,1425,1102,1039,1002,1024,830,723,679,619,599,593,411,424,397,369,346,369,282,162,154,128,127,84,58,41,30,29
2020-08-19,32865,15926,11690,10934,9932,8876,8017,7508,6618,4849,4609,4634,4457,3907,3661,3180,2431,2360,2410,2163,1944,1900,1822,1784,1452,1434,1134,1060,1010,1027,842,729,699,631,600,595,415,427,408,377,356,371,289,166,155,130,127,84,58,42,34,29
2020-08-20,32861,15932,11810,11174,10049,8888,8044,7520,6634,4904,4637,4684,4458,3929,3669,3191,2465,2401,2427,2190,1974,1903,1837,1791,1488,1442,1172,1067,1016,1028,856,734,709,641,601,595,419,428,412,381,367,373,296,167,157,130,128,89,58,45,34,29
2020-08-21,32864,15941,11946,11418,10168,8901,8066,7537,6634,4998,4687,4688,4460,3955,3674,3208,2494,2459,2436,2214,1996,1910,1850,1799,1549,1445,1185,1068,1029,1030,864,739,715,663,602,600,426,428,414,383,374,376,305,171,159,132,129,89,58,46,37,30
2020-08-22,32871,15943,12131,11581,10274,8921,8083,7555,6655,5092,4687,4756,4460,3975,3685,3218,2521,2493,2443,2237,2011,1918,1857,1807,1563,1451,1197,1081,1033,1030,872,743,725,674,604,600,426,429,417,385,381,376,306,177,160,135,130,90,58,47,37,31
2020-08-23,32883,15946,12153,11699,10325,8921,8089,7557,6659,5132,4746,4771,4460,3978,3691,3220,2531,2504,2467,2240,2013,1918,1863,1813,1567,1453,1197,1081,1037,1030,872,745,726,687,604,600,426,429,417,385,390,378,307,179,161,136,131,90,58,47,37,32
2020-08-24,32887,15946,12235,11749,10397,8949,8097,7557,6663,5156,4764,4771,4460,3986,3694,3225,2535,2511,2471,2248,2024,1919,1867,1817,1588,1453,1200,1081,1047,1035,884,749,730,696,604,604,429,429,420,390,390,383,314,179,161,137,131,91,58,49,37,32
2020-08-25,32918,15953,12382,11935,10580,8961,8126,7582,6684,5262,4797,4792,4463,3996,3707,3241,2570,2529,2494,2315,2037,1926,1876,1825,1628,1470,1230,1094,1059,1039,895,752,744,711,604,603,430,429,428,397,395,383,326,187,161,138,131,97,58,49,37,36
